auth_id, Date, Vendor, Amount, Location 
28816,1/2/2013,Painting Course Fees,-11.09,CA
28816,1/2/2013,Art Auction,-15.75,CA
28816,1/2/2013,Painting Course Fees,-10.1,CA
28816,1/2/2013,Amazon Order - Paint Bushes,-27.1,CA
28816,1/2/2013,Taxi,-25.85,CA
28816,1/3/2013,Food Delivery - GrubHub,-18.66,CA
28816,1/3/2013,Amazon Order - Paint Bushes,-14.55,CA
28816,1/3/2013,Guitar Center,-28.47,CA
28816,1/4/2013,Uber,-37.92,CA
28816,1/4/2013,Ashley's Craft Store,-17.4,CA
28816,1/5/2013,Restaurant - Steakhouse,-36.05,CA
28816,1/6/2013,Art's Art Supplies,-16.93,CA
28816,1/7/2013,Music Lessons - Piano,-8.32,CA
28816,1/8/2013,Lyft,-15.47,CA
28816,1/8/2013,Starbucks Coffee,-18.08,CA
28816,1/9/2013,Public Transportation - Bus Pass,-1.82,CA
28816,1/9/2013,Art's Art Supplies,-51.67,CA
28816,1/9/2013,Art's Art Supplies,-18.77,CA
28816,1/9/2013,Michael's Crafts,-3.02,CA
28816,1/10/2013,Uber,-37.94,CA
28816,1/10/2013,Lyft,-15.23,CA
28816,1/10/2013,Lyft,-36.54,CA
28816,1/11/2013,Sprouts Market,-26.38,CA
28816,1/12/2013,Ashley's Craft Store,-12.23,CA
28816,1/12/2013,Painting Course Fees,-29.97,CA
28816,1/12/2013,Public Transportation - Train Pass,-1.01,CA
28816,1/12/2013,Michael's Crafts,-78.07,CA
28816,1/12/2013,Ashley's Craft Store,-2.62,CA
28816,1/13/2013,Food Delivery - GrubHub,-5.54,CA
28816,1/13/2013,Amazon Order - Paint Canvas,-32.97,CA
28816,1/13/2013,Music Lessons - Piano,-38.98,CA
28816,1/13/2013,Art Auction,-39.14,CA
28816,1/13/2013,Art Auction,-5.68,CA
28816,1/13/2013,Guitar Center,-29.26,CA
28816,1/13/2013,Public Transportation - Train Pass,-18.12,CA
28816,1/13/2013,Starbucks Coffee,-118.58,CA
28816,1/13/2013,Art Auction,-7.17,CA
28816,1/13/2013,Guitar Center,-23.38,CA
28816,1/14/2013,Taxi,-9.41,CA
28816,1/14/2013,Taxi,-21.33,CA
28816,1/14/2013,Amazon Order - Paint Canvas,-48.13,CA
28816,1/14/2013,Art Auction,-33.99,CA
28816,1/14/2013,Starbucks Coffee,-21.72,CA
28816,1/14/2013,Public Transportation - Train Pass,-37.86,CA
28816,1/14/2013,Amazon Order - Paint Canvas,-84.3,CA
28816,1/14/2013,Amazon Order - Paint Canvas,-98.48,CA
28816,1/14/2013,Painting Course Fees,-22.52,CA
28816,1/14/2013,Lyft,-30.34,CA
28816,1/15/2013,Art's Art Supplies,-11.48,CA
28816,1/15/2013,Sprouts Market,-25.81,CA
28816,1/15/2013,Amazon Order - Paint Bushes,-11.18,CA
28816,1/15/2013,Michael's Crafts,-117.83,CA
28816,1/15/2013,Starbucks Coffee,-47.36,CA
28816,1/15/2013,Whole Foods,-19.38,CA
28816,1/16/2013,Art's Art Supplies,-25.61,CA
28816,1/16/2013,Amazon Order - Paint Canvas,-9.55,CA
28816,1/16/2013,Amazon Order - Paint Canvas,-114.68,CA
28816,1/16/2013,Public Transportation - Train Pass,-45.68,CA
28816,1/17/2013,Sprouts Market,-77.12,CA
28816,1/17/2013,Art's Art Supplies,-30.06,CA
28816,1/18/2013,Music Lessons - Piano,-25.91,CA
28816,1/19/2013,Restaurant - Chinese,-23.12,CA
28816,1/19/2013,Amazon Order - Paint Canvas,-91.34,CA
28816,1/19/2013,Amazon Order - Paint Bushes,-22,CA
28816,1/20/2013,Amazon Order - Paint Canvas,-90.23,CA
28816,1/20/2013,Restaurant - Chinese,-17.83,CA
28816,1/21/2013,Painting Course Fees,-9.22,CA
28816,1/21/2013,Art Auction,-4.45,CA
28816,1/21/2013,Public Transportation - Train Pass,-14.14,CA
28816,1/22/2013,Painting Course Fees,-15.3,CA
28816,1/22/2013,Art's Art Supplies,-7.88,CA
28816,1/22/2013,Restaurant - Pizza,-6.91,CA
28816,1/22/2013,Art Auction,-5.55,CA
28816,1/22/2013,Michael's Crafts,-32.65,CA
28816,1/23/2013,Ashley's Craft Store,-22.16,CA
28816,1/24/2013,Music Lessons - Piano,-68.63,CA
28816,1/25/2013,Restaurant - Burgers,-26.78,CA
28816,1/26/2013,Amazon Order - Paint Canvas,-39.32,CA
28816,1/27/2013,Taxi,-2.35,CA
28816,1/27/2013,Food Delivery - GrubHub,-25.49,CA
28816,1/27/2013,Public Transportation - Train Pass,-2.92,CA
28816,1/27/2013,Public Transportation - Bus Pass,-17.32,CA
28816,1/28/2013,Public Transportation - Train Pass,-26.46,CA
28816,1/28/2013,Food Delivery - GrubHub,-93.66,CA
28816,1/28/2013,Amazon Order - Paint Canvas,-18.05,CA
28816,1/28/2013,Michael's Crafts,-24.59,CA
28816,1/28/2013,Art's Art Supplies,-119.34,CA
28816,1/28/2013,Ralph's Grocery Store,-60.25,CA
28816,1/28/2013,Art's Art Supplies,-35.12,CA
28816,1/28/2013,Michael's Crafts,-24.23,CA
28816,1/28/2013,Public Transportation - Train Pass,-24.23,CA
28816,1/29/2013,Art's Art Supplies,-8.76,CA
28816,1/29/2013,Restaurant - Burgers,-8.36,CA
28816,1/29/2013,Art Auction,-10.77,CA
28816,1/29/2013,Michael's Crafts,-30.22,CA
28816,1/29/2013,Art's Art Supplies,-33.21,CA
28816,1/29/2013,Sprouts Market,-36.54,CA
28816,1/30/2013,Amazon Order - Paint Bushes,-39.18,CA
28816,1/30/2013,Music Lessons - Piano,-89.46,CA
28816,3/2/2013,Paycheck,2088,CA
28816,3/2/2013,Housing Rent,-787,CA
28816,3/2/2013,Netflix Subscription,-4.99,CA
28816,3/2/2013,Navient - Student Loans,-197,CA
28816,3/2/2013,Time Warner Cable,-25,CA
28816,3/2/2013,Credit Card Payment,-154,CA
28816,3/2/2013,Gas & Electric,-32,CA
28816,3/2/2013,Public Transportation - Bus Pass,-8.57,CA
28816,3/2/2013,Starbucks Coffee,-5.86,CA
28816,3/2/2013,Amazon Order - Paint Bushes,-39.41,CA
28816,3/2/2013,Sprouts Market,-1.2,CA
28816,3/2/2013,Public Transportation - Train Pass,-21.38,CA
28816,3/3/2013,Guitar Center,-90.99,CA
28816,3/3/2013,Music Lessons - Piano,-54.42,CA
28816,3/4/2013,Lyft,-5.2,CA
28816,3/4/2013,Art Auction,-16.05,CA
28816,3/4/2013,Amazon Order - Paint Canvas,-2.47,CA
28816,3/4/2013,Restaurant - Pizza,-51.42,CA
28816,3/4/2013,Amazon Order - Paint Canvas,-8.46,CA
28816,3/4/2013,Amazon Order - Paint Bushes,-37.33,CA
28816,3/5/2013,Amazon Order - Paint Canvas,-9.42,CA
28816,3/5/2013,Michael's Crafts,-8.02,CA
28816,3/5/2013,Painting Course Fees,-2.04,CA
28816,3/5/2013,Amazon Order - Paint Canvas,-73.73,CA
28816,3/5/2013,Taxi,-21.97,CA
28816,3/5/2013,Public Transportation - Bus Pass,-77.36,CA
28816,3/5/2013,Restaurant - Chinese,-6.03,CA
28816,3/5/2013,Music Lessons - Piano,-37.49,CA
28816,3/5/2013,Art's Art Supplies,-14.91,CA
28816,3/5/2013,Public Transportation - Bus Pass,-27.5,CA
28816,3/5/2013,Lyft,-14.23,CA
28816,3/6/2013,Restaurant - Burgers,-2.34,CA
28816,3/7/2013,Art's Art Supplies,-23.49,CA
28816,3/7/2013,Guitar Center,-22.04,CA
28816,3/8/2013,Art Auction,-15.29,CA
28816,3/8/2013,Art Auction,-29.27,CA
28816,3/8/2013,Art's Art Supplies,-21.98,CA
28816,3/8/2013,Painting Course Fees,-21.46,CA
28816,3/8/2013,Uber,-9.82,CA
28816,3/9/2013,Food Delivery - GrubHub,-36.37,CA
28816,3/10/2013,Food Delivery - GrubHub,-3.97,CA
28816,3/10/2013,Public Transportation - Train Pass,-6.02,CA
28816,3/10/2013,Amazon Order - Paint Canvas,-31.36,CA
28816,3/10/2013,Ashley's Craft Store,-4.92,CA
28816,3/11/2013,Painting Course Fees,-28.26,CA
28816,3/11/2013,Art Auction,-39.09,CA
28816,3/11/2013,Guitar Center,-35.48,CA
28816,3/11/2013,Ashley's Craft Store,-32.12,CA
28816,3/12/2013,Amazon Order - Paint Bushes,-14.93,CA
28816,3/12/2013,Whole Foods,-16.96,CA
28816,3/12/2013,Guitar Center,-113.04,CA
28816,3/13/2013,Art's Art Supplies,-33.94,CA
28816,3/13/2013,Public Transportation - Train Pass,-17.9,CA
28816,3/14/2013,Restaurant - Chinese,-14.75,CA
28816,3/14/2013,Amazon Order - Paint Bushes,-31.29,CA
28816,3/15/2013,Painting Course Fees,-30.66,CA
28816,3/16/2013,Michael's Crafts,-20.19,CA
28816,3/16/2013,Music Lessons - Piano,-17.73,CA
28816,3/16/2013,Amazon Order - Paint Bushes,-7.02,CA
28816,3/16/2013,Uber,-2.05,CA
28816,3/16/2013,Painting Course Fees,-1.45,CA
28816,3/16/2013,Guitar Center,-117.15,CA
28816,3/16/2013,Amazon Order - Paint Canvas,-19.89,CA
28816,3/16/2013,Restaurant - Pizza,-24.85,CA
28816,3/17/2013,Lyft,-5.47,CA
28816,3/17/2013,Art Auction,-96.54,CA
28816,3/17/2013,Restaurant - Steakhouse,-18.02,CA
28816,3/17/2013,Amazon Order - Paint Canvas,-19.29,CA
28816,3/18/2013,Painting Course Fees,-39.23,CA
28816,3/18/2013,Amazon Order - Paint Canvas,-50.72,CA
28816,3/18/2013,Art's Art Supplies,-9.23,CA
28816,3/19/2013,Painting Course Fees,-95.88,CA
28816,3/20/2013,Food Delivery - GrubHub,-9.3,CA
28816,3/21/2013,Ashley's Craft Store,-99.23,CA
28816,3/21/2013,Taxi,-3.2,CA
28816,3/21/2013,Starbucks Coffee,-23.73,CA
28816,3/21/2013,Guitar Center,-71.15,CA
28816,3/21/2013,Restaurant - Burgers,-4.66,CA
28816,3/21/2013,Music Lessons - Piano,-35.38,CA
28816,3/21/2013,Music Lessons - Piano,-94.9,CA
28816,3/21/2013,Uber,-47.66,CA
28816,3/21/2013,Michael's Crafts,-9.67,CA
28816,3/21/2013,Art's Art Supplies,-26.58,CA
28816,3/22/2013,Amazon Order - Paint Bushes,-12.09,CA
28816,3/22/2013,Guitar Center,-13.4,CA
28816,3/22/2013,Restaurant - Chinese,-70.74,CA
28816,3/22/2013,Ashley's Craft Store,-66.42,CA
28816,3/22/2013,Taxi,-103.28,CA
28816,3/23/2013,Art's Art Supplies,-2.1,CA
28816,3/23/2013,Amazon Order - Paint Canvas,-51.92,CA
28816,3/24/2013,Guitar Center,-27.33,CA
28816,3/25/2013,Sprouts Market,-1.43,CA
28816,3/25/2013,Art Auction,-83.73,CA
28816,3/25/2013,Painting Course Fees,-18.41,CA
28816,3/25/2013,Michael's Crafts,-12.55,CA
28816,3/25/2013,Restaurant - Burgers,-4.05,CA
28816,3/25/2013,Public Transportation - Train Pass,-44.45,CA
28816,3/25/2013,Sprouts Market,-4.29,CA
28816,3/25/2013,Michael's Crafts,-96.76,CA
28816,3/26/2013,Amazon Order - Paint Canvas,-2.21,CA
28816,3/27/2013,Taxi,-3.01,CA
28816,3/27/2013,Amazon Order - Paint Bushes,-28.89,CA
28816,3/28/2013,Art Auction,-23.34,CA
28816,3/28/2013,Sprouts Market,-16.87,CA
28816,3/28/2013,Music Lessons - Piano,-34.97,CA
28816,3/28/2013,Ashley's Craft Store,-37.64,CA
28816,3/29/2013,Music Lessons - Piano,-38.1,CA
28816,3/29/2013,Art Auction,-98.55,CA
28816,3/29/2013,Michael's Crafts,-5.94,CA
28816,3/29/2013,Ashley's Craft Store,-13.99,CA
28816,3/29/2013,Restaurant - Burgers,-4.65,CA
28816,3/30/2013,Art's Art Supplies,-25.2,CA
28816,4/2/2013,Paycheck,2088,CA
28816,4/2/2013,Housing Rent,-878,CA
28816,4/2/2013,Netflix Subscription,-4.99,CA
28816,4/2/2013,Navient - Student Loans,-197,CA
28816,4/2/2013,Time Warner Cable,-25,CA
28816,4/2/2013,Credit Card Payment,-154,CA
28816,4/2/2013,Gas & Electric,-32,CA
28816,4/2/2013,Restaurant - Chinese,-24.03,CA
28816,4/3/2013,Painting Course Fees,-38.01,CA
28816,4/4/2013,Ashley's Craft Store,-86.15,CA
28816,4/4/2013,Whole Foods,-7.86,CA
28816,4/5/2013,Lyft,-34.35,CA
28816,4/6/2013,Art Auction,-15.47,CA
28816,4/6/2013,Guitar Center,-81.38,CA
28816,4/6/2013,Michael's Crafts,-27.66,CA
28816,4/6/2013,Starbucks Coffee,-37.13,CA
28816,4/7/2013,Public Transportation - Train Pass,-26.92,CA
28816,4/7/2013,Taxi,-23.49,CA
28816,4/7/2013,Guitar Center,-3.62,CA
28816,4/8/2013,Art's Art Supplies,-9.74,CA
28816,4/8/2013,Taxi,-14.47,CA
28816,4/9/2013,Restaurant - Steakhouse,-53.72,CA
28816,4/9/2013,Painting Course Fees,-21.98,CA
28816,4/9/2013,Michael's Crafts,-28.25,CA
28816,4/9/2013,Food Delivery - GrubHub,-37.51,CA
28816,4/9/2013,Uber,-1.69,CA
28816,4/9/2013,Taxi,-0.16,CA
28816,4/9/2013,Art's Art Supplies,-23.99,CA
28816,4/9/2013,Art's Art Supplies,-91.53,CA
28816,4/9/2013,Starbucks Coffee,-0.86,CA
28816,4/10/2013,Restaurant - Steakhouse,-38.06,CA
28816,4/10/2013,Sprouts Market,-21.29,CA
28816,4/11/2013,Taxi,-82.16,CA
28816,4/11/2013,Sprouts Market,-31.76,CA
28816,4/12/2013,Amazon Order - Paint Bushes,-61.17,CA
28816,4/13/2013,Guitar Center,-29.63,CA
28816,4/13/2013,Art's Art Supplies,-34.58,CA
28816,4/13/2013,Public Transportation - Bus Pass,-19.54,CA
28816,4/14/2013,Ralph's Grocery Store,-25.77,CA
28816,4/15/2013,Art Auction,-37.88,CA
28816,4/15/2013,Taxi,-12.06,CA
28816,4/15/2013,Music Lessons - Piano,-8.14,CA
28816,4/15/2013,Restaurant - Steakhouse,-110.9,CA
28816,4/15/2013,Von's Groceries,-2.94,CA
28816,4/15/2013,Michael's Crafts,-52.61,CA
28816,4/15/2013,Music Lessons - Piano,-6.2,CA
28816,4/15/2013,Amazon Order - Paint Canvas,-28.94,CA
28816,4/15/2013,Music Lessons - Piano,-35.02,CA
28816,4/15/2013,Ashley's Craft Store,-22.01,CA
28816,4/15/2013,Uber,-35,CA
28816,4/15/2013,Painting Course Fees,-31.66,CA
28816,4/15/2013,Ashley's Craft Store,-109.88,CA
28816,4/16/2013,Food Delivery - GrubHub,-13.47,CA
28816,4/17/2013,Art's Art Supplies,-75.14,CA
28816,4/18/2013,Restaurant - Chinese,-24.73,CA
28816,4/18/2013,Amazon Order - Paint Canvas,-27.72,CA
28816,4/18/2013,Guitar Center,-26.68,CA
28816,4/19/2013,Restaurant - Steakhouse,-15.23,CA
28816,4/19/2013,Ashley's Craft Store,-88.94,CA
28816,4/19/2013,Whole Foods,-27.66,CA
28816,4/19/2013,Amazon Order - Paint Canvas,-36.92,CA
28816,4/19/2013,Public Transportation - Train Pass,-0.06,CA
28816,4/20/2013,Restaurant - Chinese,-12.16,CA
28816,4/21/2013,Taxi,-15.58,CA
28816,4/21/2013,Michael's Crafts,-59.7,CA
28816,4/22/2013,Ashley's Craft Store,-6.45,CA
28816,4/22/2013,Uber,-34.27,CA
28816,4/23/2013,Amazon Order - Paint Canvas,-33.25,CA
28816,4/23/2013,Painting Course Fees,-14.45,CA
28816,4/24/2013,Public Transportation - Train Pass,-29.24,CA
28816,4/24/2013,Michael's Crafts,-97.46,CA
28816,4/24/2013,Music Lessons - Piano,-35.72,CA
28816,4/24/2013,Lyft,-0.89,CA
28816,4/25/2013,Art Auction,-6.72,CA
28816,4/25/2013,Music Lessons - Piano,-7.26,CA
28816,4/25/2013,Art Auction,-27.69,CA
28816,4/26/2013,Uber,-49.54,CA
28816,4/26/2013,Michael's Crafts,-15.24,CA
28816,4/26/2013,Amazon Order - Paint Bushes,-1.36,CA
28816,4/26/2013,Restaurant - Pizza,-35.23,CA
28816,4/27/2013,Michael's Crafts,-23.49,CA
28816,4/28/2013,Michael's Crafts,-14.24,CA
28816,4/28/2013,Whole Foods,-5.94,CA
28816,4/28/2013,Lyft,-33.36,CA
28816,4/29/2013,Art's Art Supplies,-12.93,CA
28816,4/30/2013,Public Transportation - Bus Pass,-16.8,CA
28816,4/30/2013,Lyft,-25.18,CA
28816,4/30/2013,Lyft,-32.77,CA
28816,5/2/2013,Paycheck,2088,CA
28816,5/2/2013,Housing Rent,-835,CA
28816,5/2/2013,Netflix Subscription,-4.99,CA
28816,5/2/2013,Navient - Student Loans,-197,CA
28816,5/2/2013,Time Warner Cable,-25,CA
28816,5/2/2013,Credit Card Payment,-154,CA
28816,5/2/2013,Gas & Electric,-32,CA
28816,5/2/2013,Guitar Center,-116.39,CA
28816,5/2/2013,Whole Foods,-117.47,CA
28816,5/2/2013,Lyft,-87.39,CA
28816,5/3/2013,Sprouts Market,-33.47,CA
28816,5/4/2013,Lyft,-72.6,CA
28816,5/5/2013,Michael's Crafts,-32.92,CA
28816,5/6/2013,Whole Foods,-102.41,CA
28816,5/6/2013,Art Auction,-32.35,CA
28816,5/6/2013,Whole Foods,-6.06,CA
28816,5/6/2013,Restaurant - Steakhouse,-97.33,CA
28816,5/6/2013,Ashley's Craft Store,-30.84,CA
28816,5/6/2013,Michael's Crafts,-9.53,CA
28816,5/7/2013,Ashley's Craft Store,-21.69,CA
28816,5/8/2013,Restaurant - Burgers,-10.51,CA
28816,5/8/2013,Michael's Crafts,-1.2,CA
28816,5/9/2013,Guitar Center,-115.33,CA
28816,5/9/2013,Amazon Order - Paint Bushes,-88.88,CA
28816,5/9/2013,Public Transportation - Train Pass,-81.12,CA
28816,5/9/2013,Amazon Order - Paint Canvas,-21.43,CA
28816,5/9/2013,Ashley's Craft Store,-26.91,CA
28816,5/9/2013,Guitar Center,-31.69,CA
28816,5/9/2013,Restaurant - Chinese,-21.89,CA
28816,5/10/2013,Art Auction,-41.98,CA
28816,5/11/2013,Amazon Order - Paint Canvas,-8.97,CA
28816,5/11/2013,Art's Art Supplies,-7.9,CA
28816,5/12/2013,Amazon Order - Paint Bushes,-26.78,CA
28816,5/12/2013,Restaurant - Pizza,-15,CA
28816,5/12/2013,Michael's Crafts,-27.16,CA
28816,5/13/2013,Restaurant - Pizza,-27.8,CA
28816,5/14/2013,Restaurant - Burgers,-10.93,CA
28816,5/14/2013,Michael's Crafts,-8.07,CA
28816,5/15/2013,Michael's Crafts,-27.12,CA
28816,5/16/2013,Restaurant - Burgers,-12.04,CA
28816,5/16/2013,Art Auction,-21.91,CA
28816,5/16/2013,Michael's Crafts,-28.32,CA
28816,5/17/2013,Painting Course Fees,-67.52,CA
28816,5/18/2013,Art Auction,-20.23,CA
28816,5/19/2013,Guitar Center,-24.73,CA
28816,5/19/2013,Ashley's Craft Store,-32.96,CA
28816,5/19/2013,Amazon Order - Paint Bushes,-22.8,CA
28816,5/19/2013,Sprouts Market,-4.69,CA
28816,5/20/2013,Uber,-7.68,CA
28816,5/20/2013,Art's Art Supplies,-23.68,CA
28816,5/20/2013,Amazon Order - Paint Canvas,-22.13,CA
28816,5/21/2013,Restaurant - Chinese,-55.99,CA
28816,5/21/2013,Public Transportation - Bus Pass,-12.42,CA
28816,5/21/2013,Restaurant - Chinese,-2.26,CA
28816,5/22/2013,Michael's Crafts,-35.56,CA
28816,5/23/2013,Art's Art Supplies,-27.53,CA
28816,5/24/2013,Music Lessons - Piano,-7.7,CA
28816,5/24/2013,Art Auction,-15.21,CA
28816,5/24/2013,Michael's Crafts,-29.57,CA
28816,5/24/2013,Music Lessons - Piano,-31.76,CA
28816,5/24/2013,Taxi,-13,CA
28816,5/25/2013,Painting Course Fees,-32.47,CA
28816,5/25/2013,Public Transportation - Bus Pass,-38.45,CA
28816,5/25/2013,Restaurant - Chinese,-59.01,CA
28816,5/25/2013,Music Lessons - Piano,-24.49,CA
28816,5/25/2013,Art's Art Supplies,-9.97,CA
28816,5/25/2013,Public Transportation - Train Pass,-24.22,CA
28816,5/25/2013,Amazon Order - Paint Canvas,-35.48,CA
28816,5/26/2013,Amazon Order - Paint Canvas,-15.14,CA
28816,5/26/2013,Music Lessons - Piano,-25.34,CA
28816,5/27/2013,Public Transportation - Bus Pass,-24.67,CA
28816,5/28/2013,Art Auction,-8.96,CA
28816,5/28/2013,Uber,-6.67,CA
28816,5/28/2013,Art's Art Supplies,-32.7,CA
28816,5/28/2013,Restaurant - Pizza,-21.88,CA
28816,5/29/2013,Restaurant - Burgers,-95.6,CA
28816,5/29/2013,Art's Art Supplies,-26.59,CA
28816,5/30/2013,Restaurant - Pizza,-2.88,CA
28816,5/30/2013,Sprouts Market,-5.98,CA
28816,6/2/2013,Paycheck,2088,CA
28816,6/2/2013,Housing Rent,-1380,CA
28816,6/2/2013,Netflix Subscription,-4.99,CA
28816,6/2/2013,Navient - Student Loans,-197,CA
28816,6/2/2013,Time Warner Cable,-25,CA
28816,6/2/2013,Credit Card Payment,-154,CA
28816,6/2/2013,Gas & Electric,-32,CA
28816,6/2/2013,Taxi,-90.84,CA
28816,6/2/2013,Painting Course Fees,-8.65,CA
28816,6/3/2013,Amazon Order - Paint Bushes,-31.25,CA
28816,6/3/2013,Restaurant - Pizza,-18.54,CA
28816,6/3/2013,Painting Course Fees,-100.86,CA
28816,6/3/2013,Amazon Order - Paint Bushes,-45.02,CA
28816,6/3/2013,Ralph's Grocery Store,-97.13,CA
28816,6/3/2013,Starbucks Coffee,-26.57,CA
28816,6/3/2013,Art's Art Supplies,-20.36,CA
28816,6/3/2013,Painting Course Fees,-13.95,CA
28816,6/4/2013,Guitar Center,-4.21,CA
28816,6/5/2013,Art's Art Supplies,-10.31,CA
28816,6/5/2013,Guitar Center,-11.48,CA
28816,6/5/2013,Sprouts Market,-37.26,CA
28816,6/6/2013,Restaurant - Burgers,-24.2,CA
28816,6/6/2013,Uber,-23.58,CA
28816,6/7/2013,Public Transportation - Train Pass,-58.68,CA
28816,6/7/2013,Amazon Order - Paint Bushes,-33.47,CA
28816,6/7/2013,Restaurant - Pizza,-23.09,CA
28816,6/7/2013,Lyft,-25.71,CA
28816,6/8/2013,Art's Art Supplies,-38.92,CA
28816,6/8/2013,Painting Course Fees,-36,CA
28816,6/8/2013,Ralph's Grocery Store,-21.8,CA
28816,6/8/2013,Art's Art Supplies,-25.81,CA
28816,6/9/2013,Ashley's Craft Store,-5.75,CA
28816,6/9/2013,Art Auction,-75.17,CA
28816,6/10/2013,Amazon Order - Paint Bushes,-22.72,CA
28816,6/11/2013,Sprouts Market,-33.21,CA
28816,6/11/2013,Whole Foods,-37.06,CA
28816,6/11/2013,Restaurant - Chinese,-113.04,CA
28816,6/12/2013,Guitar Center,-23.69,CA
28816,6/12/2013,Ralph's Grocery Store,-47,CA
28816,6/12/2013,Music Lessons - Piano,-9.23,CA
28816,6/13/2013,Amazon Order - Paint Canvas,-116.7,CA
28816,6/14/2013,Amazon Order - Paint Canvas,-32.6,CA
28816,6/15/2013,Restaurant - Burgers,-30.43,CA
28816,6/16/2013,Taxi,-4.59,CA
28816,6/17/2013,Lyft,-82.56,CA
28816,6/17/2013,Music Lessons - Piano,-32.4,CA
28816,6/17/2013,Michael's Crafts,-2.45,CA
28816,6/17/2013,Art's Art Supplies,-24.92,CA
28816,6/18/2013,Michael's Crafts,-28.82,CA
28816,6/19/2013,Lyft,-2.61,CA
28816,6/20/2013,Art Auction,-6.11,CA
28816,6/21/2013,Music Lessons - Piano,-28.69,CA
28816,6/21/2013,Lyft,-35.71,CA
28816,6/21/2013,Art's Art Supplies,-18.79,CA
28816,6/22/2013,Amazon Order - Paint Canvas,-5.18,CA
28816,6/22/2013,Michael's Crafts,-27.46,CA
28816,6/23/2013,Food Delivery - GrubHub,-1.44,CA
28816,6/23/2013,Restaurant - Burgers,-9.04,CA
28816,6/23/2013,Amazon Order - Paint Canvas,-21.39,CA
28816,6/23/2013,Amazon Order - Paint Canvas,-39.67,CA
28816,6/23/2013,Ashley's Craft Store,-19.43,CA
28816,6/23/2013,Public Transportation - Train Pass,-28.54,CA
28816,6/24/2013,Restaurant - Steakhouse,-9.07,CA
28816,6/25/2013,Art's Art Supplies,-26.55,CA
28816,6/25/2013,Michael's Crafts,-14.02,CA
28816,6/25/2013,Restaurant - Pizza,-9.89,CA
28816,6/25/2013,Restaurant - Chinese,-68.95,CA
28816,6/25/2013,Michael's Crafts,-20.8,CA
28816,6/25/2013,Ashley's Craft Store,-72.84,CA
28816,6/26/2013,Restaurant - Burgers,-24.99,CA
28816,6/27/2013,Uber,-26.7,CA
28816,6/27/2013,Public Transportation - Train Pass,-6.04,CA
28816,6/28/2013,Taxi,-95.08,CA
28816,6/28/2013,Public Transportation - Train Pass,-3.2,CA
28816,6/28/2013,Ashley's Craft Store,-19.74,CA
28816,6/28/2013,Public Transportation - Bus Pass,-32.75,CA
28816,6/28/2013,Amazon Order - Paint Canvas,-38.63,CA
28816,6/29/2013,Guitar Center,-26.66,CA
28816,6/29/2013,Public Transportation - Bus Pass,-9.68,CA
28816,6/30/2013,Ashley's Craft Store,-39.84,CA
28816,6/30/2013,Music Lessons - Piano,-19.67,CA
28816,7/2/2013,Paycheck,2088,CA
28816,7/2/2013,Housing Rent,-1209,CA
28816,7/2/2013,Netflix Subscription,-4.99,CA
28816,7/2/2013,Navient - Student Loans,-197,CA
28816,7/2/2013,Time Warner Cable,-25,CA
28816,7/2/2013,Credit Card Payment,-154,CA
28816,7/2/2013,Gas & Electric,-32,CA
28816,7/2/2013,Amazon Order - Paint Bushes,-9.54,CA
28816,7/2/2013,Guitar Center,-7.27,CA
28816,7/3/2013,Lyft,-20.06,CA
28816,7/4/2013,Amazon Order - Paint Bushes,-44.55,CA
28816,7/5/2013,Taxi,-11.54,CA
28816,7/5/2013,Guitar Center,-38.86,CA
28816,7/6/2013,Amazon Order - Paint Bushes,-15.41,CA
28816,7/6/2013,Ashley's Craft Store,-16.56,CA
28816,7/6/2013,Public Transportation - Train Pass,-7.28,CA
28816,7/6/2013,Whole Foods,-37.8,CA
28816,7/6/2013,Amazon Order - Paint Canvas,-1.3,CA
28816,7/6/2013,Ashley's Craft Store,-109.44,CA
28816,7/6/2013,Guitar Center,-49.68,CA
28816,7/6/2013,Amazon Order - Paint Bushes,-39.27,CA
28816,7/7/2013,Ashley's Craft Store,-27.45,CA
28816,7/8/2013,Art's Art Supplies,-69.68,CA
28816,7/8/2013,Ashley's Craft Store,-28.95,CA
28816,7/9/2013,Ashley's Craft Store,-21.23,CA
28816,7/10/2013,Painting Course Fees,-100.76,CA
28816,7/10/2013,Lyft,-1.98,CA
28816,7/10/2013,Art's Art Supplies,-85.73,CA
28816,7/11/2013,Starbucks Coffee,-27.19,CA
28816,7/11/2013,Amazon Order - Paint Canvas,-35.54,CA
28816,7/11/2013,Art's Art Supplies,-36.8,CA
28816,7/11/2013,Painting Course Fees,-99.43,CA
28816,7/11/2013,Restaurant - Burgers,-3.35,CA
28816,7/11/2013,Amazon Order - Paint Bushes,-12.2,CA
28816,7/12/2013,Lyft,-9.98,CA
28816,7/12/2013,Music Lessons - Piano,-54.15,CA
28816,7/13/2013,Public Transportation - Bus Pass,-19.87,CA
28816,7/14/2013,Guitar Center,-12.92,CA
28816,7/14/2013,Ashley's Craft Store,-61.04,CA
28816,7/15/2013,Restaurant - Chinese,-56.43,CA
28816,7/16/2013,Ashley's Craft Store,-2.74,CA
28816,7/16/2013,Ashley's Craft Store,-17.39,CA
28816,7/16/2013,Painting Course Fees,-52.49,CA
28816,7/17/2013,Art Auction,-14.51,CA
28816,7/17/2013,Guitar Center,-8.48,CA
28816,7/18/2013,Starbucks Coffee,-5.52,CA
28816,7/18/2013,Amazon Order - Paint Canvas,-10.25,CA
28816,7/18/2013,Art's Art Supplies,-12.7,CA
28816,7/18/2013,Painting Course Fees,-35.51,CA
28816,7/19/2013,Public Transportation - Bus Pass,-6.52,CA
28816,7/19/2013,Michael's Crafts,-35.2,CA
28816,7/20/2013,Guitar Center,-25.97,CA
28816,7/20/2013,Painting Course Fees,-7.73,CA
28816,7/20/2013,Ashley's Craft Store,-6.95,CA
28816,7/20/2013,Art Auction,-19.72,CA
28816,7/20/2013,Ralph's Grocery Store,-24.07,CA
28816,7/20/2013,Uber,-34.71,CA
28816,7/20/2013,Von's Groceries,-88.98,CA
28816,7/20/2013,Art's Art Supplies,-11.6,CA
28816,7/21/2013,Ashley's Craft Store,-105.24,CA
28816,7/21/2013,Painting Course Fees,-47.87,CA
28816,7/21/2013,Painting Course Fees,-111.89,CA
28816,7/21/2013,Music Lessons - Piano,-105.8,CA
28816,7/21/2013,Amazon Order - Paint Bushes,-30.51,CA
28816,7/22/2013,Sprouts Market,-21.4,CA
28816,7/22/2013,Guitar Center,-63.9,CA
28816,7/22/2013,Painting Course Fees,-35.37,CA
28816,7/22/2013,Art's Art Supplies,-30.38,CA
28816,7/23/2013,Von's Groceries,-21.51,CA
28816,7/24/2013,Ashley's Craft Store,-18.53,CA
28816,7/25/2013,Amazon Order - Paint Bushes,-3.18,CA
28816,7/26/2013,Uber,-3.89,CA
28816,7/26/2013,Restaurant - Burgers,-4.35,CA
28816,7/26/2013,Uber,-56.6,CA
28816,7/26/2013,Lyft,-53.98,CA
28816,7/26/2013,Ralph's Grocery Store,-29.9,CA
28816,7/26/2013,Music Lessons - Piano,-2.68,CA
28816,7/26/2013,Painting Course Fees,-39.78,CA
28816,7/26/2013,Painting Course Fees,-104.17,CA
28816,7/27/2013,Music Lessons - Piano,-38.03,CA
28816,7/28/2013,Ashley's Craft Store,-54.49,CA
28816,7/29/2013,Sprouts Market,-21.9,CA
28816,7/29/2013,Restaurant - Steakhouse,-10.82,CA
28816,7/29/2013,Amazon Order - Paint Canvas,-3.75,CA
28816,7/29/2013,Painting Course Fees,-97.87,CA
28816,7/29/2013,Restaurant - Steakhouse,-34.58,CA
28816,7/29/2013,Public Transportation - Bus Pass,-21.95,CA
28816,7/29/2013,Michael's Crafts,-10.16,CA
28816,7/29/2013,Food Delivery - GrubHub,-6.1,CA
28816,7/29/2013,Sprouts Market,-9.63,CA
28816,7/29/2013,Restaurant - Chinese,-4.16,CA
28816,7/29/2013,Painting Course Fees,-11.3,CA
28816,7/30/2013,Amazon Order - Paint Canvas,-30.12,CA
28816,7/30/2013,Starbucks Coffee,-19.46,CA
28816,7/30/2013,Ashley's Craft Store,-9.6,CA
28816,7/30/2013,Amazon Order - Paint Bushes,-30.94,CA
28816,7/30/2013,Michael's Crafts,-3.81,CA
28816,8/2/2013,Paycheck,2088,CA
28816,8/2/2013,Housing Rent,-1250,CA
28816,8/2/2013,Netflix Subscription,-4.99,CA
28816,8/2/2013,Navient - Student Loans,-197,CA
28816,8/2/2013,Time Warner Cable,-25,CA
28816,8/2/2013,Credit Card Payment,-154,CA
28816,8/2/2013,Gas & Electric,-32,CA
28816,8/2/2013,Amazon Order - Paint Canvas,-63.96,CA
28816,8/2/2013,Ashley's Craft Store,-37.85,CA
28816,8/2/2013,Art's Art Supplies,-14.46,CA
28816,8/2/2013,Painting Course Fees,-31.27,CA
28816,8/2/2013,Uber,-36.97,CA
28816,8/3/2013,Lyft,-36.18,CA
28816,8/4/2013,Starbucks Coffee,-32.93,CA
28816,8/4/2013,Michael's Crafts,-18.69,CA
28816,8/4/2013,Michael's Crafts,-14,CA
28816,8/4/2013,Amazon Order - Paint Bushes,-2.81,CA
28816,8/4/2013,Ashley's Craft Store,-47.95,CA
28816,8/4/2013,Painting Course Fees,-23.64,CA
28816,8/4/2013,Taxi,-42.17,CA
28816,8/4/2013,Starbucks Coffee,-10.69,CA
28816,8/5/2013,Amazon Order - Paint Bushes,-95.26,CA
28816,8/5/2013,Taxi,-33.67,CA
28816,8/5/2013,Ashley's Craft Store,-14.07,CA
28816,8/5/2013,Uber,-7.85,CA
28816,8/5/2013,Public Transportation - Train Pass,-35.7,CA
28816,8/6/2013,Ashley's Craft Store,-50.68,CA
28816,8/7/2013,Public Transportation - Bus Pass,-48.09,CA
28816,8/7/2013,Restaurant - Burgers,-34.01,CA
28816,8/7/2013,Michael's Crafts,-21.01,CA
28816,8/8/2013,Guitar Center,-13.64,CA
28816,8/9/2013,Amazon Order - Paint Bushes,-21.84,CA
28816,8/10/2013,Music Lessons - Piano,-18.94,CA
28816,8/10/2013,Amazon Order - Paint Bushes,-26.49,CA
28816,8/11/2013,Von's Groceries,-20.83,CA
28816,8/11/2013,Music Lessons - Piano,-0.09,CA
28816,8/11/2013,Music Lessons - Piano,-2.05,CA
28816,8/11/2013,Amazon Order - Paint Bushes,-10.69,CA
28816,8/12/2013,Art Auction,-39.24,CA
28816,8/13/2013,Michael's Crafts,-31.66,CA
28816,8/13/2013,Amazon Order - Paint Bushes,-12.18,CA
28816,8/13/2013,Ashley's Craft Store,-31.24,CA
28816,8/13/2013,Uber,-7.38,CA
28816,8/14/2013,Art's Art Supplies,-9.38,CA
28816,8/14/2013,Uber,-6.68,CA
28816,8/14/2013,Lyft,-15.36,CA
28816,8/14/2013,Guitar Center,-16.51,CA
28816,8/14/2013,Michael's Crafts,-9.5,CA
28816,8/15/2013,Art's Art Supplies,-37.22,CA
28816,8/15/2013,Restaurant - Chinese,-14.44,CA
28816,8/15/2013,Michael's Crafts,-0.27,CA
28816,8/15/2013,Amazon Order - Paint Bushes,-51.19,CA
28816,8/15/2013,Guitar Center,-5.08,CA
28816,8/15/2013,Guitar Center,-12.14,CA
28816,8/15/2013,Ralph's Grocery Store,-7.86,CA
28816,8/15/2013,Restaurant - Burgers,-36.84,CA
28816,8/15/2013,Art Auction,-14.75,CA
28816,8/15/2013,Public Transportation - Bus Pass,-43.56,CA
28816,8/15/2013,Public Transportation - Train Pass,-22.69,CA
28816,8/16/2013,Art Auction,-5.61,CA
28816,8/16/2013,Guitar Center,-70.9,CA
28816,8/16/2013,Von's Groceries,-45.16,CA
28816,8/16/2013,Guitar Center,-14.79,CA
28816,8/17/2013,Whole Foods,-52.4,CA
28816,8/17/2013,Guitar Center,-91.2,CA
28816,8/17/2013,Music Lessons - Piano,-1.88,CA
28816,8/17/2013,Painting Course Fees,-28.37,CA
28816,8/18/2013,Sprouts Market,-57.07,CA
28816,8/18/2013,Ashley's Craft Store,-38.88,CA
28816,8/18/2013,Ashley's Craft Store,-103.29,CA
28816,8/18/2013,Food Delivery - GrubHub,-17.59,CA
28816,8/18/2013,Art's Art Supplies,-10.53,CA
28816,8/18/2013,Taxi,-10.4,CA
28816,8/18/2013,Starbucks Coffee,-84.79,CA
28816,8/18/2013,Public Transportation - Bus Pass,-21.74,CA
28816,8/18/2013,Starbucks Coffee,-107.05,CA
28816,8/18/2013,Guitar Center,-16.94,CA
28816,8/18/2013,Sprouts Market,-7.24,CA
28816,8/18/2013,Painting Course Fees,-22.54,CA
28816,8/18/2013,Lyft,-57.25,CA
28816,8/18/2013,Amazon Order - Paint Bushes,-10.41,CA
28816,8/18/2013,Uber,-97.25,CA
28816,8/18/2013,Lyft,-37.63,CA
28816,8/18/2013,Michael's Crafts,-13.7,CA
28816,8/18/2013,Music Lessons - Piano,-7.86,CA
28816,8/19/2013,Guitar Center,-96.86,CA
28816,8/19/2013,Music Lessons - Piano,-38.51,CA
28816,8/19/2013,Guitar Center,-36.78,CA
28816,8/20/2013,Michael's Crafts,-14.85,CA
28816,8/20/2013,Lyft,-4.02,CA
28816,8/21/2013,Lyft,-19.24,CA
28816,8/21/2013,Guitar Center,-116.69,CA
28816,8/22/2013,Whole Foods,-60.56,CA
28816,8/22/2013,Lyft,-117.96,CA
28816,8/23/2013,Art Auction,-6.67,CA
28816,8/23/2013,Taxi,-39.28,CA
28816,8/23/2013,Public Transportation - Train Pass,-10.27,CA
28816,8/23/2013,Painting Course Fees,-3.93,CA
28816,8/23/2013,Restaurant - Pizza,-85.93,CA
28816,8/23/2013,Music Lessons - Piano,-33.99,CA
28816,8/23/2013,Amazon Order - Paint Canvas,-27.66,CA
28816,8/23/2013,Restaurant - Pizza,-11.55,CA
28816,8/23/2013,Uber,-2.86,CA
28816,8/23/2013,Ashley's Craft Store,-29.33,CA
28816,8/23/2013,Uber,-19.22,CA
28816,8/23/2013,Amazon Order - Paint Canvas,-27.29,CA
28816,8/23/2013,Uber,-46.42,CA
28816,8/23/2013,Starbucks Coffee,-28.34,CA
28816,8/23/2013,Whole Foods,-26.25,CA
28816,8/23/2013,Lyft,-36.15,CA
28816,8/23/2013,Ashley's Craft Store,-5.78,CA
28816,8/23/2013,Ashley's Craft Store,-117,CA
28816,8/23/2013,Art Auction,-29.2,CA
28816,8/23/2013,Taxi,-35.59,CA
28816,8/23/2013,Lyft,-15.53,CA
28816,8/24/2013,Music Lessons - Piano,-12.8,CA
28816,8/24/2013,Food Delivery - GrubHub,-6.74,CA
28816,8/24/2013,Public Transportation - Train Pass,-97.8,CA
28816,8/24/2013,Lyft,-36.02,CA
28816,8/24/2013,Guitar Center,-10.98,CA
28816,8/24/2013,Amazon Order - Paint Canvas,-45.09,CA
28816,8/25/2013,Amazon Order - Paint Canvas,-49.09,CA
28816,8/26/2013,Lyft,-11.56,CA
28816,8/26/2013,Public Transportation - Train Pass,-24.41,CA
28816,8/26/2013,Music Lessons - Piano,-7.96,CA
28816,8/26/2013,Food Delivery - GrubHub,-25.01,CA
28816,8/27/2013,Ralph's Grocery Store,-7.69,CA
28816,8/27/2013,Restaurant - Chinese,-29.26,CA
28816,8/27/2013,Lyft,-47.35,CA
28816,8/28/2013,Uber,-38.1,CA
28816,8/28/2013,Art's Art Supplies,-24.02,CA
28816,8/29/2013,Michael's Crafts,-32.18,CA
28816,8/30/2013,Uber,-21.79,CA
28816,8/30/2013,Art Auction,-34.98,CA
28816,9/2/2013,Paycheck,2088,CA
28816,9/2/2013,Housing Rent,-950,CA
28816,9/2/2013,Netflix Subscription,-4.99,CA
28816,9/2/2013,Navient - Student Loans,-197,CA
28816,9/2/2013,Time Warner Cable,-25,CA
28816,9/2/2013,Credit Card Payment,-154,CA
28816,9/2/2013,Gas & Electric,-32,CA
28816,9/2/2013,Music Lessons - Piano,-26.69,CA
28816,9/2/2013,Art Auction,-100.12,CA
28816,9/2/2013,Restaurant - Burgers,-24.52,CA
28816,9/3/2013,Amazon Order - Paint Bushes,-109.06,CA
28816,9/3/2013,Ashley's Craft Store,-15.22,CA
28816,9/4/2013,Painting Course Fees,-107.91,CA
28816,9/4/2013,Amazon Order - Paint Canvas,-21.81,CA
28816,9/4/2013,Painting Course Fees,-16.95,CA
28816,9/4/2013,Ashley's Craft Store,-56.02,CA
28816,9/4/2013,Music Lessons - Piano,-6.28,CA
28816,9/4/2013,Painting Course Fees,-28.96,CA
28816,9/5/2013,Uber,-4.99,CA
28816,9/5/2013,Guitar Center,-15.03,CA
28816,9/6/2013,Art's Art Supplies,-20.23,CA
28816,9/6/2013,Public Transportation - Train Pass,-33.93,CA
28816,9/6/2013,Whole Foods,-15.1,CA
28816,9/7/2013,Amazon Order - Paint Bushes,-19.51,CA
28816,9/8/2013,Restaurant - Chinese,-42.34,CA
28816,9/8/2013,Uber,-36.09,CA
28816,9/8/2013,Art's Art Supplies,-15.37,CA
28816,9/8/2013,Restaurant - Pizza,-28.1,CA
28816,9/9/2013,Restaurant - Burgers,-11.82,CA
28816,9/9/2013,Art's Art Supplies,-9.88,CA
28816,9/9/2013,Taxi,-20.95,CA
28816,9/9/2013,Guitar Center,-21.86,CA
28816,9/10/2013,Ashley's Craft Store,-33.1,CA
28816,9/10/2013,Art's Art Supplies,-31.06,CA
28816,9/10/2013,Michael's Crafts,-36.76,CA
28816,9/11/2013,Lyft,-72.66,CA
28816,9/11/2013,Art Auction,-61.27,CA
28816,9/11/2013,Public Transportation - Bus Pass,-13.17,CA
28816,9/11/2013,Whole Foods,-7.72,CA
28816,9/11/2013,Art Auction,-28.46,CA
28816,9/11/2013,Taxi,-3.87,CA
28816,9/11/2013,Guitar Center,-5.69,CA
28816,9/12/2013,Amazon Order - Paint Bushes,-33.9,CA
28816,9/13/2013,Painting Course Fees,-17.91,CA
28816,9/14/2013,Taxi,-65.3,CA
28816,9/14/2013,Amazon Order - Paint Bushes,-21.04,CA
28816,9/14/2013,Michael's Crafts,-10.32,CA
28816,9/14/2013,Music Lessons - Piano,-10.3,CA
28816,9/15/2013,Lyft,-51.01,CA
28816,9/15/2013,Ralph's Grocery Store,-11.47,CA
28816,9/15/2013,Painting Course Fees,-13.51,CA
28816,9/15/2013,Art Auction,-26.6,CA
28816,9/16/2013,Michael's Crafts,-13.89,CA
28816,9/16/2013,Painting Course Fees,-12.52,CA
28816,9/16/2013,Public Transportation - Train Pass,-30.7,CA
28816,9/17/2013,Michael's Crafts,-9.65,CA
28816,9/18/2013,Amazon Order - Paint Bushes,-5.07,CA
28816,9/19/2013,Public Transportation - Train Pass,-22.32,CA
28816,9/19/2013,Taxi,-24.04,CA
28816,9/19/2013,Amazon Order - Paint Bushes,-10.26,CA
28816,9/20/2013,Public Transportation - Train Pass,-75.62,CA
28816,9/20/2013,Art's Art Supplies,-38.06,CA
28816,9/20/2013,Public Transportation - Train Pass,-29.75,CA
28816,9/20/2013,Public Transportation - Train Pass,-1.73,CA
28816,9/20/2013,Amazon Order - Paint Canvas,-2.94,CA
28816,9/21/2013,Ralph's Grocery Store,-6.56,CA
28816,9/21/2013,Restaurant - Steakhouse,-17.83,CA
28816,9/22/2013,Public Transportation - Bus Pass,-99.89,CA
28816,9/23/2013,Restaurant - Burgers,-10.2,CA
28816,9/23/2013,Ashley's Craft Store,-5.67,CA
28816,9/24/2013,Amazon Order - Paint Canvas,-61.92,CA
28816,9/24/2013,Ashley's Craft Store,-13.78,CA
28816,9/24/2013,Food Delivery - GrubHub,-81.93,CA
28816,9/24/2013,Uber,-22.35,CA
28816,9/24/2013,Public Transportation - Train Pass,-26.15,CA
28816,9/25/2013,Public Transportation - Train Pass,-29.99,CA
28816,9/26/2013,Guitar Center,-29.12,CA
28816,9/27/2013,Food Delivery - GrubHub,-3.64,CA
28816,9/27/2013,Restaurant - Pizza,-11.92,CA
28816,9/28/2013,Art's Art Supplies,-7.13,CA
28816,9/28/2013,Michael's Crafts,-31.94,CA
28816,9/28/2013,Lyft,-2.55,CA
28816,9/29/2013,Michael's Crafts,-18.32,CA
28816,9/29/2013,Amazon Order - Paint Bushes,-15.54,CA
28816,9/29/2013,Art Auction,-3.74,CA
28816,9/29/2013,Public Transportation - Bus Pass,-57.15,CA
28816,9/30/2013,Michael's Crafts,-19.12,CA
28816,9/30/2013,Amazon Order - Paint Bushes,-6.49,CA
28816,9/30/2013,Amazon Order - Paint Canvas,-49.36,CA
28816,9/30/2013,Uber,-52.69,CA
28816,9/30/2013,Public Transportation - Bus Pass,-9.48,CA
28816,9/30/2013,Amazon Order - Paint Bushes,-31.66,CA
28816,10/2/2013,Paycheck,2088,CA
28816,10/2/2013,Housing Rent,-1304,CA
28816,10/2/2013,Netflix Subscription,-4.99,CA
28816,10/2/2013,Navient - Student Loans,-197,CA
28816,10/2/2013,Time Warner Cable,-25,CA
28816,10/2/2013,Credit Card Payment,-154,CA
28816,10/2/2013,Gas & Electric,-32,CA
28816,10/2/2013,Guitar Center,-1.23,CA
28816,10/2/2013,Art Auction,-11.5,CA
28816,10/3/2013,Guitar Center,-31.3,CA
28816,10/4/2013,Lyft,-31.59,CA
28816,10/4/2013,Food Delivery - GrubHub,-32.59,CA
28816,10/4/2013,Public Transportation - Train Pass,-14.01,CA
28816,10/4/2013,Amazon Order - Paint Canvas,-82.68,CA
28816,10/5/2013,Music Lessons - Piano,-19.04,CA
28816,10/5/2013,Michael's Crafts,-112.26,CA
28816,10/5/2013,Guitar Center,-10.07,CA
28816,10/5/2013,Restaurant - Burgers,-107.77,CA
28816,10/5/2013,Uber,-0.46,CA
28816,10/5/2013,Art Auction,-88.09,CA
28816,10/5/2013,Taxi,-5.81,CA
28816,10/6/2013,Sprouts Market,-24.9,CA
28816,10/7/2013,Amazon Order - Paint Canvas,-111.21,CA
28816,10/7/2013,Art's Art Supplies,-39.96,CA
28816,10/7/2013,Restaurant - Steakhouse,-37.84,CA
28816,10/7/2013,Ralph's Grocery Store,-71.12,CA
28816,10/7/2013,Lyft,-22.7,CA
28816,10/8/2013,Lyft,-6.44,CA
28816,10/8/2013,Taxi,-34.2,CA
28816,10/9/2013,Painting Course Fees,-50.75,CA
28816,10/9/2013,Art's Art Supplies,-24.64,CA
28816,10/10/2013,Art's Art Supplies,-15.93,CA
28816,10/10/2013,Amazon Order - Paint Bushes,-20.97,CA
28816,10/10/2013,Ralph's Grocery Store,-23.86,CA
28816,10/10/2013,Guitar Center,-14.32,CA
28816,10/11/2013,Amazon Order - Paint Canvas,-2.7,CA
28816,10/11/2013,Music Lessons - Piano,-84.34,CA
28816,10/12/2013,Michael's Crafts,-38.51,CA
28816,10/12/2013,Michael's Crafts,-20.23,CA
28816,10/12/2013,Food Delivery - GrubHub,-108.57,CA
28816,10/12/2013,Painting Course Fees,-64.5,CA
28816,10/13/2013,Sprouts Market,-29.2,CA
28816,10/13/2013,Restaurant - Steakhouse,-34.03,CA
28816,10/14/2013,Michael's Crafts,-28.02,CA
28816,10/14/2013,Michael's Crafts,-19.39,CA
28816,10/14/2013,Art Auction,-10.21,CA
28816,10/14/2013,Art Auction,-2.27,CA
28816,10/15/2013,Restaurant - Steakhouse,-6.62,CA
28816,10/15/2013,Amazon Order - Paint Bushes,-33.76,CA
28816,10/16/2013,Michael's Crafts,-10.07,CA
28816,10/16/2013,Painting Course Fees,-116.22,CA
28816,10/16/2013,Music Lessons - Piano,-28.13,CA
28816,10/16/2013,Sprouts Market,-115.36,CA
28816,10/16/2013,Amazon Order - Paint Bushes,-16.74,CA
28816,10/16/2013,Von's Groceries,-112.05,CA
28816,10/16/2013,Amazon Order - Paint Bushes,-18.4,CA
28816,10/17/2013,Restaurant - Steakhouse,-0.54,CA
28816,10/18/2013,Public Transportation - Bus Pass,-61.98,CA
28816,10/19/2013,Restaurant - Burgers,-15.39,CA
28816,10/19/2013,Von's Groceries,-34.66,CA
28816,10/20/2013,Restaurant - Steakhouse,-16.39,CA
28816,10/20/2013,Amazon Order - Paint Canvas,-16.07,CA
28816,10/20/2013,Michael's Crafts,-50.37,CA
28816,10/21/2013,Painting Course Fees,-27.81,CA
28816,10/21/2013,Guitar Center,-11.5,CA
28816,10/21/2013,Music Lessons - Piano,-18.61,CA
28816,10/21/2013,Amazon Order - Paint Bushes,-20.77,CA
28816,10/22/2013,Guitar Center,-97.69,CA
28816,10/23/2013,Amazon Order - Paint Canvas,-39.04,CA
28816,10/24/2013,Uber,-11.84,CA
28816,10/24/2013,Amazon Order - Paint Bushes,-25.11,CA
28816,10/24/2013,Restaurant - Burgers,-71.27,CA
28816,10/24/2013,Music Lessons - Piano,-15.1,CA
28816,10/24/2013,Michael's Crafts,-4.58,CA
28816,10/25/2013,Art's Art Supplies,-23.02,CA
28816,10/25/2013,Art Auction,-77.01,CA
28816,10/26/2013,Art's Art Supplies,-118.18,CA
28816,10/27/2013,Amazon Order - Paint Bushes,-28.11,CA
28816,10/27/2013,Music Lessons - Piano,-19.53,CA
28816,10/27/2013,Art Auction,-34.87,CA
28816,10/28/2013,Ashley's Craft Store,-10.16,CA
28816,10/28/2013,Music Lessons - Piano,-12.51,CA
28816,10/28/2013,Art Auction,-94.09,CA
28816,10/28/2013,Ashley's Craft Store,-38.08,CA
28816,10/28/2013,Taxi,-39.65,CA
28816,10/28/2013,Amazon Order - Paint Canvas,-20.99,CA
28816,10/28/2013,Art Auction,-91.48,CA
28816,10/28/2013,Amazon Order - Paint Bushes,-116.98,CA
28816,10/29/2013,Restaurant - Steakhouse,-26.52,CA
28816,10/29/2013,Restaurant - Burgers,-21.35,CA
28816,10/29/2013,Guitar Center,-33.85,CA
28816,10/30/2013,Restaurant - Burgers,-24.04,CA
28816,10/30/2013,Ashley's Craft Store,-29.77,CA
28816,11/2/2013,Paycheck,2088,CA
28816,11/2/2013,Housing Rent,-1324,CA
28816,11/2/2013,Netflix Subscription,-4.99,CA
28816,11/2/2013,Navient - Student Loans,-197,CA
28816,11/2/2013,Time Warner Cable,-25,CA
28816,11/2/2013,Credit Card Payment,-154,CA
28816,11/2/2013,Gas & Electric,-32,CA
28816,11/2/2013,Painting Course Fees,-21.34,CA
28816,11/3/2013,Amazon Order - Paint Canvas,-25.7,CA
28816,11/3/2013,Art Auction,-25.5,CA
28816,11/4/2013,Food Delivery - GrubHub,-17.37,CA
28816,11/4/2013,Michael's Crafts,-17.77,CA
28816,11/4/2013,Lyft,-35.31,CA
28816,11/5/2013,Music Lessons - Piano,-14.2,CA
28816,11/6/2013,Restaurant - Steakhouse,-9.66,CA
28816,11/6/2013,Uber,-31.11,CA
28816,11/6/2013,Amazon Order - Paint Canvas,-13.84,CA
28816,11/6/2013,Painting Course Fees,-35.58,CA
28816,11/7/2013,Amazon Order - Paint Canvas,-9.16,CA
28816,11/8/2013,Food Delivery - GrubHub,-3.55,CA
28816,11/8/2013,Lyft,-8.55,CA
28816,11/8/2013,Food Delivery - GrubHub,-101.9,CA
28816,11/9/2013,Public Transportation - Train Pass,-17.44,CA
28816,11/9/2013,Restaurant - Pizza,-3.14,CA
28816,11/9/2013,Guitar Center,-25.09,CA
28816,11/9/2013,Art Auction,-10.64,CA
28816,11/10/2013,Art's Art Supplies,-12.5,CA
28816,11/11/2013,Amazon Order - Paint Canvas,-110.92,CA
28816,11/11/2013,Ashley's Craft Store,-30.82,CA
28816,11/11/2013,Michael's Crafts,-112.89,CA
28816,11/11/2013,Michael's Crafts,-11.63,CA
28816,11/11/2013,Amazon Order - Paint Bushes,-53.97,CA
28816,11/12/2013,Amazon Order - Paint Canvas,-20.16,CA
28816,11/12/2013,Amazon Order - Paint Bushes,-35.03,CA
28816,11/12/2013,Taxi,-22.96,CA
28816,11/12/2013,Michael's Crafts,-22.82,CA
28816,11/13/2013,Uber,-17.21,CA
28816,11/13/2013,Guitar Center,-103.78,CA
28816,11/13/2013,Lyft,-1.23,CA
28816,11/13/2013,Art Auction,-103.48,CA
28816,11/13/2013,Art's Art Supplies,-90.78,CA
28816,11/13/2013,Uber,-10.43,CA
28816,11/13/2013,Painting Course Fees,-26.85,CA
28816,11/13/2013,Art's Art Supplies,-2.98,CA
28816,11/13/2013,Painting Course Fees,-14.11,CA
28816,11/13/2013,Guitar Center,-1.03,CA
28816,11/13/2013,Art Auction,-22.49,CA
28816,11/14/2013,Amazon Order - Paint Canvas,-19.04,CA
28816,11/14/2013,Lyft,-93.34,CA
28816,11/14/2013,Painting Course Fees,-1.27,CA
28816,11/15/2013,Art Auction,-1.88,CA
28816,11/15/2013,Restaurant - Steakhouse,-1.38,CA
28816,11/15/2013,Starbucks Coffee,-15.62,CA
28816,11/16/2013,Michael's Crafts,-31.15,CA
28816,11/16/2013,Art Auction,-34.31,CA
28816,11/16/2013,Von's Groceries,-24,CA
28816,11/16/2013,Public Transportation - Train Pass,-28.74,CA
28816,11/16/2013,Ralph's Grocery Store,-11.12,CA
28816,11/16/2013,Art Auction,-4.44,CA
28816,11/17/2013,Public Transportation - Bus Pass,-7.68,CA
28816,11/17/2013,Whole Foods,-11.4,CA
28816,11/18/2013,Art Auction,-16.49,CA
28816,11/18/2013,Food Delivery - GrubHub,-19.96,CA
28816,11/18/2013,Art's Art Supplies,-7.32,CA
28816,11/19/2013,Guitar Center,-21.24,CA
28816,11/19/2013,Ashley's Craft Store,-20.09,CA
28816,11/19/2013,Michael's Crafts,-7.9,CA
28816,11/20/2013,Amazon Order - Paint Bushes,-18.23,CA
28816,11/20/2013,Guitar Center,-20.38,CA
28816,11/20/2013,Ashley's Craft Store,-27.58,CA
28816,11/20/2013,Ashley's Craft Store,-32.46,CA
28816,11/20/2013,Restaurant - Burgers,-13.48,CA
28816,11/21/2013,Guitar Center,-12.22,CA
28816,11/22/2013,Michael's Crafts,-17.51,CA
28816,11/23/2013,Amazon Order - Paint Canvas,-83.02,CA
28816,11/24/2013,Music Lessons - Piano,-39.05,CA
28816,11/24/2013,Amazon Order - Paint Canvas,-39.81,CA
28816,11/24/2013,Amazon Order - Paint Canvas,-2.38,CA
28816,11/25/2013,Public Transportation - Train Pass,-25.95,CA
28816,11/26/2013,Lyft,-37,CA
28816,11/26/2013,Guitar Center,-58.64,CA
28816,11/26/2013,Amazon Order - Paint Canvas,-19.65,CA
28816,11/27/2013,Music Lessons - Piano,-12.16,CA
28816,11/27/2013,Von's Groceries,-25.39,CA
28816,11/27/2013,Guitar Center,-9.95,CA
28816,11/28/2013,Guitar Center,-36.9,CA
28816,11/28/2013,Art Auction,-3.11,CA
28816,11/29/2013,Music Lessons - Piano,-9.88,CA
28816,11/30/2013,Guitar Center,-21.28,CA
28816,12/2/2013,Paycheck,2088,CA
28816,12/2/2013,Housing Rent,-1357,CA
28816,12/2/2013,Netflix Subscription,-4.99,CA
28816,12/2/2013,Navient - Student Loans,-197,CA
28816,12/2/2013,Time Warner Cable,-25,CA
28816,12/2/2013,Credit Card Payment,-154,CA
28816,12/2/2013,Gas & Electric,-32,CA
28816,12/2/2013,Restaurant - Steakhouse,-33.62,CA
28816,12/2/2013,Painting Course Fees,-48.26,CA
28816,12/3/2013,Ashley's Craft Store,-37.45,CA
28816,12/4/2013,Guitar Center,-27.26,CA
28816,12/5/2013,Michael's Crafts,-36.32,CA
28816,12/5/2013,Ashley's Craft Store,-7.93,CA
28816,12/6/2013,Uber,-14.63,CA
28816,12/6/2013,Amazon Order - Paint Bushes,-32.73,CA
28816,12/7/2013,Guitar Center,-3.31,CA
28816,12/7/2013,Michael's Crafts,-32.1,CA
28816,12/7/2013,Painting Course Fees,-111.87,CA
28816,12/7/2013,Art's Art Supplies,-38.08,CA
28816,12/7/2013,Taxi,-58.59,CA
28816,12/7/2013,Restaurant - Chinese,-28.49,CA
28816,12/7/2013,Public Transportation - Bus Pass,-27.86,CA
28816,12/7/2013,Music Lessons - Piano,-92.52,CA
28816,12/7/2013,Uber,-25.08,CA
28816,12/7/2013,Public Transportation - Bus Pass,-12.83,CA
28816,12/7/2013,Guitar Center,-19.26,CA
28816,12/7/2013,Painting Course Fees,-39.58,CA
28816,12/8/2013,Public Transportation - Bus Pass,-3.05,CA
28816,12/9/2013,Amazon Order - Paint Canvas,-86.02,CA
28816,12/9/2013,Art's Art Supplies,-69.47,CA
28816,12/10/2013,Restaurant - Pizza,-18.62,CA
28816,12/10/2013,Ashley's Craft Store,-7.66,CA
28816,12/11/2013,Ralph's Grocery Store,-15.47,CA
28816,12/12/2013,Art's Art Supplies,-39.93,CA
28816,12/12/2013,Taxi,-27.77,CA
28816,12/13/2013,Public Transportation - Bus Pass,-58.31,CA
28816,12/13/2013,Michael's Crafts,-3.8,CA
28816,12/13/2013,Michael's Crafts,-39.34,CA
28816,12/13/2013,Guitar Center,-29.46,CA
28816,12/13/2013,Art's Art Supplies,-59.5,CA
28816,12/13/2013,Restaurant - Burgers,-26.65,CA
28816,12/13/2013,Music Lessons - Piano,-24.92,CA
28816,12/14/2013,Sprouts Market,-27.31,CA
28816,12/14/2013,Ralph's Grocery Store,-27.75,CA
28816,12/14/2013,Amazon Order - Paint Canvas,-11.62,CA
28816,12/14/2013,Food Delivery - GrubHub,-24.95,CA
28816,12/14/2013,Lyft,-82.36,CA
28816,12/14/2013,Amazon Order - Paint Canvas,-25.76,CA
28816,12/14/2013,Art Auction,-20.83,CA
28816,12/14/2013,Music Lessons - Piano,-38.09,CA
28816,12/14/2013,Art Auction,-28.71,CA
28816,12/14/2013,Amazon Order - Paint Canvas,-109.91,CA
28816,12/14/2013,Art Auction,-71.27,CA
28816,12/14/2013,Music Lessons - Piano,-0.36,CA
28816,12/14/2013,Painting Course Fees,-89.38,CA
28816,12/14/2013,Art Auction,-24.11,CA
28816,12/14/2013,Starbucks Coffee,-94.96,CA
28816,12/14/2013,Food Delivery - GrubHub,-36.76,CA
28816,12/15/2013,Art Auction,-39.98,CA
28816,12/16/2013,Taxi,-11.89,CA
28816,12/17/2013,Michael's Crafts,-39.14,CA
28816,12/17/2013,Guitar Center,-117.2,CA
28816,12/18/2013,Music Lessons - Piano,-9.24,CA
28816,12/19/2013,Public Transportation - Bus Pass,-18.83,CA
28816,12/20/2013,Guitar Center,-14.28,CA
28816,12/20/2013,Michael's Crafts,-4.62,CA
28816,12/20/2013,Art's Art Supplies,-117.55,CA
28816,12/20/2013,Restaurant - Chinese,-24.48,CA
28816,12/20/2013,Music Lessons - Piano,-17.46,CA
28816,12/20/2013,Restaurant - Pizza,-2.2,CA
28816,12/20/2013,Guitar Center,-20.85,CA
28816,12/20/2013,Amazon Order - Paint Bushes,-6.86,CA
28816,12/20/2013,Von's Groceries,-22.87,CA
28816,12/20/2013,Art Auction,-8.5,CA
28816,12/20/2013,Painting Course Fees,-13.87,CA
28816,12/21/2013,Guitar Center,-7.39,CA
28816,12/21/2013,Sprouts Market,-5.58,CA
28816,12/21/2013,Restaurant - Steakhouse,-112.3,CA
28816,12/21/2013,Guitar Center,-27,CA
28816,12/21/2013,Guitar Center,-22.15,CA
28816,12/21/2013,Michael's Crafts,-2.25,CA
28816,12/22/2013,Lyft,-22.71,CA
28816,12/23/2013,Uber,-1.23,CA
28816,12/23/2013,Michael's Crafts,-34.18,CA
28816,12/23/2013,Amazon Order - Paint Canvas,-16.21,CA
28816,12/23/2013,Starbucks Coffee,-27.32,CA
28816,12/23/2013,Public Transportation - Train Pass,-29.22,CA
28816,12/23/2013,Michael's Crafts,-40.04,CA
28816,12/23/2013,Guitar Center,-18.34,CA
28816,12/24/2013,Ralph's Grocery Store,-14.98,CA
28816,12/24/2013,Michael's Crafts,-10.65,CA
28816,12/24/2013,Ashley's Craft Store,-24.12,CA
28816,12/24/2013,Painting Course Fees,-27.25,CA
28816,12/24/2013,Music Lessons - Piano,-35.79,CA
28816,12/24/2013,Painting Course Fees,-24.46,CA
28816,12/25/2013,Public Transportation - Bus Pass,-23.76,CA
28816,12/25/2013,Music Lessons - Piano,-84.54,CA
28816,12/26/2013,Restaurant - Burgers,-22.4,CA
28816,12/27/2013,Art Auction,-59.65,CA
28816,12/27/2013,Food Delivery - GrubHub,-6.53,CA
28816,12/28/2013,Taxi,-23.04,CA
28816,12/28/2013,Ashley's Craft Store,-48.72,CA
28816,12/28/2013,Art's Art Supplies,-19.49,CA
28816,12/28/2013,Uber,-10.39,CA
28816,12/28/2013,Public Transportation - Bus Pass,-23.1,CA
28816,12/28/2013,Amazon Order - Paint Bushes,-11.75,CA
28816,12/28/2013,Michael's Crafts,-32.61,CA
28816,12/28/2013,Ashley's Craft Store,-37.72,CA
28816,12/28/2013,Art Auction,-9.36,CA
28816,12/29/2013,Art Auction,-6.66,CA
28816,12/29/2013,Amazon Order - Paint Canvas,-31.75,CA
28816,12/29/2013,Public Transportation - Train Pass,-74.17,CA
28816,12/30/2013,Guitar Center,-34.84,CA
28816,12/30/2013,Art Auction,-21.77,CA
28816,12/32/2013,Music Lessons - Piano,-92.45,CA
28816,1/2/2014,Food Delivery - GrubHub,-11.76,CA
28816,1/2/2014,Painting Course Fees,-13.1,CA
28816,1/2/2014,Art's Art Supplies,-38.98,CA
28816,1/2/2014,Music Lessons - Piano,-5.46,CA
28816,1/3/2014,Ashley's Craft Store,-31.15,CA
28816,1/3/2014,Painting Course Fees,-18.32,CA
28816,1/3/2014,Art Auction,-34.93,CA
28816,1/3/2014,Art's Art Supplies,-56.19,CA
28816,1/3/2014,Public Transportation - Train Pass,-2.31,CA
28816,1/4/2014,Amazon Order - Paint Canvas,-43.04,CA
28816,1/4/2014,Uber,-1.39,CA
28816,1/4/2014,Music Lessons - Piano,-5.48,CA
28816,1/4/2014,Restaurant - Chinese,-28.3,CA
28816,1/4/2014,Art Auction,-11.3,CA
28816,1/5/2014,Music Lessons - Piano,-20.5,CA
28816,1/5/2014,Michael's Crafts,-93.35,CA
28816,1/5/2014,Public Transportation - Bus Pass,-16.77,CA
28816,1/5/2014,Amazon Order - Paint Canvas,-18.74,CA
28816,1/6/2014,Painting Course Fees,-12.17,CA
28816,1/6/2014,Michael's Crafts,-42.52,CA
28816,1/6/2014,Amazon Order - Paint Bushes,-3.18,CA
28816,1/7/2014,Art Auction,-21.57,CA
28816,1/7/2014,Uber,-20.53,CA
28816,1/8/2014,Painting Course Fees,-12.33,CA
28816,1/9/2014,Michael's Crafts,-33.4,CA
28816,1/9/2014,Public Transportation - Bus Pass,-5.63,CA
28816,1/10/2014,Ashley's Craft Store,-7.35,CA
28816,1/10/2014,Painting Course Fees,-18.19,CA
28816,1/10/2014,Michael's Crafts,-115.48,CA
28816,1/10/2014,Guitar Center,-11.74,CA
28816,1/10/2014,Painting Course Fees,-8.06,CA
28816,1/10/2014,Starbucks Coffee,-69.7,CA
28816,1/10/2014,Public Transportation - Bus Pass,-29.12,CA
28816,1/10/2014,Amazon Order - Paint Canvas,-26.34,CA
28816,1/10/2014,Taxi,-29.64,CA
28816,1/11/2014,Painting Course Fees,-12.14,CA
28816,1/11/2014,Music Lessons - Piano,-36.17,CA
28816,1/11/2014,Art's Art Supplies,-0.73,CA
28816,1/11/2014,Amazon Order - Paint Bushes,-32.42,CA
28816,1/12/2014,Painting Course Fees,-80.85,CA
28816,1/12/2014,Michael's Crafts,-45.13,CA
28816,1/12/2014,Restaurant - Pizza,-27.04,CA
28816,1/12/2014,Von's Groceries,-1.71,CA
28816,1/13/2014,Public Transportation - Train Pass,-109.88,CA
28816,1/13/2014,Music Lessons - Piano,-84.68,CA
28816,1/13/2014,Von's Groceries,-2.36,CA
28816,1/13/2014,Guitar Center,-37.96,CA
28816,1/13/2014,Michael's Crafts,-0.93,CA
28816,1/13/2014,Taxi,-1.7,CA
28816,1/14/2014,Music Lessons - Piano,-39.36,CA
28816,1/14/2014,Art's Art Supplies,-16.41,CA
28816,1/14/2014,Public Transportation - Train Pass,-2.39,CA
28816,1/14/2014,Amazon Order - Paint Bushes,-39.37,CA
28816,1/15/2014,Painting Course Fees,-90.88,CA
28816,1/16/2014,Amazon Order - Paint Canvas,-15.85,CA
28816,1/17/2014,Public Transportation - Train Pass,-18.01,CA
28816,1/17/2014,Restaurant - Pizza,-12.39,CA
28816,1/17/2014,Starbucks Coffee,-88.69,CA
28816,1/17/2014,Michael's Crafts,-12.7,CA
28816,1/18/2014,Art Auction,-25.68,CA
28816,1/19/2014,Ashley's Craft Store,-33.67,CA
28816,1/19/2014,Painting Course Fees,-34.48,CA
28816,1/19/2014,Public Transportation - Train Pass,-14.86,CA
28816,1/19/2014,Uber,-35.73,CA
28816,1/19/2014,Food Delivery - GrubHub,-1.66,CA
28816,1/20/2014,Restaurant - Burgers,-11.4,CA
28816,1/20/2014,Amazon Order - Paint Bushes,-18.05,CA
28816,1/20/2014,Painting Course Fees,-5.45,CA
28816,1/20/2014,Restaurant - Steakhouse,-33.42,CA
28816,1/20/2014,Guitar Center,-17.88,CA
28816,1/20/2014,Amazon Order - Baby Crib,-6.05,CA
28816,1/20/2014,Hospital - Prenatal Care,-2.09,CA
28816,1/20/2014,Babies "R" Us,-9.67,CA
28816,1/20/2014,BuyBuyBaby.com,-4.88,CA
28816,1/20/2014,Taxi,-16.94,CA
28816,1/21/2014,Painting Course Fees,-21.44,CA
28816,1/21/2014,Ashley's Craft Store,-34.21,CA
28816,1/21/2014,Amazon Order - Paint Canvas,-17.7,CA
28816,1/21/2014,Music Lessons - Piano,-17.59,CA
28816,1/21/2014,Music Lessons - Piano,-25.43,CA
28816,1/21/2014,Art Auction,-108.48,CA
28816,1/21/2014,Painting Course Fees,-9.8,CA
28816,1/21/2014,Michael's Crafts,-10.62,CA
28816,1/21/2014,Von's Groceries,-32.83,CA
28816,1/21/2014,Restaurant - Steakhouse,-45.44,CA
28816,1/21/2014,Art Auction,-55.75,CA
28816,1/22/2014,Painting Course Fees,-12.81,CA
28816,1/22/2014,Art's Art Supplies,-4.69,CA
28816,1/22/2014,Painting Course Fees,-31.58,CA
28816,1/22/2014,Music Lessons - Piano,-38.27,CA
28816,1/22/2014,Sprouts Market,-6.21,CA
28816,1/22/2014,Michael's Crafts,-9.04,CA
28816,1/22/2014,Music Lessons - Piano,-39.72,CA
28816,1/23/2014,Von's Groceries,-34.86,CA
28816,1/24/2014,Public Transportation - Bus Pass,-1.79,CA
28816,1/24/2014,Lyft,-103.99,CA
28816,1/24/2014,Amazon Order - Paint Canvas,-6.23,CA
28816,1/24/2014,Von's Groceries,-4.51,CA
28816,1/24/2014,Michael's Crafts,-26.92,CA
28816,1/24/2014,Uber,-11.52,CA
28816,1/24/2014,Amazon Order - Paint Canvas,-16.68,CA
28816,1/24/2014,Public Transportation - Bus Pass,-9.81,CA
28816,1/25/2014,Ashley's Craft Store,-103.16,CA
28816,1/26/2014,Music Lessons - Piano,-11.58,CA
28816,1/27/2014,Art Auction,-21.13,CA
28816,1/28/2014,Guitar Center,-36.88,CA
28816,1/28/2014,Public Transportation - Train Pass,-27.94,CA
28816,1/28/2014,Guitar Center,-8.05,CA
28816,1/28/2014,Michael's Crafts,-38.09,CA
28816,1/29/2014,Amazon Order - Paint Bushes,-30.45,CA
28816,1/29/2014,Amazon Order - Paint Canvas,-53.78,CA
28816,1/30/2014,Music Lessons - Piano,-13.63,CA
28816,1/30/2014,Von's Groceries,-17.02,CA
28816,1/30/2014,Art's Art Supplies,-20.55,CA
28816,1/30/2014,Art Auction,-36.98,CA
28816,1/30/2014,Starbucks Coffee,-116.74,CA
28816,1/30/2014,Ralph's Grocery Store,-36.63,CA
28816,1/30/2014,Painting Course Fees,-14.14,CA
28816,3/2/2014,Paycheck,2088,CA
28816,3/2/2014,Housing Rent,-1246,CA
28816,3/2/2014,Netflix Subscription,-4.99,CA
28816,3/2/2014,Navient - Student Loans,-197,CA
28816,3/2/2014,Time Warner Cable,-25,CA
28816,3/2/2014,Credit Card Payment,-154,CA
28816,3/2/2014,Gas & Electric,-32,CA
28816,3/2/2014,Amazon Order - Paint Canvas,-5.75,CA
28816,3/2/2014,Guitar Center,-39.91,CA
28816,3/2/2014,Taxi,-38.74,CA
28816,3/3/2014,Music Lessons - Piano,-25.06,CA
28816,3/3/2014,Food Delivery - GrubHub,-9.51,CA
28816,3/4/2014,Art's Art Supplies,-119.22,CA
28816,3/4/2014,Guitar Center,-11.84,CA
28816,3/5/2014,Uber,-8.93,CA
28816,3/5/2014,Ashley's Craft Store,-33.56,CA
28816,3/6/2014,Whole Foods,-21.81,CA
28816,3/6/2014,Restaurant - Steakhouse,-2.11,CA
28816,3/6/2014,Restaurant - Chinese,-16.02,CA
28816,3/7/2014,Restaurant - Steakhouse,-5.67,CA
28816,3/7/2014,Art's Art Supplies,-30.79,CA
28816,3/7/2014,Michael's Crafts,-38.06,CA
28816,3/7/2014,Starbucks Coffee,-101.99,CA
28816,3/7/2014,Whole Foods,-75.17,CA
28816,3/7/2014,Ralph's Grocery Store,-37.3,CA
28816,3/7/2014,Ashley's Craft Store,-12.45,CA
28816,3/8/2014,Sprouts Market,-57.17,CA
28816,3/9/2014,Painting Course Fees,-9.77,CA
28816,3/9/2014,Michael's Crafts,-9.6,CA
28816,3/9/2014,Painting Course Fees,-18.79,CA
28816,3/9/2014,Public Transportation - Train Pass,-11.92,CA
28816,3/10/2014,Art Auction,-37.66,CA
28816,3/10/2014,Michael's Crafts,-17.02,CA
28816,3/10/2014,Art's Art Supplies,-11.57,CA
28816,3/10/2014,Ashley's Craft Store,-1.96,CA
28816,3/11/2014,Taxi,-26.14,CA
28816,3/11/2014,Music Lessons - Piano,-37.2,CA
28816,3/12/2014,Uber,-14.92,CA
28816,3/13/2014,Painting Course Fees,-8.41,CA
28816,3/13/2014,Art Auction,-0.56,CA
28816,3/13/2014,Food Delivery - GrubHub,-33.43,CA
28816,3/13/2014,Von's Groceries,-25.84,CA
28816,3/14/2014,Lyft,-9.8,CA
28816,3/14/2014,Amazon Order - Paint Bushes,-100.16,CA
28816,3/14/2014,Painting Course Fees,-4.7,CA
28816,3/15/2014,Taxi,-6.2,CA
28816,3/16/2014,Lyft,-31.59,CA
28816,3/16/2014,Public Transportation - Bus Pass,-118.76,CA
28816,3/17/2014,Von's Groceries,-3.9,CA
28816,3/17/2014,Taxi,-22.34,CA
28816,3/17/2014,Uber,-35.25,CA
28816,3/18/2014,Ashley's Craft Store,-2.79,CA
28816,3/18/2014,Michael's Crafts,-51.27,CA
28816,3/19/2014,Ashley's Craft Store,-5.85,CA
28816,3/19/2014,Taxi,-67.67,CA
28816,3/20/2014,Amazon Order - Paint Canvas,-6.64,CA
28816,3/20/2014,Restaurant - Pizza,-30.49,CA
28816,3/20/2014,Painting Course Fees,-54.67,CA
28816,3/21/2014,Restaurant - Steakhouse,-12.74,CA
28816,3/22/2014,Von's Groceries,-1.02,CA
28816,3/23/2014,Uber,-73.87,CA
28816,3/23/2014,Michael's Crafts,-61.27,CA
28816,3/24/2014,Amazon Order - Paint Canvas,-29.77,CA
28816,3/24/2014,Taxi,-78.37,CA
28816,3/24/2014,Painting Course Fees,-93.16,CA
28816,3/24/2014,Ralph's Grocery Store,-36.22,CA
28816,3/24/2014,Uber,-28.46,CA
28816,3/25/2014,Restaurant - Burgers,-36.59,CA
28816,3/26/2014,Painting Course Fees,-32.7,CA
28816,3/26/2014,Restaurant - Chinese,-115.35,CA
28816,3/26/2014,Painting Course Fees,-37,CA
28816,3/26/2014,Restaurant - Steakhouse,-15.81,CA
28816,3/26/2014,Amazon Order - Paint Canvas,-17.55,CA
28816,3/26/2014,Lyft,-87.76,CA
28816,3/27/2014,Art Auction,-15.5,CA
28816,3/27/2014,Painting Course Fees,-15.25,CA
28816,3/28/2014,Taxi,-19.08,CA
28816,3/28/2014,Ralph's Grocery Store,-21.31,CA
28816,3/29/2014,Sprouts Market,-30.52,CA
28816,3/29/2014,Restaurant - Pizza,-32.87,CA
28816,3/30/2014,Amazon Order - Paint Bushes,-16.87,CA
28816,3/30/2014,Art Auction,-15.83,CA
28816,4/2/2014,Paycheck,2088,CA
28816,4/2/2014,Housing Rent,-1390,CA
28816,4/2/2014,Netflix Subscription,-4.99,CA
28816,4/2/2014,Navient - Student Loans,-197,CA
28816,4/2/2014,Time Warner Cable,-25,CA
28816,4/2/2014,Credit Card Payment,-154,CA
28816,4/2/2014,Gas & Electric,-32,CA
28816,4/2/2014,Music Lessons - Piano,-23.06,CA
28816,4/2/2014,Painting Course Fees,-25.12,CA
28816,4/2/2014,Painting Course Fees,-110.98,CA
28816,4/3/2014,Michael's Crafts,-28.44,CA
28816,4/3/2014,Painting Course Fees,-8.46,CA
28816,4/3/2014,Ralph's Grocery Store,-5.54,CA
28816,4/4/2014,Public Transportation - Train Pass,-31.17,CA
28816,4/5/2014,Art Auction,-6.02,CA
28816,4/5/2014,Amazon Order - Paint Canvas,-36.39,CA
28816,4/5/2014,Art Auction,-17.39,CA
28816,4/6/2014,Guitar Center,-33.26,CA
28816,4/7/2014,Public Transportation - Bus Pass,-19.87,CA
28816,4/7/2014,Whole Foods,-14.11,CA
28816,4/8/2014,Art Auction,-4.07,CA
28816,4/9/2014,Lyft,-84.52,CA
28816,4/10/2014,Guitar Center,-115.14,CA
28816,4/11/2014,Guitar Center,-7.09,CA
28816,4/12/2014,Ralph's Grocery Store,-3.22,CA
28816,4/13/2014,Taxi,-25.36,CA
28816,4/13/2014,Guitar Center,-17.66,CA
28816,4/13/2014,Amazon Order - Paint Canvas,-57.83,CA
28816,4/14/2014,Public Transportation - Train Pass,-29.25,CA
28816,4/15/2014,Guitar Center,-33.24,CA
28816,4/15/2014,Guitar Center,-17.67,CA
28816,4/15/2014,Guitar Center,-4.07,CA
28816,4/15/2014,Amazon Order - Paint Canvas,-25.52,CA
28816,4/16/2014,Amazon Order - Paint Canvas,-24.48,CA
28816,4/16/2014,Taxi,-5.56,CA
28816,4/16/2014,Art Auction,-36.37,CA
28816,4/16/2014,Amazon Order - Paint Canvas,-17.71,CA
28816,4/17/2014,Music Lessons - Piano,-18.51,CA
28816,4/17/2014,Public Transportation - Train Pass,-22.2,CA
28816,4/17/2014,Music Lessons - Piano,-3.37,CA
28816,4/17/2014,Taxi,-8.85,CA
28816,4/17/2014,Restaurant - Steakhouse,-51.29,CA
28816,4/18/2014,Restaurant - Steakhouse,-22.44,CA
28816,4/18/2014,Uber,-29.75,CA
28816,4/18/2014,Michael's Crafts,-32.74,CA
28816,4/18/2014,Amazon Order - Paint Bushes,-12.31,CA
28816,4/19/2014,Amazon Order - Paint Canvas,-6.69,CA
28816,4/20/2014,Amazon Order - Paint Bushes,-82.18,CA
28816,4/21/2014,Uber,-10.92,CA
28816,4/21/2014,Michael's Crafts,-22.55,CA
28816,4/21/2014,Art Auction,-36.74,CA
28816,4/21/2014,Art's Art Supplies,-33.26,CA
28816,4/21/2014,Michael's Crafts,-16.66,CA
28816,4/21/2014,Art's Art Supplies,-19.3,CA
28816,4/21/2014,Guitar Center,-36.88,CA
28816,4/21/2014,Amazon Order - Paint Bushes,-0.6,CA
28816,4/21/2014,Guitar Center,-36.43,CA
28816,4/21/2014,Amazon Order - Paint Bushes,-14.23,CA
28816,4/21/2014,Michael's Crafts,-29.77,CA
28816,4/21/2014,Amazon Order - Paint Canvas,-17.2,CA
28816,4/22/2014,Amazon Order - Paint Canvas,-15.74,CA
28816,4/23/2014,Restaurant - Chinese,-89.63,CA
28816,4/23/2014,Guitar Center,-34.68,CA
28816,4/23/2014,Guitar Center,-23.19,CA
28816,4/23/2014,Amazon Order - Paint Canvas,-7.14,CA
28816,4/24/2014,Art's Art Supplies,-22.65,CA
28816,4/24/2014,Ralph's Grocery Store,-8.15,CA
28816,4/24/2014,Amazon Order - Paint Canvas,-30.84,CA
28816,4/24/2014,Art Auction,-26.8,CA
28816,4/24/2014,Ashley's Craft Store,-14.45,CA
28816,4/24/2014,Starbucks Coffee,-29.76,CA
28816,4/24/2014,Ralph's Grocery Store,-77.04,CA
28816,4/24/2014,Music Lessons - Piano,-35.07,CA
28816,4/24/2014,Art's Art Supplies,-35.05,CA
28816,4/24/2014,Art's Art Supplies,-10.52,CA
28816,4/25/2014,Public Transportation - Bus Pass,-21.18,CA
28816,4/25/2014,Art Auction,-0.07,CA
28816,4/25/2014,Amazon Order - Paint Canvas,-87.45,CA
28816,4/25/2014,Sprouts Market,-51.02,CA
28816,4/26/2014,Sprouts Market,-46.71,CA
28816,4/26/2014,Food Delivery - GrubHub,-17.11,CA
28816,4/27/2014,Von's Groceries,-22.17,CA
28816,4/27/2014,Guitar Center,-26.05,CA
28816,4/27/2014,Ashley's Craft Store,-8.44,CA
28816,4/27/2014,Art Auction,-35.41,CA
28816,4/27/2014,Public Transportation - Bus Pass,-22.48,CA
28816,4/27/2014,Amazon Order - Paint Canvas,-25.4,CA
28816,4/28/2014,Guitar Center,-10.73,CA
28816,4/28/2014,Amazon Order - Paint Bushes,-9.68,CA
28816,4/28/2014,Art's Art Supplies,-12.8,CA
28816,4/28/2014,Art Auction,-32.87,CA
28816,4/28/2014,Art's Art Supplies,-5.77,CA
28816,4/29/2014,Michael's Crafts,-18.84,CA
28816,4/30/2014,Amazon Order - Paint Bushes,-16.22,CA
28816,4/30/2014,Lyft,-3.28,CA
28816,5/2/2014,Paycheck,2088,CA
28816,5/2/2014,Housing Rent,-863,CA
28816,5/2/2014,Netflix Subscription,-4.99,CA
28816,5/2/2014,Navient - Student Loans,-197,CA
28816,5/2/2014,Time Warner Cable,-25,CA
28816,5/2/2014,Credit Card Payment,-154,CA
28816,5/2/2014,Gas & Electric,-32,CA
28816,5/2/2014,Music Lessons - Piano,-17.98,CA
28816,5/2/2014,Public Transportation - Bus Pass,-2.11,CA
28816,5/3/2014,Painting Course Fees,-11.46,CA
28816,5/3/2014,Restaurant - Chinese,-20.77,CA
28816,5/3/2014,Music Lessons - Piano,-37.13,CA
28816,5/3/2014,Music Lessons - Piano,-14.54,CA
28816,5/4/2014,Art Auction,-37.26,CA
28816,5/5/2014,Ralph's Grocery Store,-38.92,CA
28816,5/6/2014,Von's Groceries,-118.56,CA
28816,5/7/2014,Amazon Order - Paint Canvas,-20.59,CA
28816,5/7/2014,Ashley's Craft Store,-27.52,CA
28816,5/8/2014,Michael's Crafts,-74.74,CA
28816,5/8/2014,Public Transportation - Bus Pass,-49.24,CA
28816,5/8/2014,Uber,-11.7,CA
28816,5/9/2014,Music Lessons - Piano,-84.36,CA
28816,5/10/2014,Ashley's Craft Store,-2.12,CA
28816,5/11/2014,Guitar Center,-18.89,CA
28816,5/11/2014,Guitar Center,-37.92,CA
28816,5/11/2014,Amazon Order - Paint Bushes,-29.83,CA
28816,5/11/2014,Taxi,-7.91,CA
28816,5/12/2014,Guitar Center,-10.8,CA
28816,5/12/2014,Von's Groceries,-11.92,CA
28816,5/13/2014,Restaurant - Pizza,-13.35,CA
28816,5/13/2014,Guitar Center,-16.62,CA
28816,5/13/2014,Uber,-67.57,CA
28816,5/13/2014,Art Auction,-45.23,CA
28816,5/13/2014,Michael's Crafts,-18.93,CA
28816,5/14/2014,Music Lessons - Piano,-82.93,CA
28816,5/15/2014,Lyft,-7.11,CA
28816,5/15/2014,Public Transportation - Train Pass,-18.95,CA
28816,5/15/2014,Guitar Center,-29.04,CA
28816,5/16/2014,Art's Art Supplies,-17.52,CA
28816,5/16/2014,Amazon Order - Paint Canvas,-107.01,CA
28816,5/17/2014,Ashley's Craft Store,-21.06,CA
28816,5/18/2014,Art Auction,-0.61,CA
28816,5/19/2014,Whole Foods,-38.12,CA
28816,5/19/2014,Music Lessons - Piano,-23.31,CA
28816,5/19/2014,Taxi,-39.14,CA
28816,5/19/2014,Art Auction,-31.96,CA
28816,5/19/2014,Guitar Center,-62.8,CA
28816,5/20/2014,Guitar Center,-11.17,CA
28816,5/21/2014,Art's Art Supplies,-22.22,CA
28816,5/21/2014,Amazon Order - Paint Bushes,-31.67,CA
28816,5/21/2014,Ashley's Craft Store,-105.25,CA
28816,5/21/2014,Painting Course Fees,-51.43,CA
28816,5/21/2014,Restaurant - Chinese,-23.39,CA
28816,5/22/2014,Whole Foods,-2.82,CA
28816,5/23/2014,Amazon Order - Paint Canvas,-39.62,CA
28816,5/23/2014,Art Auction,-15.88,CA
28816,5/23/2014,Art's Art Supplies,-118.21,CA
28816,5/24/2014,Guitar Center,-1.59,CA
28816,5/24/2014,Taxi,-75.26,CA
28816,5/24/2014,Music Lessons - Piano,-7.97,CA
28816,5/24/2014,Whole Foods,-2.39,CA
28816,5/25/2014,Public Transportation - Bus Pass,-8.27,CA
28816,5/26/2014,Michael's Crafts,-29.26,CA
28816,5/26/2014,Ralph's Grocery Store,-0.51,CA
28816,5/27/2014,Art's Art Supplies,-17.26,CA
28816,5/27/2014,Uber,-1.04,CA
28816,5/27/2014,Whole Foods,-11.94,CA
28816,5/28/2014,Michael's Crafts,-33.58,CA
28816,5/28/2014,Amazon Order - Paint Bushes,-84.83,CA
28816,5/28/2014,Art's Art Supplies,-33.15,CA
28816,5/28/2014,Restaurant - Pizza,-8.28,CA
28816,5/28/2014,Amazon Order - Paint Bushes,-12.21,CA
28816,5/28/2014,Restaurant - Steakhouse,-30.63,CA
28816,5/28/2014,Von's Groceries,-12.43,CA
28816,5/28/2014,Public Transportation - Train Pass,-7.46,CA
28816,5/28/2014,Taxi,-94.27,CA
28816,5/28/2014,Ashley's Craft Store,-20.58,CA
28816,5/28/2014,Music Lessons - Piano,-7.53,CA
28816,5/28/2014,Starbucks Coffee,-19.71,CA
28816,5/29/2014,Guitar Center,-3.34,CA
28816,5/29/2014,Painting Course Fees,-13.58,CA
28816,5/29/2014,Art's Art Supplies,-111.31,CA
28816,5/29/2014,Uber,-79.93,CA
28816,5/29/2014,Art Auction,-8.71,CA
28816,5/30/2014,Lyft,-51.25,CA
28816,5/30/2014,Amazon Order - Paint Canvas,-4.25,CA
28816,5/30/2014,Uber,-1.79,CA
28816,5/30/2014,Taxi,-98.96,CA
28816,5/30/2014,Starbucks Coffee,-30.48,CA
28816,5/30/2014,Taxi,-31.59,CA
28816,5/30/2014,Painting Course Fees,-28.83,CA
28816,5/30/2014,Von's Groceries,-28.21,CA
28816,5/30/2014,Music Lessons - Piano,-36.72,CA
28816,5/30/2014,Amazon Order - Paint Canvas,-64.1,CA
28816,5/30/2014,Music Lessons - Piano,-32.05,CA
28816,5/30/2014,Restaurant - Burgers,-37.09,CA
28816,5/30/2014,Lyft,-15.93,CA
28816,6/2/2014,Paycheck,2088,CA
28816,6/2/2014,Housing Rent,-1359,CA
28816,6/2/2014,Netflix Subscription,-4.99,CA
28816,6/2/2014,Navient - Student Loans,-197,CA
28816,6/2/2014,Time Warner Cable,-25,CA
28816,6/2/2014,Credit Card Payment,-154,CA
28816,6/2/2014,Gas & Electric,-32,CA
28816,6/2/2014,Whole Foods,-9.73,CA
28816,6/2/2014,Guitar Center,-17.06,CA
28816,6/2/2014,Art Auction,-3.91,CA
28816,6/2/2014,Music Lessons - Piano,-101.96,CA
28816,6/2/2014,Guitar Center,-86.94,CA
28816,6/2/2014,Art's Art Supplies,-20.9,CA
28816,6/3/2014,Lyft,-24.91,CA
28816,6/3/2014,Lyft,-7.32,CA
28816,6/4/2014,Amazon Order - Paint Canvas,-29.18,CA
28816,6/4/2014,Restaurant - Pizza,-5.15,CA
28816,6/4/2014,Art's Art Supplies,-1.07,CA
28816,6/4/2014,Restaurant - Steakhouse,-27.78,CA
28816,6/5/2014,Lyft,-26.17,CA
28816,6/6/2014,Uber,-6.5,CA
28816,6/7/2014,Painting Course Fees,-7.94,CA
28816,6/7/2014,Lyft,-7.53,CA
28816,6/7/2014,Michael's Crafts,-23.61,CA
28816,6/7/2014,Amazon Order - Paint Bushes,-12.21,CA
28816,6/7/2014,Ashley's Craft Store,-8.88,CA
28816,6/7/2014,Restaurant - Chinese,-7.6,CA
28816,6/8/2014,Sprouts Market,-7.75,CA
28816,6/8/2014,Uber,-18.4,CA
28816,6/8/2014,Restaurant - Burgers,-7.81,CA
28816,6/8/2014,Ashley's Craft Store,-34.31,CA
28816,6/8/2014,Guitar Center,-32.04,CA
28816,6/9/2014,Amazon Order - Paint Bushes,-30.34,CA
28816,6/10/2014,Restaurant - Burgers,-45.94,CA
28816,6/10/2014,Painting Course Fees,-14.27,CA
28816,6/10/2014,Sprouts Market,-25.37,CA
28816,6/10/2014,Ralph's Grocery Store,-32.66,CA
28816,6/10/2014,Guitar Center,-80.78,CA
28816,6/10/2014,Public Transportation - Train Pass,-0.85,CA
28816,6/10/2014,Painting Course Fees,-35.01,CA
28816,6/10/2014,Amazon Order - Paint Bushes,-27.39,CA
28816,6/10/2014,Painting Course Fees,-115.44,CA
28816,6/11/2014,Ralph's Grocery Store,-13.07,CA
28816,6/11/2014,Sprouts Market,-27.23,CA
28816,6/12/2014,Taxi,-24.36,CA
28816,6/12/2014,Ashley's Craft Store,-13.8,CA
28816,6/13/2014,Amazon Order - Paint Bushes,-34.45,CA
28816,6/13/2014,Guitar Center,-13.07,CA
28816,6/13/2014,Michael's Crafts,-21.98,CA
28816,6/13/2014,Ashley's Craft Store,-5.66,CA
28816,6/13/2014,Guitar Center,-16.9,CA
28816,6/14/2014,Public Transportation - Train Pass,-2.96,CA
28816,6/14/2014,Art's Art Supplies,-89.81,CA
28816,6/14/2014,Michael's Crafts,-28.85,CA
28816,6/15/2014,Starbucks Coffee,-18.82,CA
28816,6/15/2014,Uber,-69.88,CA
28816,6/16/2014,Art's Art Supplies,-36.47,CA
28816,6/16/2014,Amazon Order - Paint Bushes,-27.05,CA
28816,6/16/2014,Ralph's Grocery Store,-38.61,CA
28816,6/16/2014,Guitar Center,-2.03,CA
28816,6/16/2014,Taxi,-7.81,CA
28816,6/17/2014,Sprouts Market,-35.34,CA
28816,6/18/2014,Public Transportation - Train Pass,-18.8,CA
28816,6/18/2014,Art's Art Supplies,-0.36,CA
28816,6/18/2014,Public Transportation - Bus Pass,-13.01,CA
28816,6/19/2014,Painting Course Fees,-77.39,CA
28816,6/19/2014,Michael's Crafts,-20.46,CA
28816,6/20/2014,Taxi,-42.32,CA
28816,6/20/2014,Amazon Order - Paint Canvas,-34.94,CA
28816,6/20/2014,Restaurant - Steakhouse,-33.21,CA
28816,6/20/2014,Art's Art Supplies,-18.02,CA
28816,6/20/2014,Amazon Order - Paint Bushes,-19.3,CA
28816,6/21/2014,Taxi,-22.23,CA
28816,6/21/2014,Public Transportation - Bus Pass,-114.26,CA
28816,6/22/2014,Ashley's Craft Store,-20.83,CA
28816,6/23/2014,Music Lessons - Piano,-69.65,CA
28816,6/23/2014,Restaurant - Steakhouse,-44.04,CA
28816,6/24/2014,Amazon Order - Paint Bushes,-38.57,CA
28816,6/25/2014,Music Lessons - Piano,-6.82,CA
28816,6/25/2014,Michael's Crafts,-15.46,CA
28816,6/26/2014,Art Auction,-35.47,CA
28816,6/26/2014,Art Auction,-19.42,CA
28816,6/27/2014,Art's Art Supplies,-26.29,CA
28816,6/27/2014,Guitar Center,-38.94,CA
28816,6/27/2014,Public Transportation - Train Pass,-7.14,CA
28816,6/28/2014,Art Auction,-21.43,CA
28816,6/28/2014,Restaurant - Chinese,-32.84,CA
28816,6/28/2014,Guitar Center,-42.35,CA
28816,6/29/2014,Art's Art Supplies,-4.03,CA
28816,6/29/2014,Taxi,-20.05,CA
28816,6/30/2014,Amazon Order - Paint Bushes,-16.6,CA
28816,6/30/2014,Starbucks Coffee,-33.49,CA
28816,7/2/2014,Paycheck,2088,CA
28816,7/2/2014,Housing Rent,-1332,CA
28816,7/2/2014,Netflix Subscription,-4.99,CA
28816,7/2/2014,Navient - Student Loans,-197,CA
28816,7/2/2014,Time Warner Cable,-25,CA
28816,7/2/2014,Credit Card Payment,-154,CA
28816,7/2/2014,Gas & Electric,-32,CA
28816,7/2/2014,Art's Art Supplies,-111.61,CA
28816,7/3/2014,Ralph's Grocery Store,-13.72,CA
28816,7/4/2014,Lyft,-4.3,CA
28816,7/4/2014,Amazon Order - Paint Canvas,-23.54,CA
28816,7/4/2014,Ashley's Craft Store,-116.19,CA
28816,7/5/2014,Taxi,-76.67,CA
28816,7/6/2014,Michael's Crafts,-32.27,CA
28816,7/6/2014,Public Transportation - Train Pass,-4.2,CA
28816,7/6/2014,Amazon Order - Paint Canvas,-20.69,CA
28816,7/6/2014,Restaurant - Steakhouse,-33.74,CA
28816,7/7/2014,Amazon Order - Paint Bushes,-20.12,CA
28816,7/7/2014,Amazon Order - Paint Bushes,-9.89,CA
28816,7/8/2014,Sprouts Market,-35.91,CA
28816,7/8/2014,Guitar Center,-24.09,CA
28816,7/8/2014,Michael's Crafts,-29.4,CA
28816,7/9/2014,Amazon Order - Paint Canvas,-34.55,CA
28816,7/9/2014,Music Lessons - Piano,-105.68,CA
28816,7/10/2014,Amazon Order - Paint Bushes,-37.95,CA
28816,7/10/2014,Public Transportation - Train Pass,-32.32,CA
28816,7/10/2014,Restaurant - Steakhouse,-30,CA
28816,7/10/2014,Art's Art Supplies,-80.74,CA
28816,7/10/2014,Sprouts Market,-15.62,CA
28816,7/10/2014,Restaurant - Chinese,-0.14,CA
28816,7/11/2014,Uber,-36.48,CA
28816,7/11/2014,Ashley's Craft Store,-54.6,CA
28816,7/11/2014,Ashley's Craft Store,-11.49,CA
28816,7/11/2014,Ashley's Craft Store,-26.29,CA
28816,7/12/2014,Art Auction,-2.54,CA
28816,7/12/2014,Guitar Center,-28.82,CA
28816,7/13/2014,Lyft,-38.91,CA
28816,7/13/2014,Lyft,-0.23,CA
28816,7/13/2014,Amazon Order - Paint Canvas,-12.54,CA
28816,7/13/2014,Music Lessons - Piano,-106.96,CA
28816,7/13/2014,Music Lessons - Piano,-80.08,CA
28816,7/13/2014,Music Lessons - Piano,-1.71,CA
28816,7/13/2014,Painting Course Fees,-5.09,CA
28816,7/13/2014,Art Auction,-22.39,CA
28816,7/13/2014,Public Transportation - Bus Pass,-15.52,CA
28816,7/13/2014,Uber,-58.66,CA
28816,7/14/2014,Restaurant - Chinese,-36.82,CA
28816,7/14/2014,Art Auction,-3.45,CA
28816,7/14/2014,Michael's Crafts,-78.24,CA
28816,7/15/2014,Art's Art Supplies,-25.4,CA
28816,7/15/2014,Public Transportation - Train Pass,-10.68,CA
28816,7/16/2014,Ashley's Craft Store,-16.17,CA
28816,7/16/2014,Ashley's Craft Store,-24.71,CA
28816,7/16/2014,Public Transportation - Train Pass,-1.48,CA
28816,7/16/2014,Von's Groceries,-20.3,CA
28816,7/16/2014,Lyft,-0.11,CA
28816,7/16/2014,Public Transportation - Bus Pass,-30.2,CA
28816,7/16/2014,Michael's Crafts,-0.07,CA
28816,7/16/2014,Amazon Order - Paint Bushes,-14.89,CA
28816,7/16/2014,Ashley's Craft Store,-22.98,CA
28816,7/16/2014,Sprouts Market,-1.8,CA
28816,7/16/2014,Restaurant - Pizza,-48.54,CA
28816,7/16/2014,Guitar Center,-39.37,CA
28816,7/16/2014,Painting Course Fees,-15.19,CA
28816,7/16/2014,Amazon Order - Paint Canvas,-3.51,CA
28816,7/16/2014,Amazon Order - Paint Canvas,-23.77,CA
28816,7/16/2014,Taxi,-34.78,CA
28816,7/17/2014,Amazon Order - Paint Bushes,-37.77,CA
28816,7/17/2014,Taxi,-11.4,CA
28816,7/17/2014,Public Transportation - Train Pass,-10.86,CA
28816,7/18/2014,Amazon Order - Paint Canvas,-15.43,CA
28816,7/18/2014,Amazon Order - Paint Bushes,-6.94,CA
28816,7/18/2014,Whole Foods,-11.15,CA
28816,7/18/2014,Mark's Movers,-19.23,CA
28816,7/18/2014,FedEx Shipping,-24.29,CA
28816,7/18/2014,Jerome's Furniture,-64.47,CA
28816,7/18/2014,Home Depot,-32.81,CA
28816,7/18/2014,Refrigerator Depot,-22.29,CA
28816,7/18/2014,Hamilton Move & Storage,-10.6,CA
28816,7/19/2014,Amazon Order - Paint Canvas,-97.57,CA
28816,7/19/2014,Amazon Order - Paint Canvas,-10.63,CA
28816,7/19/2014,Public Transportation - Bus Pass,-36.07,CA
28816,7/19/2014,Taxi,-23.69,CA
28816,7/19/2014,Ashley's Craft Store,-35.64,CA
28816,7/20/2014,Ralph's Grocery Store,-31.18,CA
28816,7/20/2014,Art's Art Supplies,-29.64,CA
28816,7/20/2014,Taxi,-68.53,CA
28816,7/20/2014,Restaurant - Pizza,-23.77,CA
28816,7/20/2014,Public Transportation - Bus Pass,-34.86,CA
28816,7/20/2014,Uber,-9.43,CA
28816,7/20/2014,Ashley's Craft Store,-24.46,CA
28816,7/21/2014,Painting Course Fees,-32.9,CA
28816,7/21/2014,Music Lessons - Piano,-27.73,CA
28816,7/21/2014,Guitar Center,-18.12,CA
28816,7/22/2014,Painting Course Fees,-28.47,CA
28816,7/23/2014,Music Lessons - Piano,-38.01,CA
28816,7/24/2014,Von's Groceries,-88.36,CA
28816,7/24/2014,Taxi,-38.01,CA
28816,7/25/2014,Painting Course Fees,-20.7,CA
28816,7/25/2014,Ashley's Craft Store,-29.49,CA
28816,7/26/2014,Food Delivery - GrubHub,-35.68,CA
28816,7/26/2014,Music Lessons - Piano,-7.3,CA
28816,7/26/2014,Lyft,-28.51,CA
28816,7/26/2014,Guitar Center,-1.01,CA
28816,7/27/2014,Lyft,-117.21,CA
28816,7/27/2014,Michael's Crafts,-26,CA
28816,7/28/2014,Michael's Crafts,-17.38,CA
28816,7/28/2014,Art's Art Supplies,-18.91,CA
28816,7/28/2014,Sprouts Market,-100.97,CA
28816,7/28/2014,Von's Groceries,-33.96,CA
28816,7/29/2014,Restaurant - Burgers,-11.61,CA
28816,7/30/2014,Michael's Crafts,-23.54,CA
28816,7/30/2014,Art Auction,-0.81,CA
28816,7/30/2014,Guitar Center,-52.02,CA
28816,7/30/2014,Art Auction,-34.89,CA
28816,8/2/2014,Housing Rent,-1208,CA
28816,8/2/2014,Netflix Subscription,-4.99,CA
28816,8/2/2014,Navient - Student Loans,-197,CA
28816,8/2/2014,Time Warner Cable,-25,CA
28816,8/2/2014,Credit Card Payment,-154,CA
28816,8/2/2014,Gas & Electric,-32,CA
28816,8/2/2014,Restaurant - Pizza,-16.82,CA
28816,8/3/2014,Guitar Center,-29.1,CA
28816,8/3/2014,Ashley's Craft Store,-117.85,CA
28816,8/3/2014,Ashley's Craft Store,-14.65,CA
28816,8/4/2014,Restaurant - Pizza,-20.39,CA
28816,8/4/2014,Guitar Center,-0.76,CA
28816,8/5/2014,Public Transportation - Bus Pass,-10.39,CA
28816,8/5/2014,Amazon Order - Paint Bushes,-24.82,CA
28816,8/5/2014,Public Transportation - Train Pass,-25.58,CA
28816,8/5/2014,Guitar Center,-35.61,CA
28816,8/5/2014,Painting Course Fees,-27.64,CA
28816,8/5/2014,Public Transportation - Bus Pass,-9.15,CA
28816,8/5/2014,Music Lessons - Piano,-1.1,CA
28816,8/5/2014,Restaurant - Burgers,-0.11,CA
28816,8/6/2014,Art's Art Supplies,-57.65,CA
28816,8/6/2014,Lyft,-19.3,CA
28816,8/7/2014,Guitar Center,-89.87,CA
28816,8/7/2014,Von's Groceries,-45.11,CA
28816,8/7/2014,Painting Course Fees,-20.09,CA
28816,8/8/2014,Public Transportation - Bus Pass,-37.75,CA
28816,8/8/2014,Guitar Center,-118.09,CA
28816,8/8/2014,Amazon Order - Paint Canvas,-11.06,CA
28816,8/9/2014,Michael's Crafts,-25.17,CA
28816,8/9/2014,Public Transportation - Train Pass,-16.32,CA
28816,8/9/2014,Ashley's Craft Store,-4.22,CA
28816,8/9/2014,Lyft,-68.41,CA
28816,8/9/2014,Restaurant - Pizza,-23.05,CA
28816,8/9/2014,Starbucks Coffee,-1.81,CA
28816,8/9/2014,Restaurant - Chinese,-14.94,CA
28816,8/9/2014,Restaurant - Chinese,-48.5,CA
28816,8/9/2014,Ashley's Craft Store,-21.85,CA
28816,8/10/2014,Painting Course Fees,-0.81,CA
28816,8/11/2014,Public Transportation - Bus Pass,-31.07,CA
28816,8/11/2014,Amazon Order - Paint Canvas,-4.35,CA
28816,8/11/2014,Ralph's Grocery Store,-9.12,CA
28816,8/11/2014,Art's Art Supplies,-23.91,CA
28816,8/11/2014,Amazon Order - Paint Canvas,-78.71,CA
28816,8/11/2014,Public Transportation - Bus Pass,-4.45,CA
28816,8/11/2014,Michael's Crafts,-30.57,CA
28816,8/11/2014,Guitar Center,-19.6,CA
28816,8/11/2014,Ashley's Craft Store,-9.51,CA
28816,8/12/2014,Painting Course Fees,-56.18,CA
28816,8/12/2014,Music Lessons - Piano,-25.35,CA
28816,8/12/2014,Amazon Order - Paint Bushes,-0.22,CA
28816,8/12/2014,Lyft,-37.03,CA
28816,8/12/2014,Music Lessons - Piano,-38.22,CA
28816,8/13/2014,Von's Groceries,-19.33,CA
28816,8/14/2014,Sprouts Market,-38.28,CA
28816,8/14/2014,Public Transportation - Bus Pass,-27.95,CA
28816,8/15/2014,Amazon Order - Paint Bushes,-21.89,CA
28816,8/16/2014,Restaurant - Chinese,-33.86,CA
28816,8/16/2014,Starbucks Coffee,-8.88,CA
28816,8/16/2014,Painting Course Fees,-22.69,CA
28816,8/17/2014,Uber,-7.09,CA
28816,8/18/2014,Restaurant - Chinese,-22.65,CA
28816,8/18/2014,Sprouts Market,-2.1,CA
28816,8/18/2014,Michael's Crafts,-33.52,CA
28816,8/18/2014,Art's Art Supplies,-24.9,CA
28816,8/18/2014,Michael's Crafts,-18.95,CA
28816,8/18/2014,Amazon Order - Paint Canvas,-20.86,CA
28816,8/18/2014,Von's Groceries,-2.4,CA
28816,8/19/2014,Music Lessons - Piano,-8.83,CA
28816,8/19/2014,Art's Art Supplies,-43.62,CA
28816,8/20/2014,Art's Art Supplies,-27.64,CA
28816,8/20/2014,Amazon Order - Paint Bushes,-38.81,CA
28816,8/20/2014,Amazon Order - Paint Bushes,-114.75,CA
28816,8/21/2014,Amazon Order - Paint Bushes,-23.36,CA
28816,8/21/2014,Art's Art Supplies,-1.95,CA
28816,8/21/2014,Public Transportation - Bus Pass,-14.67,CA
28816,8/21/2014,Lyft,-34.44,CA
28816,8/21/2014,Taxi,-42.17,CA
28816,8/22/2014,Public Transportation - Bus Pass,-36.36,CA
28816,8/23/2014,Michael's Crafts,-3.69,CA
28816,8/24/2014,Guitar Center,-28.36,CA
28816,8/24/2014,Whole Foods,-13.05,CA
28816,8/24/2014,Sprouts Market,-38.55,CA
28816,8/25/2014,Uber,-84.46,CA
28816,8/25/2014,Art Auction,-22.35,CA
28816,8/26/2014,Amazon Order - Paint Canvas,-7.33,CA
28816,8/26/2014,Amazon Order - Paint Canvas,-9.91,CA
28816,8/26/2014,Music Lessons - Piano,-73.94,CA
28816,8/26/2014,Art Auction,-23.77,CA
28816,8/27/2014,Guitar Center,-15.85,CA
28816,8/27/2014,Music Lessons - Piano,-10.03,CA
28816,8/27/2014,Uber,-8.95,CA
28816,8/27/2014,Lyft,-19.76,CA
28816,8/27/2014,Music Lessons - Piano,-21.11,CA
28816,8/27/2014,Guitar Center,-31.09,CA
28816,8/27/2014,Kay Jewelry,-7.97,CA
28816,8/27/2014,Wedding Planner,-65.19,CA
28816,8/27/2014,Southwest Flights - Cancun,-17.81,CA
28816,8/27/2014,Cancun Beach Resort,-5.5,CA
28816,8/27/2014,Food Delivery - GrubHub,-17.88,CA
28816,8/27/2014,Public Transportation - Train Pass,-117.26,CA
28816,8/28/2014,Public Transportation - Bus Pass,-86.35,CA
28816,8/28/2014,Amazon Order - Paint Canvas,-17.61,CA
28816,8/28/2014,Public Transportation - Train Pass,-0.21,CA
28816,8/28/2014,Lyft,-6.88,CA
28816,8/29/2014,Art's Art Supplies,-37.22,CA
28816,8/29/2014,Uber,-13.13,CA
28816,8/29/2014,Amazon Order - Paint Bushes,-8.87,CA
28816,8/30/2014,Art Auction,-10.74,CA
28816,8/30/2014,Von's Groceries,-37.21,CA
28816,8/30/2014,Public Transportation - Train Pass,-28.56,CA
28816,9/2/2014,Housing Rent,-877,CA
28816,9/2/2014,Netflix Subscription,-4.99,CA
28816,9/2/2014,Navient - Student Loans,-197,CA
28816,9/2/2014,Time Warner Cable,-25,CA
28816,9/2/2014,Credit Card Payment,-154,CA
28816,9/2/2014,Gas & Electric,-32,CA
28816,9/2/2014,Art Auction,-5.61,CA
28816,9/2/2014,Amazon Order - Paint Canvas,-102.32,CA
28816,9/3/2014,Michael's Crafts,-22.85,CA
28816,9/3/2014,Michael's Crafts,-37.57,CA
28816,9/3/2014,Public Transportation - Train Pass,-27.59,CA
28816,9/3/2014,Sprouts Market,-56.16,CA
28816,9/3/2014,Public Transportation - Bus Pass,-17.57,CA
28816,9/3/2014,Art Auction,-22.68,CA
28816,9/3/2014,Public Transportation - Train Pass,-20.7,CA
28816,9/3/2014,Michael's Crafts,-17.43,CA
28816,9/3/2014,Art's Art Supplies,-1.39,CA
28816,9/3/2014,Starbucks Coffee,-35.37,CA
28816,9/4/2014,Ashley's Craft Store,-35.33,CA
28816,9/5/2014,Von's Groceries,-26.62,CA
28816,9/6/2014,Restaurant - Steakhouse,-37.57,CA
28816,9/7/2014,Taxi,-1.55,CA
28816,9/8/2014,Art Auction,-37.8,CA
28816,9/8/2014,Art Auction,-1.26,CA
28816,9/8/2014,Starbucks Coffee,-25.1,CA
28816,9/8/2014,Ashley's Craft Store,-13.74,CA
28816,9/8/2014,Art Auction,-1.48,CA
28816,9/8/2014,Amazon Order - Paint Canvas,-23.28,CA
28816,9/8/2014,Uber,-10.27,CA
28816,9/8/2014,Public Transportation - Bus Pass,-5.89,CA
28816,9/8/2014,Restaurant - Burgers,-112.92,CA
28816,9/9/2014,Art's Art Supplies,-3.42,CA
28816,9/10/2014,Art's Art Supplies,-0.25,CA
28816,9/10/2014,Von's Groceries,-8.41,CA
28816,9/10/2014,Music Lessons - Piano,-94.88,CA
28816,9/10/2014,Public Transportation - Bus Pass,-23.28,CA
28816,9/11/2014,Taxi,-30.96,CA
28816,9/11/2014,Art Auction,-12.65,CA
28816,9/11/2014,Ashley's Craft Store,-55,CA
28816,9/11/2014,Uber,-10.9,CA
28816,9/11/2014,Restaurant - Chinese,-22.37,CA
28816,9/12/2014,Guitar Center,-18.35,CA
28816,9/12/2014,Michael's Crafts,-39.74,CA
28816,9/13/2014,Ashley's Craft Store,-15.25,CA
28816,9/13/2014,Public Transportation - Bus Pass,-73.96,CA
28816,9/13/2014,Guitar Center,-0.68,CA
28816,9/13/2014,Uber,-17.11,CA
28816,9/13/2014,Starbucks Coffee,-11.8,CA
28816,9/13/2014,Amazon Order - Paint Bushes,-93.1,CA
28816,9/13/2014,Lyft,-37.32,CA
28816,9/13/2014,Music Lessons - Piano,-31.85,CA
28816,9/13/2014,Michael's Crafts,-11.44,CA
28816,9/13/2014,Music Lessons - Piano,-70.8,CA
28816,9/13/2014,Amazon Order - Paint Canvas,-84.01,CA
28816,9/13/2014,Art Auction,-43.96,CA
28816,9/13/2014,Amazon Order - Paint Canvas,-54.83,CA
28816,9/13/2014,Ralph's Grocery Store,-10.25,CA
28816,9/13/2014,Amazon Order - Paint Canvas,-12.23,CA
28816,9/13/2014,Michael's Crafts,-27.5,CA
28816,9/14/2014,Amazon Order - Paint Bushes,-1.31,CA
28816,9/15/2014,Restaurant - Burgers,-24.67,CA
28816,9/16/2014,Painting Course Fees,-33.19,CA
28816,9/16/2014,Michael's Crafts,-1.97,CA
28816,9/16/2014,Taxi,-23.23,CA
28816,9/16/2014,Michael's Crafts,-26.85,CA
28816,9/16/2014,Ashley's Craft Store,-8.25,CA
28816,9/16/2014,Michael's Crafts,-119.17,CA
28816,9/17/2014,Amazon Order - Paint Bushes,-13.56,CA
28816,9/17/2014,Michael's Crafts,-18.57,CA
28816,9/17/2014,Public Transportation - Bus Pass,-18.27,CA
28816,9/18/2014,Sprouts Market,-32.69,CA
28816,9/18/2014,Von's Groceries,-31.1,CA
28816,9/19/2014,Restaurant - Steakhouse,-9.33,CA
28816,9/19/2014,Lyft,-29.13,CA
28816,9/20/2014,Public Transportation - Bus Pass,-12.31,CA
28816,9/20/2014,Art Auction,-8.7,CA
28816,9/20/2014,Sprouts Market,-16.72,CA
28816,9/21/2014,Music Lessons - Piano,-2.66,CA
28816,9/22/2014,Painting Course Fees,-3.14,CA
28816,9/22/2014,Art Auction,-94.47,CA
28816,9/23/2014,Lyft,-11.89,CA
28816,9/23/2014,Guitar Center,-6.06,CA
28816,9/23/2014,Amazon Order - Paint Canvas,-13.95,CA
28816,9/23/2014,Ralph's Grocery Store,-20.84,CA
28816,9/23/2014,Music Lessons - Piano,-13.75,CA
28816,9/23/2014,Amazon Order - Paint Canvas,-19.73,CA
28816,9/23/2014,Public Transportation - Bus Pass,-66,CA
28816,9/23/2014,Michael's Crafts,-26.8,CA
28816,9/24/2014,Ashley's Craft Store,-88.38,CA
28816,9/24/2014,Restaurant - Burgers,-35.72,CA
28816,9/25/2014,Music Lessons - Piano,-9.1,CA
28816,9/26/2014,Amazon Order - Paint Canvas,-31.22,CA
28816,9/26/2014,Public Transportation - Bus Pass,-35.12,CA
28816,9/26/2014,Ashley's Craft Store,-4.81,CA
28816,9/26/2014,Restaurant - Chinese,-10.51,CA
28816,9/26/2014,Art's Art Supplies,-13.98,CA
28816,9/27/2014,Guitar Center,-9.94,CA
28816,9/28/2014,Music Lessons - Piano,-27.78,CA
28816,9/28/2014,Painting Course Fees,-7.09,CA
28816,9/28/2014,Music Lessons - Piano,-105.98,CA
28816,9/28/2014,Restaurant - Burgers,-14,CA
28816,9/28/2014,Art Auction,-17.56,CA
28816,9/28/2014,Public Transportation - Bus Pass,-35.51,CA
28816,9/28/2014,Music Lessons - Piano,-9.78,CA
28816,9/28/2014,Public Transportation - Bus Pass,-27.98,CA
28816,9/28/2014,Von's Groceries,-33.12,CA
28816,9/28/2014,Restaurant - Chinese,-10.1,CA
28816,9/28/2014,Restaurant - Chinese,-16.43,CA
28816,9/28/2014,Whole Foods,-10.91,CA
28816,9/29/2014,Ralph's Grocery Store,-31.7,CA
28816,9/29/2014,Uber,-9.07,CA
28816,9/29/2014,Guitar Center,-22.5,CA
28816,9/29/2014,Taxi,-39,CA
28816,9/30/2014,Lyft,-7.39,CA
28816,9/30/2014,Painting Course Fees,-15.05,CA
28816,9/30/2014,Painting Course Fees,-34.17,CA
28816,10/2/2014,Housing Rent,-962,CA
28816,10/2/2014,Netflix Subscription,-4.99,CA
28816,10/2/2014,Navient - Student Loans,-197,CA
28816,10/2/2014,Time Warner Cable,-25,CA
28816,10/2/2014,Credit Card Payment,-154,CA
28816,10/2/2014,Gas & Electric,-32,CA
28816,10/2/2014,Art Auction,-14.73,CA
28816,10/2/2014,Michael's Crafts,-12.26,CA
28816,10/2/2014,Restaurant - Burgers,-33.58,CA
28816,10/2/2014,Ashley's Craft Store,-16.98,CA
28816,10/3/2014,Food Delivery - GrubHub,-14.26,CA
28816,10/3/2014,Public Transportation - Bus Pass,-34.28,CA
28816,10/3/2014,Guitar Center,-28.51,CA
28816,10/3/2014,Amazon Order - Paint Canvas,-2.59,CA
28816,10/3/2014,Restaurant - Burgers,-10.47,CA
28816,10/4/2014,Taxi,-25.24,CA
28816,10/5/2014,Public Transportation - Bus Pass,-35.13,CA
28816,10/6/2014,Ashley's Craft Store,-63.41,CA
28816,10/6/2014,Art's Art Supplies,-69.7,CA
28816,10/7/2014,Restaurant - Burgers,-7.43,CA
28816,10/8/2014,Public Transportation - Train Pass,-4.25,CA
28816,10/8/2014,Amazon Order - Paint Bushes,-9.32,CA
28816,10/9/2014,Restaurant - Steakhouse,-35.29,CA
28816,10/9/2014,Lyft,-78.23,CA
28816,10/9/2014,Ashley's Craft Store,-14.6,CA
28816,10/10/2014,Amazon Order - Paint Bushes,-23.43,CA
28816,10/10/2014,Amazon Order - Paint Bushes,-3.03,CA
28816,10/11/2014,Restaurant - Steakhouse,-32.74,CA
28816,10/11/2014,Guitar Center,-87.3,CA
28816,10/11/2014,Starbucks Coffee,-15.85,CA
28816,10/12/2014,Art Auction,-7.18,CA
28816,10/13/2014,Uber,-2.93,CA
28816,10/14/2014,Amazon Order - Paint Bushes,-109.57,CA
28816,10/14/2014,Art's Art Supplies,-47.01,CA
28816,10/14/2014,Whole Foods,-28.32,CA
28816,10/14/2014,Art's Art Supplies,-108.4,CA
28816,10/14/2014,Amazon Order - Paint Bushes,-19.05,CA
28816,10/14/2014,Taxi,-66.23,CA
28816,10/14/2014,Art's Art Supplies,-107.38,CA
28816,10/14/2014,Amazon Order - Paint Bushes,-0.03,CA
28816,10/14/2014,Public Transportation - Train Pass,-7.33,CA
28816,10/14/2014,Restaurant - Pizza,-8.17,CA
28816,10/15/2014,Starbucks Coffee,-11.28,CA
28816,10/15/2014,Painting Course Fees,-37.36,CA
28816,10/15/2014,Taxi,-24.5,CA
28816,10/16/2014,Amazon Order - Paint Canvas,-38.16,CA
28816,10/16/2014,Restaurant - Burgers,-25.7,CA
28816,10/17/2014,Music Lessons - Piano,-2.85,CA
28816,10/17/2014,Taxi,-12.47,CA
28816,10/18/2014,Amazon Order - Paint Canvas,-0.07,CA
28816,10/18/2014,Lyft,-25.84,CA
28816,10/19/2014,Public Transportation - Train Pass,-23.83,CA
28816,10/19/2014,Ashley's Craft Store,-58.37,CA
28816,10/19/2014,Art's Art Supplies,-27.25,CA
28816,10/20/2014,Music Lessons - Piano,-29.55,CA
28816,10/21/2014,Taxi,-28.32,CA
28816,10/21/2014,Starbucks Coffee,-81.66,CA
28816,10/21/2014,Music Lessons - Piano,-30.49,CA
28816,10/21/2014,Amazon Order - Paint Canvas,-34.94,CA
28816,10/21/2014,Music Lessons - Piano,-16.56,CA
28816,10/22/2014,Guitar Center,-19.52,CA
28816,10/23/2014,Art's Art Supplies,-9.58,CA
28816,10/23/2014,Art's Art Supplies,-28.68,CA
28816,10/23/2014,Art's Art Supplies,-33.9,CA
28816,10/23/2014,Starbucks Coffee,-2.9,CA
28816,10/23/2014,Lyft,-56.51,CA
28816,10/23/2014,Guitar Center,-36.78,CA
28816,10/24/2014,Music Lessons - Piano,-6.64,CA
28816,10/24/2014,Lyft,-22.57,CA
28816,10/24/2014,Public Transportation - Train Pass,-19.65,CA
28816,10/24/2014,Music Lessons - Piano,-9.1,CA
28816,10/24/2014,Art Auction,-75.17,CA
28816,10/24/2014,Music Lessons - Piano,-86.47,CA
28816,10/24/2014,Uber,-22.19,CA
28816,10/24/2014,Uber,-10.73,CA
28816,10/25/2014,Amazon Order - Paint Bushes,-6.96,CA
28816,10/26/2014,Food Delivery - GrubHub,-20.3,CA
28816,10/26/2014,Guitar Center,-34.04,CA
28816,10/26/2014,Lyft,-32.94,CA
28816,10/26/2014,Michael's Crafts,-34.65,CA
28816,10/26/2014,Art's Art Supplies,-73.46,CA
28816,10/26/2014,Michael's Crafts,-0.22,CA
28816,10/26/2014,Amazon Order - Paint Canvas,-2.06,CA
28816,10/26/2014,Art's Art Supplies,-29.33,CA
28816,10/26/2014,Amazon Order - Paint Bushes,-102.27,CA
28816,10/26/2014,Ashley's Craft Store,-37.24,CA
28816,10/26/2014,Public Transportation - Train Pass,-29.22,CA
28816,10/26/2014,Lyft,-4.95,CA
28816,10/27/2014,Restaurant - Chinese,-0.74,CA
28816,10/27/2014,Amazon Order - Paint Bushes,-22.44,CA
28816,10/27/2014,Guitar Center,-20.26,CA
28816,10/28/2014,Painting Course Fees,-18.14,CA
28816,10/28/2014,Von's Groceries,-51.88,CA
28816,10/28/2014,Amazon Order - Paint Canvas,-24.75,CA
28816,10/28/2014,Starbucks Coffee,-36.59,CA
28816,10/29/2014,Guitar Center,-78.36,CA
28816,10/29/2014,Ashley's Craft Store,-10.51,CA
28816,10/29/2014,Music Lessons - Piano,-66.27,CA
28816,10/29/2014,Michael's Crafts,-31.35,CA
28816,10/30/2014,Whole Foods,-37.8,CA
28816,10/30/2014,Guitar Center,-22.47,CA
28816,11/2/2014,Housing Rent,-1212,CA
28816,11/2/2014,Netflix Subscription,-4.99,CA
28816,11/2/2014,Navient - Student Loans,-197,CA
28816,11/2/2014,Time Warner Cable,-25,CA
28816,11/2/2014,Credit Card Payment,-154,CA
28816,11/2/2014,Gas & Electric,-32,CA
28816,11/2/2014,Music Lessons - Piano,-31.36,CA
28816,11/2/2014,Art Auction,-31.53,CA
28816,11/3/2014,Ralph's Grocery Store,-28.26,CA
28816,11/3/2014,Restaurant - Chinese,-32.76,CA
28816,11/3/2014,Whole Foods,-0.78,CA
28816,11/3/2014,Public Transportation - Bus Pass,-74.21,CA
28816,11/3/2014,Restaurant - Pizza,-87.74,CA
28816,11/4/2014,Painting Course Fees,-102.14,CA
28816,11/4/2014,Restaurant - Burgers,-16.58,CA
28816,11/5/2014,Guitar Center,-23,CA
28816,11/6/2014,Public Transportation - Train Pass,-18.4,CA
28816,11/7/2014,Michael's Crafts,-5.99,CA
28816,11/8/2014,Starbucks Coffee,-14.29,CA
28816,11/8/2014,Art Auction,-27.19,CA
28816,11/9/2014,Music Lessons - Piano,-22.21,CA
28816,11/9/2014,Art's Art Supplies,-10.76,CA
28816,11/9/2014,Music Lessons - Piano,-84.24,CA
28816,11/9/2014,Art Auction,-22.4,CA
28816,11/10/2014,Lyft,-32.84,CA
28816,11/11/2014,Lyft,-26.78,CA
28816,11/12/2014,Painting Course Fees,-25.2,CA
28816,11/12/2014,Ralph's Grocery Store,-17.67,CA
28816,11/12/2014,Public Transportation - Bus Pass,-19.77,CA
28816,11/13/2014,Ralph's Grocery Store,-35.83,CA
28816,11/13/2014,Music Lessons - Piano,-4.35,CA
28816,11/13/2014,Music Lessons - Piano,-30.55,CA
28816,11/13/2014,Ashley's Craft Store,-11.84,CA
28816,11/13/2014,Restaurant - Steakhouse,-75.12,CA
28816,11/13/2014,Amazon Order - Paint Canvas,-19.37,CA
28816,11/13/2014,Art's Art Supplies,-14.02,CA
28816,11/13/2014,Music Lessons - Piano,-0.4,CA
28816,11/13/2014,Ashley's Craft Store,-16.81,CA
28816,11/13/2014,Music Lessons - Piano,-28.17,CA
28816,11/13/2014,Amazon Order - Paint Canvas,-13.37,CA
28816,11/13/2014,Music Lessons - Piano,-15.14,CA
28816,11/14/2014,Public Transportation - Bus Pass,-0.57,CA
28816,11/14/2014,Amazon Order - Paint Bushes,-88.39,CA
28816,11/14/2014,Art's Art Supplies,-0.29,CA
28816,11/15/2014,Painting Course Fees,-19.37,CA
28816,11/16/2014,Ralph's Grocery Store,-10.55,CA
28816,11/17/2014,Amazon Order - Paint Bushes,-31.62,CA
28816,11/17/2014,Amazon Order - Paint Bushes,-28.13,CA
28816,11/18/2014,Art's Art Supplies,-27.66,CA
28816,11/19/2014,Public Transportation - Train Pass,-117.45,CA
28816,11/19/2014,Public Transportation - Bus Pass,-5.89,CA
28816,11/19/2014,Food Delivery - GrubHub,-24.23,CA
28816,11/20/2014,Amazon Order - Paint Canvas,-12.76,CA
28816,11/21/2014,Restaurant - Pizza,-26.93,CA
28816,11/21/2014,Painting Course Fees,-29.81,CA
28816,11/21/2014,Painting Course Fees,-33.87,CA
28816,11/21/2014,Taxi,-33.77,CA
28816,11/21/2014,Whole Foods,-2.26,CA
28816,11/21/2014,Guitar Center,-28.38,CA
28816,11/21/2014,Taxi,-10.11,CA
28816,11/21/2014,Food Delivery - GrubHub,-16.98,CA
28816,11/22/2014,Ashley's Craft Store,-106.83,CA
28816,11/22/2014,Restaurant - Burgers,-37.94,CA
28816,11/22/2014,Restaurant - Pizza,-2.84,CA
28816,11/23/2014,Starbucks Coffee,-7.18,CA
28816,11/24/2014,Ashley's Craft Store,-14.1,CA
28816,11/24/2014,Restaurant - Burgers,-8.94,CA
28816,11/25/2014,Food Delivery - GrubHub,-7.53,CA
28816,11/25/2014,Ashley's Craft Store,-35.74,CA
28816,11/26/2014,Public Transportation - Train Pass,-8.02,CA
28816,11/26/2014,Amazon Order - Paint Canvas,-0.18,CA
28816,11/27/2014,Music Lessons - Piano,-36.2,CA
28816,11/28/2014,Restaurant - Burgers,-9.5,CA
28816,11/29/2014,Taxi,-16.59,CA
28816,11/29/2014,Uber,-37.08,CA
28816,11/29/2014,Painting Course Fees,-24.3,CA
28816,11/30/2014,Music Lessons - Piano,-43.22,CA
28816,12/2/2014,Paycheck,3834,CA
28816,12/2/2014,Housing Rent,-1100,CA
28816,12/2/2014,Netflix Subscription,-4.99,CA
28816,12/2/2014,Navient - Student Loans,-197,CA
28816,12/2/2014,Time Warner Cable,-25,CA
28816,12/2/2014,Credit Card Payment,-154,CA
28816,12/2/2014,Gas & Electric,-32,CA
28816,12/2/2014,Restaurant - Chinese,-30.63,CA
28816,12/3/2014,Guitar Center,-5.13,CA
28816,12/3/2014,Restaurant - Chinese,-78.75,CA
28816,12/3/2014,Sprouts Market,-33.09,CA
28816,12/3/2014,Amazon Order - Paint Bushes,-73.1,CA
28816,12/3/2014,Lyft,-36.37,CA
28816,12/3/2014,Restaurant - Steakhouse,-35.12,CA
28816,12/4/2014,Whole Foods,-3.06,CA
28816,12/4/2014,Public Transportation - Bus Pass,-111.11,CA
28816,12/5/2014,Guitar Center,-14.93,CA
28816,12/5/2014,Whole Foods,-18.37,CA
28816,12/6/2014,Public Transportation - Train Pass,-15.33,CA
28816,12/7/2014,Amazon Order - Paint Bushes,-25.03,CA
28816,12/8/2014,Art's Art Supplies,-108.71,CA
28816,12/8/2014,Public Transportation - Bus Pass,-17.55,CA
28816,12/8/2014,Amazon Order - Paint Canvas,-5.47,CA
28816,12/8/2014,Public Transportation - Train Pass,-26.32,CA
28816,12/8/2014,Von's Groceries,-33.02,CA
28816,12/8/2014,Michael's Crafts,-3.48,CA
28816,12/8/2014,Music Lessons - Piano,-28.12,CA
28816,12/9/2014,Painting Course Fees,-20.27,CA
28816,12/9/2014,Michael's Crafts,-32.95,CA
28816,12/9/2014,Art Auction,-25.12,CA
28816,12/9/2014,Amazon Order - Paint Canvas,-59.63,CA
28816,12/9/2014,Amazon Order - Paint Canvas,-34.88,CA
28816,12/10/2014,Amazon Order - Paint Canvas,-15.32,CA
28816,12/10/2014,Taxi,-23.55,CA
28816,12/10/2014,Art's Art Supplies,-32.31,CA
28816,12/10/2014,Sprouts Market,-17.5,CA
28816,12/10/2014,Taxi,-6.58,CA
28816,12/10/2014,Starbucks Coffee,-22.88,CA
28816,12/11/2014,Amazon Order - Paint Bushes,-101.35,CA
28816,12/12/2014,Painting Course Fees,-37.04,CA
28816,12/13/2014,Whole Foods,-9.94,CA
28816,12/13/2014,Taxi,-29.52,CA
28816,12/13/2014,Music Lessons - Piano,-34.78,CA
28816,12/14/2014,Amazon Order - Paint Bushes,-7.37,CA
28816,12/15/2014,Restaurant - Pizza,-25.75,CA
28816,12/15/2014,Food Delivery - GrubHub,-29.4,CA
28816,12/15/2014,Guitar Center,-18.08,CA
28816,12/15/2014,Music Lessons - Piano,-103.66,CA
28816,12/15/2014,Guitar Center,-12.04,CA
28816,12/15/2014,Starbucks Coffee,-78.9,CA
28816,12/16/2014,Von's Groceries,-9.02,CA
28816,12/16/2014,Painting Course Fees,-1.61,CA
28816,12/16/2014,Taxi,-14.89,CA
28816,12/17/2014,Public Transportation - Train Pass,-5.65,CA
28816,12/17/2014,Ralph's Grocery Store,-25.58,CA
28816,12/17/2014,Taxi,-46.42,CA
28816,12/17/2014,Guitar Center,-24.08,CA
28816,12/17/2014,Amazon Order - Paint Canvas,-6.81,CA
28816,12/17/2014,Restaurant - Steakhouse,-106.62,CA
28816,12/17/2014,Whole Foods,-33.11,CA
28816,12/17/2014,Public Transportation - Train Pass,-38.26,CA
28816,12/18/2014,Restaurant - Chinese,-20.47,CA
28816,12/19/2014,Food Delivery - GrubHub,-19.17,CA
28816,12/19/2014,Ralph's Grocery Store,-32.84,CA
28816,12/20/2014,Michael's Crafts,-4.37,CA
28816,12/20/2014,Michael's Crafts,-18.93,CA
28816,12/20/2014,Uber,-8.08,CA
28816,12/20/2014,Painting Course Fees,-58.24,CA
28816,12/20/2014,Ashley's Craft Store,-21.85,CA
28816,12/21/2014,Public Transportation - Bus Pass,-35.4,CA
28816,12/21/2014,Painting Course Fees,-6.93,CA
28816,12/21/2014,Amazon Order - Paint Canvas,-22.19,CA
28816,12/22/2014,Art Auction,-37.63,CA
28816,12/22/2014,Restaurant - Burgers,-28.33,CA
28816,12/22/2014,Music Lessons - Piano,-91.79,CA
28816,12/22/2014,Painting Course Fees,-34.41,CA
28816,12/22/2014,Amazon Order - Paint Bushes,-33.58,CA
28816,12/22/2014,Michael's Crafts,-6.76,CA
28816,12/22/2014,Restaurant - Chinese,-10.05,CA
28816,12/22/2014,Guitar Center,-29.59,CA
28816,12/23/2014,Ashley's Craft Store,-54.36,CA
28816,12/23/2014,Taxi,-35.68,CA
28816,12/23/2014,Sprouts Market,-17.55,CA
28816,12/24/2014,Painting Course Fees,-64.86,CA
28816,12/25/2014,Ashley's Craft Store,-18.42,CA
28816,12/25/2014,Taxi,-24.22,CA
28816,12/25/2014,Music Lessons - Piano,-31.24,CA
28816,12/25/2014,Starbucks Coffee,-17.79,CA
28816,12/25/2014,Restaurant - Chinese,-4.46,CA
28816,12/25/2014,Art Auction,-53.25,CA
28816,12/25/2014,Taxi,-6.97,CA
28816,12/25/2014,Music Lessons - Piano,-3.83,CA
28816,12/26/2014,Art's Art Supplies,-25.44,CA
28816,12/27/2014,Amazon Order - Paint Bushes,-79.14,CA
28816,12/27/2014,Whole Foods,-19.27,CA
28816,12/27/2014,Ralph's Grocery Store,-116.94,CA
28816,12/27/2014,Public Transportation - Train Pass,-39.99,CA
28816,12/27/2014,Art Auction,-16.55,CA
28816,12/28/2014,Ashley's Craft Store,-109.7,CA
28816,12/28/2014,Guitar Center,-94.05,CA
28816,12/29/2014,Painting Course Fees,-6.81,CA
28816,12/29/2014,Music Lessons - Piano,-35.99,CA
28816,12/30/2014,Food Delivery - GrubHub,-14.37,CA
28816,12/32/2014,Amazon Order - Paint Canvas,-20.44,CA
