auth_id, Date, Vendor, Amount, Location 
91528,1/2/2013,Lyft,-35.81,CA
91528,1/2/2013,On Demand TV,-36.73,CA
91528,1/2/2013,Uber,-38.34,CA
91528,1/2/2013,Wine Delivery,-34.55,CA
91528,1/2/2013,On Demand TV,-29.13,CA
91528,1/2/2013,Pet Smart,-30.72,CA
91528,1/2/2013,Public Transportation - Bus Pass,-36.8,CA
91528,1/2/2013,Public Transportation - Bus Pass,-28.24,CA
91528,1/2/2013,PlayStation Membership,-9.69,CA
91528,1/2/2013,Whole Foods,-37.24,CA
91528,1/2/2013,Red Box DVD Rental,-77.06,CA
91528,1/2/2013,Food Delivery - GrubHub,-37.92,CA
91528,1/2/2013,On Demand Movie,-25.69,CA
91528,1/2/2013,PlayStation Membership,-24.79,CA
91528,1/2/2013,Food Delivery - GrubHub,-13.01,CA
91528,1/3/2013,PlayStation Membership,-6.26,CA
91528,1/3/2013,PlayStation Membership,-27.16,CA
91528,1/3/2013,Sprouts Market,-11.85,CA
91528,1/4/2013,Uber,-72.94,CA
91528,1/4/2013,Wine Delivery,-1.73,CA
91528,1/4/2013,Wine Delivery,-1.78,CA
91528,1/4/2013,Podcast Subscription,-86.79,CA
91528,1/5/2013,On Demand TV,-84.07,CA
91528,1/6/2013,Restaurant - Steakhouse,-16.9,CA
91528,1/7/2013,Public Transportation - Bus Pass,-23.65,CA
91528,1/7/2013,PlayStation Membership,-27.35,CA
91528,1/8/2013,Pet Smart,-106.41,CA
91528,1/9/2013,Wine Delivery,-14.96,CA
91528,1/10/2013,Von's Groceries,-17.61,CA
91528,1/10/2013,Food Delivery - GrubHub,-54.85,CA
91528,1/11/2013,PlayStation Membership,-0.09,CA
91528,1/12/2013,Lyft,-39.7,CA
91528,1/12/2013,Food Delivery - GrubHub,-12.53,CA
91528,1/13/2013,Pet Smart,-38.19,CA
91528,1/14/2013,Restaurant - Chinese,-46.58,CA
91528,1/15/2013,Red Box DVD Rental,-39.5,CA
91528,1/15/2013,Pet Smart,-25.19,CA
91528,1/15/2013,Red Box DVD Rental,-2.01,CA
91528,1/16/2013,Lyft,-35.08,CA
91528,1/17/2013,Podcast Subscription,-7.49,CA
91528,1/17/2013,PlayStation Membership,-102.94,CA
91528,1/17/2013,Taxi,-35.31,CA
91528,1/17/2013,Taxi,-4.3,CA
91528,1/17/2013,Food Delivery - Uber Eats,-7.08,CA
91528,1/17/2013,On Demand Movie,-36.63,CA
91528,1/17/2013,Uber,-2.23,CA
91528,1/17/2013,Red Box DVD Rental,-71.64,CA
91528,1/17/2013,Public Transportation - Train Pass,-77.88,CA
91528,1/17/2013,Pet Supply - Cat Food,-32.25,CA
91528,1/18/2013,Sprouts Market,-31.5,CA
91528,1/19/2013,Food Delivery - Uber Eats,-117.92,CA
91528,1/19/2013,Pet Supply - Cat Food,-9.43,CA
91528,1/20/2013,Restaurant - Pizza,-19.84,CA
91528,1/20/2013,Public Transportation - Bus Pass,-16.54,CA
91528,1/21/2013,Pet Supply - Cat Food,-22.72,CA
91528,1/21/2013,Public Transportation - Train Pass,-60.79,CA
91528,1/21/2013,Restaurant - Pizza,-35.43,CA
91528,1/22/2013,Red Box DVD Rental,-77.09,CA
91528,1/23/2013,Sprouts Market,-18.96,CA
91528,1/24/2013,On Demand TV,-33.61,CA
91528,1/24/2013,PlayStation Membership,-60.36,CA
91528,1/24/2013,PlayStation Membership,-37.01,CA
91528,1/24/2013,Ralph's Grocery Store,-19.49,CA
91528,1/24/2013,Whole Foods,-90.17,CA
91528,1/24/2013,PlayStation Membership,-39.78,CA
91528,1/25/2013,Public Transportation - Train Pass,-29.33,CA
91528,1/25/2013,Food Delivery - Uber Eats,-1.99,CA
91528,1/26/2013,Food Delivery - GrubHub,-51.03,CA
91528,1/26/2013,Red Box DVD Rental,-34.05,CA
91528,1/26/2013,Podcast Subscription,-2.38,CA
91528,1/26/2013,Public Transportation - Train Pass,-12.88,CA
91528,1/26/2013,On Demand Movie,-17.07,CA
91528,1/26/2013,Taxi,-32.39,CA
91528,1/26/2013,Uber,-11.28,CA
91528,1/26/2013,Food Delivery - Uber Eats,-35.23,CA
91528,1/26/2013,Taxi,-53.92,CA
91528,1/26/2013,Starbucks Coffee,-57.47,CA
91528,1/26/2013,Public Transportation - Train Pass,-23.1,CA
91528,1/26/2013,Restaurant - Pizza,-15.28,CA
91528,1/27/2013,Public Transportation - Bus Pass,-30.23,CA
91528,1/27/2013,Pet Smart,-69.16,CA
91528,1/28/2013,Restaurant - Steakhouse,-45.81,CA
91528,1/29/2013,Public Transportation - Bus Pass,-31.07,CA
91528,1/29/2013,Public Transportation - Bus Pass,-30.77,CA
91528,1/29/2013,Pet Smart,-11.77,CA
91528,1/30/2013,Ralph's Grocery Store,-34.53,CA
91528,1/30/2013,Restaurant - Burgers,-101.06,CA
91528,1/30/2013,Restaurant - Steakhouse,-34.54,CA
91528,1/30/2013,On Demand Movie,-0.28,CA
91528,3/2/2013,Paycheck,3711,CA
91528,3/2/2013,Housing Rent,-753,CA
91528,3/2/2013,Water & Sewer,-53,CA
91528,3/2/2013,ACS - Student Loans,-135,CA
91528,3/2/2013,Credit Card Payment,-154,CA
91528,3/2/2013,Netflix Subscription,-4.99,CA
91528,3/2/2013,Time Warner Cable,-25,CA
91528,3/2/2013,On Demand Movie,-47.47,CA
91528,3/3/2013,Food Delivery - Uber Eats,-28.24,CA
91528,3/4/2013,Taxi,-8.16,CA
91528,3/4/2013,On Demand Movie,-72.6,CA
91528,3/4/2013,Food Delivery - GrubHub,-56.86,CA
91528,3/4/2013,On Demand Movie,-30.75,CA
91528,3/4/2013,Red Box DVD Rental,-1.01,CA
91528,3/4/2013,Food Delivery - GrubHub,-35.28,CA
91528,3/4/2013,Taxi,-28.36,CA
91528,3/5/2013,Pet Smart,-27.61,CA
91528,3/6/2013,Restaurant - Steakhouse,-29.25,CA
91528,3/7/2013,Restaurant - Chinese,-85.67,CA
91528,3/7/2013,Pet Supply - Cat Food,-16.4,CA
91528,3/8/2013,Whole Foods,-34.5,CA
91528,3/9/2013,Wine Delivery,-39.02,CA
91528,3/9/2013,On Demand TV,-30.23,CA
91528,3/9/2013,Restaurant - Pizza,-38.68,CA
91528,3/9/2013,Restaurant - Steakhouse,-33.4,CA
91528,3/10/2013,Pet Smart,-28.05,CA
91528,3/10/2013,Restaurant - Chinese,-54.02,CA
91528,3/10/2013,Uber,-24.53,CA
91528,3/10/2013,Restaurant - Pizza,-3.35,CA
91528,3/10/2013,Food Delivery - GrubHub,-22.79,CA
91528,3/10/2013,On Demand Movie,-26.68,CA
91528,3/10/2013,Pet Smart,-17.67,CA
91528,3/10/2013,PlayStation Membership,-33.12,CA
91528,3/10/2013,On Demand TV,-5.44,CA
91528,3/10/2013,Ralph's Grocery Store,-28.59,CA
91528,3/10/2013,Uber,-103.96,CA
91528,3/10/2013,Wine Delivery,-6.93,CA
91528,3/10/2013,Von's Groceries,-37.94,CA
91528,3/10/2013,On Demand TV,-23.54,CA
91528,3/10/2013,Whole Foods,-4.18,CA
91528,3/10/2013,Uber,-34.19,CA
91528,3/11/2013,Pet Smart,-98.5,CA
91528,3/12/2013,On Demand Movie,-7.2,CA
91528,3/12/2013,Restaurant - Steakhouse,-31.06,CA
91528,3/12/2013,Food Delivery - GrubHub,-20.65,CA
91528,3/13/2013,Sprouts Market,-10.02,CA
91528,3/13/2013,Food Delivery - GrubHub,-16.53,CA
91528,3/13/2013,PlayStation Membership,-37.36,CA
91528,3/13/2013,Food Delivery - Uber Eats,-27.39,CA
91528,3/14/2013,Public Transportation - Train Pass,-46.22,CA
91528,3/15/2013,Lyft,-18.96,CA
91528,3/15/2013,Food Delivery - Uber Eats,-19.5,CA
91528,3/16/2013,Red Box DVD Rental,-7.31,CA
91528,3/16/2013,Starbucks Coffee,-48.22,CA
91528,3/16/2013,On Demand TV,-15.29,CA
91528,3/16/2013,Podcast Subscription,-14.83,CA
91528,3/17/2013,Public Transportation - Bus Pass,-96.79,CA
91528,3/17/2013,Pet Supply - Cat Food,-6.23,CA
91528,3/18/2013,Food Delivery - Uber Eats,-16.34,CA
91528,3/18/2013,Public Transportation - Bus Pass,-2.31,CA
91528,3/19/2013,Sprouts Market,-11.77,CA
91528,3/19/2013,Food Delivery - GrubHub,-39.81,CA
91528,3/19/2013,Starbucks Coffee,-101.59,CA
91528,3/20/2013,Starbucks Coffee,-29.38,CA
91528,3/20/2013,Pet Supply - Cat Food,-19.97,CA
91528,3/20/2013,Food Delivery - GrubHub,-108.11,CA
91528,3/21/2013,Public Transportation - Bus Pass,-87.78,CA
91528,3/21/2013,Wine Delivery,-38.2,CA
91528,3/21/2013,On Demand TV,-119.6,CA
91528,3/21/2013,Restaurant - Burgers,-19.75,CA
91528,3/21/2013,Public Transportation - Train Pass,-15.94,CA
91528,3/22/2013,Ralph's Grocery Store,-14.67,CA
91528,3/22/2013,Lyft,-26.79,CA
91528,3/22/2013,Wine Delivery,-8.62,CA
91528,3/22/2013,Pet Smart,-31.74,CA
91528,3/22/2013,Food Delivery - Uber Eats,-7.68,CA
91528,3/22/2013,Uber,-20.61,CA
91528,3/23/2013,Von's Groceries,-8.3,CA
91528,3/24/2013,Public Transportation - Train Pass,-34.21,CA
91528,3/24/2013,Wine Delivery,-15.35,CA
91528,3/24/2013,Whole Foods,-88.95,CA
91528,3/24/2013,Food Delivery - GrubHub,-8.55,CA
91528,3/25/2013,Restaurant - Pizza,-6.42,CA
91528,3/25/2013,Ralph's Grocery Store,-51.77,CA
91528,3/26/2013,Von's Groceries,-25.57,CA
91528,3/27/2013,PlayStation Membership,-20.72,CA
91528,3/27/2013,Food Delivery - Uber Eats,-0.4,CA
91528,3/28/2013,On Demand TV,-35.73,CA
91528,3/28/2013,PlayStation Membership,-82.25,CA
91528,3/28/2013,Von's Groceries,-16.45,CA
91528,3/29/2013,Pet Smart,-37.41,CA
91528,3/29/2013,Pet Supply - Cat Food,-17.02,CA
91528,3/29/2013,On Demand TV,-36.09,CA
91528,3/29/2013,On Demand Movie,-19.79,CA
91528,3/29/2013,Public Transportation - Train Pass,-24.21,CA
91528,3/29/2013,Pet Smart,-20.82,CA
91528,3/29/2013,Food Delivery - GrubHub,-0.8,CA
91528,3/30/2013,Food Delivery - GrubHub,-109.19,CA
91528,4/2/2013,Housing Rent,-1339,CA
91528,4/2/2013,Water & Sewer,-53,CA
91528,4/2/2013,ACS - Student Loans,-135,CA
91528,4/2/2013,Credit Card Payment,-154,CA
91528,4/2/2013,Netflix Subscription,-4.99,CA
91528,4/2/2013,Time Warner Cable,-25,CA
91528,4/2/2013,Public Transportation - Train Pass,-17.94,CA
91528,4/2/2013,Pet Supply - Cat Food,-34.09,CA
91528,4/2/2013,Food Delivery - Uber Eats,-1.35,CA
91528,4/3/2013,Whole Foods,-17.09,CA
91528,4/3/2013,Public Transportation - Train Pass,-19.64,CA
91528,4/3/2013,Restaurant - Pizza,-78.95,CA
91528,4/3/2013,PlayStation Membership,-10.36,CA
91528,4/3/2013,Food Delivery - GrubHub,-19.96,CA
91528,4/4/2013,Podcast Subscription,-12.48,CA
91528,4/4/2013,Public Transportation - Train Pass,-11.15,CA
91528,4/5/2013,On Demand Movie,-41.57,CA
91528,4/5/2013,Restaurant - Steakhouse,-32.78,CA
91528,4/5/2013,Podcast Subscription,-36.44,CA
91528,4/5/2013,Red Box DVD Rental,-3.47,CA
91528,4/5/2013,Wine Delivery,-16.8,CA
91528,4/6/2013,Red Box DVD Rental,-5.72,CA
91528,4/6/2013,Public Transportation - Train Pass,-111.12,CA
91528,4/7/2013,Wine Delivery,-9.15,CA
91528,4/7/2013,Food Delivery - GrubHub,-95.12,CA
91528,4/7/2013,On Demand Movie,-39.12,CA
91528,4/7/2013,PlayStation Membership,-29.56,CA
91528,4/7/2013,Wine Delivery,-84.52,CA
91528,4/7/2013,Ralph's Grocery Store,-33.06,CA
91528,4/7/2013,Pet Smart,-13.09,CA
91528,4/7/2013,Restaurant - Pizza,-23.05,CA
91528,4/7/2013,Restaurant - Steakhouse,-27.55,CA
91528,4/8/2013,Red Box DVD Rental,-1.98,CA
91528,4/9/2013,Podcast Subscription,-21.08,CA
91528,4/9/2013,Von's Groceries,-23.08,CA
91528,4/9/2013,Pet Smart,-30.04,CA
91528,4/10/2013,Pet Supply - Cat Food,-18.73,CA
91528,4/10/2013,Von's Groceries,-22.75,CA
91528,4/10/2013,Podcast Subscription,-78.7,CA
91528,4/10/2013,Starbucks Coffee,-118.38,CA
91528,4/10/2013,Pet Smart,-36.89,CA
91528,4/10/2013,Uber,-16.26,CA
91528,4/11/2013,On Demand TV,-20.17,CA
91528,4/11/2013,Food Delivery - Uber Eats,-45.56,CA
91528,4/11/2013,Restaurant - Burgers,-14.94,CA
91528,4/11/2013,Whole Foods,-3.35,CA
91528,4/12/2013,Lyft,-26.53,CA
91528,4/12/2013,Food Delivery - Uber Eats,-18.52,CA
91528,4/13/2013,Food Delivery - Uber Eats,-31.64,CA
91528,4/13/2013,Wine Delivery,-3.03,CA
91528,4/13/2013,Food Delivery - Uber Eats,-31.12,CA
91528,4/14/2013,Uber,-15.07,CA
91528,4/14/2013,Taxi,-9.88,CA
91528,4/15/2013,Restaurant - Pizza,-30.95,CA
91528,4/16/2013,PlayStation Membership,-38.55,CA
91528,4/17/2013,Taxi,-115.63,CA
91528,4/18/2013,Red Box DVD Rental,-38.02,CA
91528,4/19/2013,Pet Smart,-81.09,CA
91528,4/19/2013,Restaurant - Chinese,-8.22,CA
91528,4/19/2013,Von's Groceries,-72.69,CA
91528,4/19/2013,Podcast Subscription,-34.27,CA
91528,4/19/2013,PlayStation Membership,-18.96,CA
91528,4/19/2013,Podcast Subscription,-29.67,CA
91528,4/19/2013,On Demand TV,-12.07,CA
91528,4/20/2013,Whole Foods,-16.39,CA
91528,4/20/2013,Pet Supply - Cat Food,-95.06,CA
91528,4/20/2013,PlayStation Membership,-2.97,CA
91528,4/20/2013,Taxi,-8.41,CA
91528,4/20/2013,Food Delivery - GrubHub,-15.63,CA
91528,4/20/2013,Wine Delivery,-37.97,CA
91528,4/21/2013,Taxi,-2.41,CA
91528,4/21/2013,Food Delivery - GrubHub,-33.27,CA
91528,4/22/2013,Pet Supply - Cat Food,-8.65,CA
91528,4/22/2013,Public Transportation - Bus Pass,-42.94,CA
91528,4/23/2013,PlayStation Membership,-28.4,CA
91528,4/24/2013,Food Delivery - GrubHub,-8.78,CA
91528,4/25/2013,PlayStation Membership,-17.76,CA
91528,4/25/2013,Podcast Subscription,-12.6,CA
91528,4/26/2013,Uber,-43.81,CA
91528,4/26/2013,PlayStation Membership,-18.77,CA
91528,4/26/2013,Sprouts Market,-3.67,CA
91528,4/27/2013,Uber,-31.85,CA
91528,4/28/2013,Public Transportation - Train Pass,-12.47,CA
91528,4/28/2013,Lyft,-54.81,CA
91528,4/29/2013,Sprouts Market,-3.02,CA
91528,4/29/2013,Taxi,-31.09,CA
91528,4/30/2013,On Demand Movie,-25.65,CA
91528,4/30/2013,Public Transportation - Train Pass,-31.27,CA
91528,5/2/2013,Housing Rent,-978,CA
91528,5/2/2013,Water & Sewer,-53,CA
91528,5/2/2013,ACS - Student Loans,-135,CA
91528,5/2/2013,Credit Card Payment,-154,CA
91528,5/2/2013,Netflix Subscription,-4.99,CA
91528,5/2/2013,Time Warner Cable,-25,CA
91528,5/2/2013,Restaurant - Pizza,-18.19,CA
91528,5/2/2013,Whole Foods,-26.97,CA
91528,5/2/2013,Wine Delivery,-73.36,CA
91528,5/2/2013,Von's Groceries,-106.92,CA
91528,5/2/2013,Pet Supply - Cat Food,-13.63,CA
91528,5/3/2013,Wine Delivery,-4.38,CA
91528,5/3/2013,Food Delivery - GrubHub,-12.34,CA
91528,5/4/2013,Pet Smart,-35.49,CA
91528,5/4/2013,Public Transportation - Bus Pass,-12.46,CA
91528,5/4/2013,Lyft,-11.35,CA
91528,5/5/2013,Pet Smart,-20.11,CA
91528,5/5/2013,Restaurant - Burgers,-32.9,CA
91528,5/5/2013,Whole Foods,-28.86,CA
91528,5/5/2013,Public Transportation - Bus Pass,-32.67,CA
91528,5/6/2013,Red Box DVD Rental,-8.58,CA
91528,5/6/2013,On Demand TV,-28.89,CA
91528,5/7/2013,Restaurant - Pizza,-7.8,CA
91528,5/8/2013,Public Transportation - Train Pass,-17.44,CA
91528,5/8/2013,Podcast Subscription,-61.92,CA
91528,5/8/2013,On Demand Movie,-38.19,CA
91528,5/8/2013,Wine Delivery,-13.9,CA
91528,5/8/2013,Public Transportation - Train Pass,-33.81,CA
91528,5/9/2013,Wine Delivery,-34.62,CA
91528,5/9/2013,Food Delivery - GrubHub,-30.45,CA
91528,5/9/2013,Podcast Subscription,-3.15,CA
91528,5/9/2013,Food Delivery - GrubHub,-4.7,CA
91528,5/10/2013,On Demand Movie,-94.87,CA
91528,5/11/2013,Pet Supply - Cat Food,-30.74,CA
91528,5/12/2013,Public Transportation - Train Pass,-21.72,CA
91528,5/12/2013,Taxi,-10.02,CA
91528,5/12/2013,Red Box DVD Rental,-32.51,CA
91528,5/12/2013,Food Delivery - Uber Eats,-57.19,CA
91528,5/12/2013,Restaurant - Burgers,-3.93,CA
91528,5/13/2013,On Demand TV,-20.6,CA
91528,5/13/2013,Red Box DVD Rental,-34.79,CA
91528,5/13/2013,PlayStation Membership,-21.74,CA
91528,5/14/2013,Podcast Subscription,-27.85,CA
91528,5/14/2013,Food Delivery - GrubHub,-3.27,CA
91528,5/15/2013,On Demand Movie,-32.02,CA
91528,5/15/2013,Taxi,-90.6,CA
91528,5/15/2013,Ralph's Grocery Store,-9.33,CA
91528,5/16/2013,On Demand TV,-37.95,CA
91528,5/16/2013,Public Transportation - Train Pass,-34.06,CA
91528,5/16/2013,Wine Delivery,-7.01,CA
91528,5/16/2013,Lyft,-25.76,CA
91528,5/17/2013,Food Delivery - GrubHub,-23.85,CA
91528,5/18/2013,Pet Supply - Cat Food,-62.09,CA
91528,5/18/2013,Food Delivery - Uber Eats,-16.42,CA
91528,5/19/2013,Podcast Subscription,-23.31,CA
91528,5/19/2013,Podcast Subscription,-111.68,CA
91528,5/19/2013,Podcast Subscription,-9.3,CA
91528,5/19/2013,Pet Smart,-37.73,CA
91528,5/19/2013,Pet Supply - Cat Food,-24.25,CA
91528,5/20/2013,Restaurant - Chinese,-22.78,CA
91528,5/20/2013,Von's Groceries,-12.38,CA
91528,5/20/2013,Red Box DVD Rental,-5.14,CA
91528,5/21/2013,Public Transportation - Bus Pass,-14.75,CA
91528,5/22/2013,Taxi,-17.78,CA
91528,5/22/2013,Food Delivery - GrubHub,-20.46,CA
91528,5/22/2013,Food Delivery - GrubHub,-39.31,CA
91528,5/22/2013,Public Transportation - Bus Pass,-27.87,CA
91528,5/22/2013,Taxi,-17.68,CA
91528,5/22/2013,Uber,-6.5,CA
91528,5/22/2013,Food Delivery - GrubHub,-1.09,CA
91528,5/23/2013,On Demand Movie,-11.76,CA
91528,5/23/2013,Food Delivery - GrubHub,-31.15,CA
91528,5/23/2013,Taxi,-106.85,CA
91528,5/23/2013,Wine Delivery,-25.76,CA
91528,5/23/2013,On Demand Movie,-6.46,CA
91528,5/23/2013,Red Box DVD Rental,-73.96,CA
91528,5/23/2013,On Demand Movie,-25.19,CA
91528,5/23/2013,Red Box DVD Rental,-22.52,CA
91528,5/23/2013,Public Transportation - Train Pass,-9.75,CA
91528,5/23/2013,Pet Supply - Cat Food,-21.74,CA
91528,5/23/2013,Uber,-29.99,CA
91528,5/23/2013,Sprouts Market,-3.26,CA
91528,5/23/2013,Red Box DVD Rental,-33.6,CA
91528,5/23/2013,Restaurant - Burgers,-22.45,CA
91528,5/24/2013,Ralph's Grocery Store,-15.6,CA
91528,5/24/2013,Restaurant - Steakhouse,-55.24,CA
91528,5/25/2013,Starbucks Coffee,-25.43,CA
91528,5/26/2013,Pet Smart,-33.06,CA
91528,5/27/2013,Pet Supply - Cat Food,-28.4,CA
91528,5/28/2013,Wine Delivery,-103.76,CA
91528,5/29/2013,Food Delivery - Uber Eats,-7.57,CA
91528,5/29/2013,Food Delivery - GrubHub,-38.31,CA
91528,5/29/2013,Pet Smart,-15.66,CA
91528,5/29/2013,Wine Delivery,-99.23,CA
91528,5/29/2013,Starbucks Coffee,-10.47,CA
91528,5/29/2013,Food Delivery - Uber Eats,-29.07,CA
91528,5/29/2013,On Demand Movie,-0.52,CA
91528,5/30/2013,PlayStation Membership,-86.67,CA
91528,5/30/2013,Uber,-2.81,CA
91528,5/30/2013,Taxi,-16.4,CA
91528,5/30/2013,Public Transportation - Train Pass,-39.17,CA
91528,5/30/2013,PlayStation Membership,-2.14,CA
91528,6/2/2013,Housing Rent,-1228,CA
91528,6/2/2013,Water & Sewer,-53,CA
91528,6/2/2013,ACS - Student Loans,-135,CA
91528,6/2/2013,Credit Card Payment,-154,CA
91528,6/2/2013,Netflix Subscription,-4.99,CA
91528,6/2/2013,Time Warner Cable,-25,CA
91528,6/2/2013,On Demand TV,-18.34,CA
91528,6/2/2013,Podcast Subscription,-23.11,CA
91528,6/2/2013,Restaurant - Steakhouse,-31.86,CA
91528,6/3/2013,Pet Smart,-4.26,CA
91528,6/3/2013,PlayStation Membership,-39.55,CA
91528,6/3/2013,On Demand Movie,-7.28,CA
91528,6/3/2013,Food Delivery - GrubHub,-4.66,CA
91528,6/3/2013,Food Delivery - Uber Eats,-10.09,CA
91528,6/3/2013,Uber,-10.13,CA
91528,6/4/2013,Food Delivery - Uber Eats,-36.79,CA
91528,6/4/2013,Podcast Subscription,-24.82,CA
91528,6/5/2013,On Demand Movie,-37.39,CA
91528,6/5/2013,Podcast Subscription,-35.48,CA
91528,6/6/2013,Pet Supply - Cat Food,-24.93,CA
91528,6/6/2013,Wine Delivery,-13.76,CA
91528,6/7/2013,Red Box DVD Rental,-6.12,CA
91528,6/7/2013,Restaurant - Steakhouse,-18.16,CA
91528,6/8/2013,Pet Smart,-99.87,CA
91528,6/8/2013,Starbucks Coffee,-25.64,CA
91528,6/8/2013,Pet Supply - Cat Food,-0.81,CA
91528,6/9/2013,Food Delivery - GrubHub,-60.33,CA
91528,6/9/2013,Lyft,-24.6,CA
91528,6/9/2013,Restaurant - Burgers,-25.77,CA
91528,6/9/2013,Wine Delivery,-23.91,CA
91528,6/9/2013,Pet Supply - Cat Food,-9.65,CA
91528,6/10/2013,Food Delivery - Uber Eats,-12.83,CA
91528,6/10/2013,Sprouts Market,-43.74,CA
91528,6/10/2013,Lyft,-80.42,CA
91528,6/11/2013,Starbucks Coffee,-7.64,CA
91528,6/11/2013,On Demand TV,-35.07,CA
91528,6/12/2013,Lyft,-27.53,CA
91528,6/12/2013,Podcast Subscription,-31.25,CA
91528,6/13/2013,Pet Supply - Cat Food,-19.63,CA
91528,6/13/2013,Food Delivery - Uber Eats,-83.59,CA
91528,6/13/2013,Starbucks Coffee,-103.4,CA
91528,6/13/2013,Podcast Subscription,-87.2,CA
91528,6/13/2013,Public Transportation - Train Pass,-0.81,CA
91528,6/14/2013,Food Delivery - Uber Eats,-10.77,CA
91528,6/14/2013,Public Transportation - Bus Pass,-3.02,CA
91528,6/14/2013,Food Delivery - GrubHub,-22.01,CA
91528,6/14/2013,Podcast Subscription,-30.68,CA
91528,6/15/2013,On Demand Movie,-6.94,CA
91528,6/15/2013,Lyft,-6.76,CA
91528,6/15/2013,On Demand TV,-12.82,CA
91528,6/15/2013,On Demand Movie,-26.34,CA
91528,6/15/2013,Public Transportation - Train Pass,-15.46,CA
91528,6/15/2013,Pet Smart,-37.67,CA
91528,6/15/2013,On Demand Movie,-12.08,CA
91528,6/16/2013,Lyft,-39.09,CA
91528,6/16/2013,On Demand Movie,-16.07,CA
91528,6/16/2013,Red Box DVD Rental,-20.05,CA
91528,6/16/2013,Pet Supply - Cat Food,-17.95,CA
91528,6/17/2013,Restaurant - Pizza,-99.51,CA
91528,6/17/2013,Pet Smart,-39.56,CA
91528,6/18/2013,Food Delivery - Uber Eats,-11.52,CA
91528,6/18/2013,On Demand Movie,-4.99,CA
91528,6/18/2013,Starbucks Coffee,-104.82,CA
91528,6/19/2013,Food Delivery - GrubHub,-0.76,CA
91528,6/19/2013,PlayStation Membership,-24.48,CA
91528,6/19/2013,Pet Supply - Cat Food,-99.33,CA
91528,6/19/2013,Food Delivery - Uber Eats,-14.74,CA
91528,6/20/2013,Restaurant - Chinese,-10.43,CA
91528,6/20/2013,Pet Supply - Cat Food,-18.23,CA
91528,6/20/2013,Podcast Subscription,-16.77,CA
91528,6/20/2013,Podcast Subscription,-1.69,CA
91528,6/21/2013,Public Transportation - Bus Pass,-9.68,CA
91528,6/22/2013,Public Transportation - Train Pass,-38.82,CA
91528,6/23/2013,Taxi,-111.62,CA
91528,6/23/2013,Food Delivery - GrubHub,-22.03,CA
91528,6/23/2013,Wine Delivery,-119.18,CA
91528,6/23/2013,PlayStation Membership,-13,CA
91528,6/23/2013,PlayStation Membership,-62.62,CA
91528,6/23/2013,Pet Supply - Cat Food,-19.19,CA
91528,6/23/2013,Pet Smart,-16.87,CA
91528,6/23/2013,Public Transportation - Train Pass,-18.94,CA
91528,6/23/2013,PlayStation Membership,-111.19,CA
91528,6/23/2013,Von's Groceries,-20.03,CA
91528,6/23/2013,Lyft,-61.16,CA
91528,6/23/2013,Restaurant - Chinese,-5.02,CA
91528,6/23/2013,Wine Delivery,-23.22,CA
91528,6/24/2013,Pet Supply - Cat Food,-23.21,CA
91528,6/24/2013,Pet Supply - Cat Food,-23.52,CA
91528,6/24/2013,Taxi,-6.56,CA
91528,6/24/2013,Pet Smart,-19.79,CA
91528,6/24/2013,Wine Delivery,-91.58,CA
91528,6/25/2013,Sprouts Market,-98.19,CA
91528,6/26/2013,Red Box DVD Rental,-86.35,CA
91528,6/27/2013,Food Delivery - Uber Eats,-86.5,CA
91528,6/27/2013,Lyft,-5.91,CA
91528,6/28/2013,On Demand Movie,-25.33,CA
91528,6/28/2013,Podcast Subscription,-14.47,CA
91528,6/28/2013,Podcast Subscription,-8.92,CA
91528,6/28/2013,Food Delivery - GrubHub,-119.18,CA
91528,6/28/2013,Red Box DVD Rental,-68.03,CA
91528,6/28/2013,On Demand TV,-25.54,CA
91528,6/28/2013,Food Delivery - GrubHub,-63.42,CA
91528,6/28/2013,Red Box DVD Rental,-11.52,CA
91528,6/28/2013,Von's Groceries,-26.74,CA
91528,6/28/2013,Public Transportation - Train Pass,-10.27,CA
91528,6/28/2013,Podcast Subscription,-24.72,CA
91528,6/28/2013,Pet Smart,-38.54,CA
91528,6/28/2013,Public Transportation - Train Pass,-82.5,CA
91528,6/28/2013,Restaurant - Chinese,-20.92,CA
91528,6/28/2013,Podcast Subscription,-9.92,CA
91528,6/29/2013,Uber,-12.8,CA
91528,6/30/2013,Pet Supply - Cat Food,-29,CA
91528,7/2/2013,Housing Rent,-848,CA
91528,7/2/2013,Water & Sewer,-53,CA
91528,7/2/2013,ACS - Student Loans,-135,CA
91528,7/2/2013,Credit Card Payment,-154,CA
91528,7/2/2013,Netflix Subscription,-4.99,CA
91528,7/2/2013,Time Warner Cable,-25,CA
91528,7/2/2013,Wine Delivery,-35.42,CA
91528,7/3/2013,On Demand Movie,-12.14,CA
91528,7/3/2013,Pet Smart,-31.28,CA
91528,7/3/2013,Food Delivery - Uber Eats,-8.39,CA
91528,7/3/2013,Taxi,-19.69,CA
91528,7/4/2013,Food Delivery - GrubHub,-79.73,CA
91528,7/4/2013,On Demand Movie,-24.34,CA
91528,7/4/2013,On Demand TV,-37.97,CA
91528,7/5/2013,Wine Delivery,-35.33,CA
91528,7/5/2013,Food Delivery - Uber Eats,-30.89,CA
91528,7/6/2013,Pet Smart,-36.3,CA
91528,7/6/2013,Restaurant - Chinese,-22.04,CA
91528,7/6/2013,Public Transportation - Train Pass,-6.21,CA
91528,7/6/2013,Food Delivery - GrubHub,-16.85,CA
91528,7/6/2013,Lyft,-51.43,CA
91528,7/6/2013,Food Delivery - GrubHub,-64.65,CA
91528,7/6/2013,Food Delivery - Uber Eats,-39.29,CA
91528,7/7/2013,Restaurant - Burgers,-24.67,CA
91528,7/7/2013,Pet Supply - Cat Food,-1.75,CA
91528,7/8/2013,Food Delivery - Uber Eats,-21.86,CA
91528,7/8/2013,Red Box DVD Rental,-23.29,CA
91528,7/8/2013,Food Delivery - GrubHub,-37.89,CA
91528,7/8/2013,On Demand Movie,-23.91,CA
91528,7/8/2013,Pet Supply - Cat Food,-36,CA
91528,7/9/2013,Public Transportation - Train Pass,-20.02,CA
91528,7/9/2013,Food Delivery - GrubHub,-17.91,CA
91528,7/9/2013,Restaurant - Burgers,-72.25,CA
91528,7/9/2013,Food Delivery - GrubHub,-34.56,CA
91528,7/10/2013,Red Box DVD Rental,-5.76,CA
91528,7/11/2013,Food Delivery - Uber Eats,-118.84,CA
91528,7/12/2013,On Demand TV,-13.75,CA
91528,7/13/2013,Pet Smart,-28.36,CA
91528,7/13/2013,Food Delivery - Uber Eats,-32.05,CA
91528,7/13/2013,Lyft,-9.89,CA
91528,7/13/2013,On Demand Movie,-2.6,CA
91528,7/13/2013,Food Delivery - GrubHub,-14.33,CA
91528,7/13/2013,Whole Foods,-14.16,CA
91528,7/13/2013,Podcast Subscription,-20.43,CA
91528,7/13/2013,Wine Delivery,-29.15,CA
91528,7/13/2013,Lyft,-49.09,CA
91528,7/13/2013,Public Transportation - Bus Pass,-99.98,CA
91528,7/13/2013,Podcast Subscription,-10.69,CA
91528,7/14/2013,Wine Delivery,-34.33,CA
91528,7/14/2013,On Demand Movie,-61.75,CA
91528,7/14/2013,Red Box DVD Rental,-75.81,CA
91528,7/14/2013,Pet Supply - Cat Food,-11.29,CA
91528,7/14/2013,Lyft,-25.22,CA
91528,7/15/2013,Food Delivery - GrubHub,-34.42,CA
91528,7/15/2013,PlayStation Membership,-26.85,CA
91528,7/15/2013,Food Delivery - GrubHub,-19.31,CA
91528,7/15/2013,Von's Groceries,-23.21,CA
91528,7/16/2013,On Demand Movie,-35.66,CA
91528,7/16/2013,PlayStation Membership,-15.96,CA
91528,7/16/2013,On Demand Movie,-33.58,CA
91528,7/16/2013,Pet Smart,-10.42,CA
91528,7/17/2013,Podcast Subscription,-36.74,CA
91528,7/17/2013,PlayStation Membership,-28.93,CA
91528,7/17/2013,PlayStation Membership,-24.76,CA
91528,7/17/2013,PlayStation Membership,-81,CA
91528,7/17/2013,Red Box DVD Rental,-69.49,CA
91528,7/17/2013,Food Delivery - GrubHub,-6.65,CA
91528,7/18/2013,Food Delivery - Uber Eats,-22.81,CA
91528,7/18/2013,Food Delivery - GrubHub,-4.09,CA
91528,7/19/2013,Wine Delivery,-35.8,CA
91528,7/20/2013,Sprouts Market,-17.2,CA
91528,7/20/2013,Whole Foods,-18.52,CA
91528,7/21/2013,Pet Smart,-86.76,CA
91528,7/22/2013,Pet Smart,-28.67,CA
91528,7/22/2013,Whole Foods,-9.9,CA
91528,7/22/2013,PlayStation Membership,-12.37,CA
91528,7/23/2013,Sprouts Market,-60.04,CA
91528,7/24/2013,Food Delivery - Uber Eats,-2.32,CA
91528,7/24/2013,Food Delivery - GrubHub,-15.8,CA
91528,7/24/2013,Public Transportation - Train Pass,-36.38,CA
91528,7/24/2013,On Demand TV,-112.37,CA
91528,7/24/2013,Red Box DVD Rental,-102.03,CA
91528,7/24/2013,Whole Foods,-112.08,CA
91528,7/25/2013,Sprouts Market,-7.29,CA
91528,7/25/2013,Podcast Subscription,-39.14,CA
91528,7/26/2013,Pet Smart,-48.69,CA
91528,7/26/2013,PlayStation Membership,-3.11,CA
91528,7/27/2013,Public Transportation - Train Pass,-17.19,CA
91528,7/27/2013,Ralph's Grocery Store,-97.58,CA
91528,7/28/2013,Lyft,-4.67,CA
91528,7/29/2013,On Demand TV,-14.38,CA
91528,7/29/2013,Uber,-35.55,CA
91528,7/29/2013,Restaurant - Chinese,-21.39,CA
91528,7/29/2013,Restaurant - Burgers,-6.69,CA
91528,7/30/2013,On Demand TV,-31.67,CA
91528,7/30/2013,Restaurant - Pizza,-37.55,CA
91528,7/30/2013,Pet Supply - Cat Food,-37.51,CA
91528,8/2/2013,Housing Rent,-717,CA
91528,8/2/2013,Water & Sewer,-53,CA
91528,8/2/2013,ACS - Student Loans,-135,CA
91528,8/2/2013,Credit Card Payment,-154,CA
91528,8/2/2013,Netflix Subscription,-4.99,CA
91528,8/2/2013,Time Warner Cable,-25,CA
91528,8/2/2013,Red Box DVD Rental,-29.23,CA
91528,8/2/2013,Lyft,-30.79,CA
91528,8/2/2013,Public Transportation - Train Pass,-20.5,CA
91528,8/2/2013,Starbucks Coffee,-32.15,CA
91528,8/2/2013,Pet Smart,-2.31,CA
91528,8/2/2013,Food Delivery - GrubHub,-14.16,CA
91528,8/2/2013,Lyft,-15.5,CA
91528,8/2/2013,Food Delivery - GrubHub,-14.16,CA
91528,8/3/2013,Food Delivery - Uber Eats,-4.65,CA
91528,8/3/2013,Taxi,-21.59,CA
91528,8/3/2013,Pet Smart,-14.04,CA
91528,8/3/2013,Food Delivery - GrubHub,-109.61,CA
91528,8/3/2013,Podcast Subscription,-34.82,CA
91528,8/4/2013,Lyft,-16.08,CA
91528,8/4/2013,On Demand Movie,-12.25,CA
91528,8/5/2013,Lyft,-2.11,CA
91528,8/6/2013,Wine Delivery,-4.18,CA
91528,8/7/2013,Wine Delivery,-34.02,CA
91528,8/7/2013,Food Delivery - GrubHub,-20.79,CA
91528,8/7/2013,Pet Smart,-31.57,CA
91528,8/7/2013,Podcast Subscription,-56.55,CA
91528,8/7/2013,Food Delivery - Uber Eats,-25.18,CA
91528,8/8/2013,PlayStation Membership,-34.94,CA
91528,8/8/2013,Pet Supply - Cat Food,-39.97,CA
91528,8/9/2013,Restaurant - Chinese,-1.37,CA
91528,8/10/2013,Public Transportation - Train Pass,-39.19,CA
91528,8/11/2013,Wine Delivery,-20.24,CA
91528,8/11/2013,Food Delivery - GrubHub,-8.01,CA
91528,8/11/2013,Wine Delivery,-34.19,CA
91528,8/11/2013,Restaurant - Steakhouse,-38.18,CA
91528,8/11/2013,Red Box DVD Rental,-30.48,CA
91528,8/12/2013,Wine Delivery,-21.87,CA
91528,8/12/2013,Uber,-19.51,CA
91528,8/12/2013,Von's Groceries,-21.18,CA
91528,8/13/2013,Pet Supply - Cat Food,-5.08,CA
91528,8/13/2013,Wine Delivery,-13.31,CA
91528,8/13/2013,Taxi,-30.43,CA
91528,8/13/2013,Restaurant - Pizza,-30.79,CA
91528,8/13/2013,Red Box DVD Rental,-1.86,CA
91528,8/13/2013,Food Delivery - Uber Eats,-39.61,CA
91528,8/14/2013,On Demand TV,-2.03,CA
91528,8/14/2013,Food Delivery - GrubHub,-8.18,CA
91528,8/15/2013,Public Transportation - Train Pass,-22.35,CA
91528,8/16/2013,Restaurant - Burgers,-38.96,CA
91528,8/16/2013,Restaurant - Chinese,-9.05,CA
91528,8/16/2013,On Demand TV,-52.95,CA
91528,8/17/2013,Lyft,-108.46,CA
91528,8/18/2013,Wine Delivery,-6.7,CA
91528,8/19/2013,Public Transportation - Bus Pass,-21.83,CA
91528,8/20/2013,PlayStation Membership,-13.42,CA
91528,8/21/2013,Pet Smart,-30.59,CA
91528,8/21/2013,Pet Supply - Cat Food,-20.65,CA
91528,8/22/2013,Pet Supply - Cat Food,-39,CA
91528,8/22/2013,Ralph's Grocery Store,-26.91,CA
91528,8/22/2013,PlayStation Membership,-29.25,CA
91528,8/23/2013,PlayStation Membership,-10.43,CA
91528,8/23/2013,Whole Foods,-72.73,CA
91528,8/23/2013,Wine Delivery,-18.71,CA
91528,8/23/2013,Pet Supply - Cat Food,-12.96,CA
91528,8/23/2013,Red Box DVD Rental,-8.55,CA
91528,8/24/2013,Uber,-35.72,CA
91528,8/24/2013,Food Delivery - Uber Eats,-30.26,CA
91528,8/24/2013,Wine Delivery,-26.44,CA
91528,8/24/2013,Wine Delivery,-32.74,CA
91528,8/24/2013,Wine Delivery,-23.2,CA
91528,8/25/2013,On Demand TV,-37.4,CA
91528,8/26/2013,Whole Foods,-33.58,CA
91528,8/27/2013,Lyft,-22.39,CA
91528,8/27/2013,Food Delivery - Uber Eats,-31.68,CA
91528,8/28/2013,Food Delivery - Uber Eats,-5.79,CA
91528,8/28/2013,Taxi,-15.74,CA
91528,8/29/2013,Food Delivery - GrubHub,-16.16,CA
91528,8/29/2013,Uber,-113.76,CA
91528,8/29/2013,Pet Supply - Cat Food,-94.16,CA
91528,8/30/2013,Pet Supply - Cat Food,-35.83,CA
91528,9/2/2013,Housing Rent,-1066,CA
91528,9/2/2013,Water & Sewer,-53,CA
91528,9/2/2013,ACS - Student Loans,-135,CA
91528,9/2/2013,Credit Card Payment,-154,CA
91528,9/2/2013,Netflix Subscription,-4.99,CA
91528,9/2/2013,Time Warner Cable,-25,CA
91528,9/2/2013,Uber,-21.36,CA
91528,9/3/2013,Red Box DVD Rental,-25,CA
91528,9/3/2013,Lyft,-21.34,CA
91528,9/3/2013,Red Box DVD Rental,-8.33,CA
91528,9/3/2013,On Demand Movie,-15.46,CA
91528,9/3/2013,PlayStation Membership,-3.91,CA
91528,9/3/2013,Podcast Subscription,-27.52,CA
91528,9/4/2013,Uber,-0.93,CA
91528,9/4/2013,Restaurant - Burgers,-64.09,CA
91528,9/4/2013,Wine Delivery,-21.79,CA
91528,9/5/2013,Food Delivery - GrubHub,-32.44,CA
91528,9/5/2013,Public Transportation - Train Pass,-22.53,CA
91528,9/5/2013,Von's Groceries,-74.26,CA
91528,9/5/2013,On Demand TV,-37.45,CA
91528,9/5/2013,Food Delivery - Uber Eats,-38.27,CA
91528,9/6/2013,Lyft,-116.88,CA
91528,9/6/2013,Uber,-38.29,CA
91528,9/7/2013,Restaurant - Steakhouse,-8.82,CA
91528,9/7/2013,On Demand TV,-4.75,CA
91528,9/7/2013,Restaurant - Chinese,-26.43,CA
91528,9/8/2013,PlayStation Membership,-31.77,CA
91528,9/8/2013,Podcast Subscription,-16.57,CA
91528,9/9/2013,Food Delivery - GrubHub,-17.97,CA
91528,9/10/2013,Wine Delivery,-110.72,CA
91528,9/11/2013,Lyft,-32.87,CA
91528,9/11/2013,Public Transportation - Bus Pass,-46.24,CA
91528,9/11/2013,Restaurant - Chinese,-9.42,CA
91528,9/12/2013,Podcast Subscription,-36.99,CA
91528,9/12/2013,Red Box DVD Rental,-27.14,CA
91528,9/12/2013,Podcast Subscription,-7.21,CA
91528,9/12/2013,Lyft,-59.73,CA
91528,9/12/2013,PlayStation Membership,-35.53,CA
91528,9/12/2013,Lyft,-13.74,CA
91528,9/13/2013,Podcast Subscription,-75.67,CA
91528,9/13/2013,Ralph's Grocery Store,-3.68,CA
91528,9/13/2013,Podcast Subscription,-32.56,CA
91528,9/13/2013,On Demand TV,-20.28,CA
91528,9/13/2013,PlayStation Membership,-30.4,CA
91528,9/14/2013,Food Delivery - Uber Eats,-25.27,CA
91528,9/14/2013,On Demand Movie,-46.95,CA
91528,9/14/2013,On Demand TV,-8.68,CA
91528,9/15/2013,Restaurant - Pizza,-23.33,CA
91528,9/15/2013,Food Delivery - GrubHub,-5.21,CA
91528,9/15/2013,Food Delivery - GrubHub,-5.21,CA
91528,9/15/2013,Public Transportation - Bus Pass,-30.69,CA
91528,9/16/2013,Public Transportation - Bus Pass,-27.19,CA
91528,9/17/2013,On Demand TV,-9.38,CA
91528,9/17/2013,Public Transportation - Bus Pass,-10.36,CA
91528,9/17/2013,Pet Smart,-3.43,CA
91528,9/17/2013,On Demand Movie,-91.29,CA
91528,9/17/2013,Ralph's Grocery Store,-0.69,CA
91528,9/18/2013,Pet Smart,-38.84,CA
91528,9/19/2013,Taxi,-25.44,CA
91528,9/19/2013,PlayStation Membership,-28.83,CA
91528,9/19/2013,Pet Supply - Cat Food,-32.47,CA
91528,9/19/2013,Taxi,-1.08,CA
91528,9/20/2013,PlayStation Membership,-38.03,CA
91528,9/20/2013,Uber,-117.61,CA
91528,9/20/2013,Food Delivery - GrubHub,-3.29,CA
91528,9/20/2013,Lyft,-38.65,CA
91528,9/20/2013,Sprouts Market,-68.74,CA
91528,9/20/2013,Uber,-16.6,CA
91528,9/21/2013,Uber,-13.2,CA
91528,9/22/2013,On Demand Movie,-36.95,CA
91528,9/23/2013,Public Transportation - Bus Pass,-25.62,CA
91528,9/24/2013,On Demand TV,-38.54,CA
91528,9/24/2013,Starbucks Coffee,-8.74,CA
91528,9/24/2013,Public Transportation - Bus Pass,-1.56,CA
91528,9/24/2013,On Demand Movie,-16.34,CA
91528,9/24/2013,PlayStation Membership,-35.21,CA
91528,9/24/2013,PlayStation Membership,-14.54,CA
91528,9/24/2013,Red Box DVD Rental,-12.1,CA
91528,9/25/2013,Food Delivery - GrubHub,-30.12,CA
91528,9/25/2013,Red Box DVD Rental,-35.79,CA
91528,9/25/2013,Red Box DVD Rental,-19.56,CA
91528,9/26/2013,Pet Supply - Cat Food,-20.36,CA
91528,9/26/2013,Whole Foods,-16.69,CA
91528,9/27/2013,PlayStation Membership,-6.43,CA
91528,9/28/2013,Ralph's Grocery Store,-3.71,CA
91528,9/28/2013,Food Delivery - GrubHub,-34.42,CA
91528,9/28/2013,Public Transportation - Bus Pass,-26.25,CA
91528,9/28/2013,Restaurant - Pizza,-11.78,CA
91528,9/28/2013,PlayStation Membership,-18.24,CA
91528,9/29/2013,Podcast Subscription,-24.21,CA
91528,9/29/2013,Lyft,-33.17,CA
91528,9/29/2013,Sprouts Market,-39.78,CA
91528,9/29/2013,Pet Supply - Cat Food,-19.83,CA
91528,9/29/2013,Podcast Subscription,-15.11,CA
91528,9/30/2013,Food Delivery - GrubHub,-31.44,CA
91528,9/30/2013,Public Transportation - Train Pass,-14.65,CA
91528,10/2/2013,Housing Rent,-790,CA
91528,10/2/2013,Water & Sewer,-53,CA
91528,10/2/2013,ACS - Student Loans,-135,CA
91528,10/2/2013,Credit Card Payment,-154,CA
91528,10/2/2013,Netflix Subscription,-4.99,CA
91528,10/2/2013,Time Warner Cable,-25,CA
91528,10/2/2013,Red Box DVD Rental,-30.52,CA
91528,10/2/2013,Taxi,-18.27,CA
91528,10/3/2013,Public Transportation - Bus Pass,-8.83,CA
91528,10/3/2013,Wine Delivery,-41.7,CA
91528,10/3/2013,Pet Supply - Cat Food,-2.15,CA
91528,10/3/2013,Restaurant - Steakhouse,-33.09,CA
91528,10/3/2013,Pet Supply - Cat Food,-25.64,CA
91528,10/4/2013,Public Transportation - Bus Pass,-72.3,CA
91528,10/4/2013,Food Delivery - Uber Eats,-43.16,CA
91528,10/5/2013,Wine Delivery,-16.87,CA
91528,10/5/2013,Wine Delivery,-34.35,CA
91528,10/5/2013,Starbucks Coffee,-36.67,CA
91528,10/6/2013,On Demand TV,-29.65,CA
91528,10/7/2013,On Demand Movie,-7.98,CA
91528,10/8/2013,Von's Groceries,-14.26,CA
91528,10/9/2013,Red Box DVD Rental,-10.86,CA
91528,10/9/2013,On Demand Movie,-32.41,CA
91528,10/9/2013,Pet Supply - Cat Food,-23.58,CA
91528,10/9/2013,Lyft,-35.13,CA
91528,10/9/2013,Taxi,-38.96,CA
91528,10/9/2013,Whole Foods,-38.21,CA
91528,10/9/2013,Lyft,-18.13,CA
91528,10/9/2013,On Demand Movie,-25.07,CA
91528,10/9/2013,Wine Delivery,-1.96,CA
91528,10/9/2013,On Demand TV,-37.42,CA
91528,10/9/2013,Public Transportation - Train Pass,-19.24,CA
91528,10/9/2013,Restaurant - Burgers,-28.5,CA
91528,10/10/2013,Wine Delivery,-84.5,CA
91528,10/11/2013,Red Box DVD Rental,-0.46,CA
91528,10/11/2013,Restaurant - Burgers,-73.69,CA
91528,10/11/2013,Public Transportation - Bus Pass,-116.57,CA
91528,10/11/2013,Wine Delivery,-17.39,CA
91528,10/11/2013,On Demand Movie,-94.2,CA
91528,10/11/2013,Food Delivery - Uber Eats,-1.83,CA
91528,10/11/2013,Taxi,-28.97,CA
91528,10/11/2013,On Demand Movie,-18.42,CA
91528,10/12/2013,Red Box DVD Rental,-47.31,CA
91528,10/13/2013,Restaurant - Pizza,-116.25,CA
91528,10/14/2013,Restaurant - Burgers,-69.15,CA
91528,10/15/2013,Wine Delivery,-92.83,CA
91528,10/15/2013,Podcast Subscription,-30.56,CA
91528,10/15/2013,Von's Groceries,-15.49,CA
91528,10/15/2013,Podcast Subscription,-6.91,CA
91528,10/16/2013,On Demand Movie,-10.44,CA
91528,10/16/2013,Restaurant - Pizza,-2.33,CA
91528,10/16/2013,Food Delivery - GrubHub,-118.43,CA
91528,10/16/2013,Red Box DVD Rental,-29.35,CA
91528,10/16/2013,On Demand Movie,-16.36,CA
91528,10/17/2013,Podcast Subscription,-113.34,CA
91528,10/17/2013,Pet Supply - Cat Food,-27.1,CA
91528,10/17/2013,Podcast Subscription,-16.49,CA
91528,10/17/2013,On Demand TV,-11.7,CA
91528,10/18/2013,On Demand TV,-0.22,CA
91528,10/18/2013,Pet Supply - Cat Food,-12.25,CA
91528,10/18/2013,Restaurant - Pizza,-82.83,CA
91528,10/18/2013,Public Transportation - Train Pass,-38.19,CA
91528,10/19/2013,Food Delivery - GrubHub,-72.93,CA
91528,10/20/2013,PlayStation Membership,-14.26,CA
91528,10/20/2013,Food Delivery - Uber Eats,-56.65,CA
91528,10/20/2013,Food Delivery - Uber Eats,-24.99,CA
91528,10/21/2013,Food Delivery - GrubHub,-19.27,CA
91528,10/21/2013,Public Transportation - Train Pass,-11.84,CA
91528,10/21/2013,Lyft,-15.52,CA
91528,10/21/2013,On Demand TV,-7.59,CA
91528,10/21/2013,Restaurant - Burgers,-13.18,CA
91528,10/21/2013,Pet Supply - Cat Food,-17.33,CA
91528,10/21/2013,Food Delivery - GrubHub,-105.57,CA
91528,10/21/2013,Public Transportation - Bus Pass,-50.02,CA
91528,10/21/2013,Food Delivery - Uber Eats,-0.06,CA
91528,10/21/2013,Food Delivery - Uber Eats,-34.64,CA
91528,10/22/2013,Food Delivery - Uber Eats,-2.76,CA
91528,10/23/2013,Food Delivery - Uber Eats,-38,CA
91528,10/24/2013,Red Box DVD Rental,-9.17,CA
91528,10/24/2013,Public Transportation - Train Pass,-100.68,CA
91528,10/24/2013,Pet Supply - Cat Food,-11.51,CA
91528,10/24/2013,Pet Smart,-33.25,CA
91528,10/24/2013,Restaurant - Burgers,-33.95,CA
91528,10/25/2013,Podcast Subscription,-6.73,CA
91528,10/25/2013,PlayStation Membership,-84.91,CA
91528,10/26/2013,On Demand TV,-36.48,CA
91528,10/27/2013,PlayStation Membership,-17.23,CA
91528,10/27/2013,Von's Groceries,-4.26,CA
91528,10/27/2013,Podcast Subscription,-37.21,CA
91528,10/27/2013,Pet Supply - Cat Food,-13.18,CA
91528,10/27/2013,On Demand Movie,-10.06,CA
91528,10/27/2013,Von's Groceries,-107.15,CA
91528,10/27/2013,Pet Supply - Cat Food,-2.48,CA
91528,10/27/2013,Whole Foods,-34.16,CA
91528,10/28/2013,Restaurant - Burgers,-28.09,CA
91528,10/29/2013,On Demand TV,-22.08,CA
91528,10/30/2013,Wine Delivery,-37.54,CA
91528,11/2/2013,Housing Rent,-1068,CA
91528,11/2/2013,Water & Sewer,-53,CA
91528,11/2/2013,ACS - Student Loans,-135,CA
91528,11/2/2013,Credit Card Payment,-154,CA
91528,11/2/2013,Netflix Subscription,-4.99,CA
91528,11/2/2013,Time Warner Cable,-25,CA
91528,11/2/2013,Food Delivery - GrubHub,-31.3,CA
91528,11/3/2013,Pet Smart,-16.13,CA
91528,11/3/2013,Lyft,-28.7,CA
91528,11/4/2013,Pet Smart,-14.6,CA
91528,11/4/2013,Starbucks Coffee,-8.28,CA
91528,11/5/2013,On Demand Movie,-34.61,CA
91528,11/6/2013,Pet Smart,-9.84,CA
91528,11/6/2013,On Demand TV,-3.18,CA
91528,11/6/2013,Podcast Subscription,-27.8,CA
91528,11/6/2013,Restaurant - Steakhouse,-24.8,CA
91528,11/7/2013,Uber,-33.79,CA
91528,11/7/2013,Sprouts Market,-36.42,CA
91528,11/7/2013,Wine Delivery,-1.86,CA
91528,11/7/2013,Pet Supply - Cat Food,-28.62,CA
91528,11/8/2013,Wine Delivery,-3.67,CA
91528,11/8/2013,PlayStation Membership,-4.42,CA
91528,11/9/2013,Lyft,-36.06,CA
91528,11/9/2013,Wine Delivery,-107.94,CA
91528,11/9/2013,Pet Supply - Cat Food,-9.34,CA
91528,11/9/2013,On Demand TV,-1.42,CA
91528,11/9/2013,PlayStation Membership,-66.65,CA
91528,11/9/2013,Uber,-46.06,CA
91528,11/9/2013,On Demand TV,-0.32,CA
91528,11/10/2013,On Demand Movie,-17.63,CA
91528,11/11/2013,Podcast Subscription,-18.69,CA
91528,11/12/2013,Restaurant - Pizza,-36.85,CA
91528,11/12/2013,Food Delivery - GrubHub,-0.46,CA
91528,11/13/2013,Public Transportation - Train Pass,-37.69,CA
91528,11/13/2013,Restaurant - Burgers,-93.6,CA
91528,11/13/2013,Pet Supply - Cat Food,-33.95,CA
91528,11/13/2013,Public Transportation - Bus Pass,-21.9,CA
91528,11/13/2013,PlayStation Membership,-10.95,CA
91528,11/13/2013,Pet Supply - Cat Food,-118.65,CA
91528,11/14/2013,Taxi,-64,CA
91528,11/15/2013,Red Box DVD Rental,-6.11,CA
91528,11/15/2013,Von's Groceries,-10.98,CA
91528,11/15/2013,Restaurant - Chinese,-2.78,CA
91528,11/16/2013,Uber,-25.01,CA
91528,11/16/2013,Podcast Subscription,-13.39,CA
91528,11/17/2013,Food Delivery - GrubHub,-11.56,CA
91528,11/17/2013,Lyft,-73.17,CA
91528,11/18/2013,Pet Smart,-14.67,CA
91528,11/19/2013,Restaurant - Pizza,-109.6,CA
91528,11/19/2013,On Demand TV,-0.15,CA
91528,11/20/2013,Uber,-2.31,CA
91528,11/21/2013,Ralph's Grocery Store,-25.81,CA
91528,11/21/2013,Restaurant - Steakhouse,-26.64,CA
91528,11/21/2013,On Demand TV,-20.87,CA
91528,11/21/2013,On Demand Movie,-6.18,CA
91528,11/22/2013,Pet Smart,-103.08,CA
91528,11/22/2013,Podcast Subscription,-31.99,CA
91528,11/23/2013,Pet Smart,-9,CA
91528,11/24/2013,PlayStation Membership,-25.48,CA
91528,11/24/2013,Food Delivery - GrubHub,-28.98,CA
91528,11/24/2013,PlayStation Membership,-37.96,CA
91528,11/24/2013,Red Box DVD Rental,-11.19,CA
91528,11/24/2013,On Demand Movie,-95.8,CA
91528,11/24/2013,On Demand TV,-23.64,CA
91528,11/25/2013,Kay Jewelry,-22.81,CA
91528,11/25/2013,Wedding Planner,-3.48,CA
91528,11/25/2013,Southwest Flights - Cancun,-20.02,CA
91528,11/25/2013,Cancun Beach Resort,-27.41,CA
91528,11/26/2013,Public Transportation - Train Pass,-6.95,CA
91528,11/26/2013,PlayStation Membership,-30.15,CA
91528,11/26/2013,On Demand Movie,-3.82,CA
91528,11/27/2013,Pet Smart,-25.14,CA
91528,11/27/2013,Red Box DVD Rental,-15.85,CA
91528,11/28/2013,Food Delivery - Uber Eats,-33.67,CA
91528,11/29/2013,Podcast Subscription,-104.13,CA
91528,11/29/2013,Wine Delivery,-33.37,CA
91528,11/30/2013,Von's Groceries,-73.08,CA
91528,11/30/2013,Food Delivery - GrubHub,-18.77,CA
91528,11/30/2013,Lyft,-17.59,CA
91528,11/30/2013,Food Delivery - Uber Eats,-15.04,CA
91528,11/30/2013,Restaurant - Burgers,-32.14,CA
91528,11/30/2013,Public Transportation - Bus Pass,-94.28,CA
91528,11/30/2013,Uber,-11.38,CA
91528,11/30/2013,Red Box DVD Rental,-115.8,CA
91528,12/2/2013,Housing Rent,-1376,CA
91528,12/2/2013,Water & Sewer,-53,CA
91528,12/2/2013,ACS - Student Loans,-135,CA
91528,12/2/2013,Credit Card Payment,-154,CA
91528,12/2/2013,Netflix Subscription,-4.99,CA
91528,12/2/2013,Time Warner Cable,-25,CA
91528,12/2/2013,On Demand TV,-35.32,CA
91528,12/2/2013,On Demand Movie,-19.49,CA
91528,12/2/2013,Red Box DVD Rental,-23.6,CA
91528,12/2/2013,Public Transportation - Train Pass,-114.25,CA
91528,12/2/2013,Lyft,-1.3,CA
91528,12/2/2013,Podcast Subscription,-55.04,CA
91528,12/2/2013,Whole Foods,-8.56,CA
91528,12/2/2013,Podcast Subscription,-28.07,CA
91528,12/2/2013,Taxi,-1.04,CA
91528,12/2/2013,Public Transportation - Bus Pass,-78.23,CA
91528,12/2/2013,Uber,-88.65,CA
91528,12/2/2013,Lyft,-28.97,CA
91528,12/2/2013,Pet Smart,-19.71,CA
91528,12/2/2013,Food Delivery - Uber Eats,-20.83,CA
91528,12/2/2013,Whole Foods,-36.76,CA
91528,12/3/2013,Red Box DVD Rental,-29.15,CA
91528,12/3/2013,Wine Delivery,-15.67,CA
91528,12/4/2013,Pet Smart,-26.03,CA
91528,12/4/2013,Podcast Subscription,-6.04,CA
91528,12/4/2013,Taxi,-16.73,CA
91528,12/5/2013,Food Delivery - Uber Eats,-14.49,CA
91528,12/6/2013,Food Delivery - GrubHub,-25.4,CA
91528,12/7/2013,Uber,-27.3,CA
91528,12/7/2013,Whole Foods,-21.25,CA
91528,12/7/2013,Whole Foods,-35.52,CA
91528,12/7/2013,On Demand TV,-10.37,CA
91528,12/7/2013,PlayStation Membership,-33.8,CA
91528,12/7/2013,Food Delivery - GrubHub,-26.37,CA
91528,12/7/2013,Sprouts Market,-25.85,CA
91528,12/7/2013,Starbucks Coffee,-18.45,CA
91528,12/7/2013,Lyft,-12.82,CA
91528,12/7/2013,On Demand Movie,-34.25,CA
91528,12/7/2013,Food Delivery - GrubHub,-84.84,CA
91528,12/7/2013,Uber,-39.51,CA
91528,12/7/2013,Red Box DVD Rental,-30.25,CA
91528,12/7/2013,Public Transportation - Bus Pass,-20.72,CA
91528,12/7/2013,Pet Supply - Cat Food,-14.32,CA
91528,12/8/2013,On Demand TV,-20.68,CA
91528,12/8/2013,Pet Smart,-0.78,CA
91528,12/8/2013,Red Box DVD Rental,-17.35,CA
91528,12/8/2013,Taxi,-2.54,CA
91528,12/8/2013,Public Transportation - Train Pass,-8.04,CA
91528,12/8/2013,Taxi,-18.87,CA
91528,12/9/2013,Public Transportation - Bus Pass,-10.36,CA
91528,12/10/2013,Public Transportation - Train Pass,-2.82,CA
91528,12/11/2013,Restaurant - Burgers,-26.34,CA
91528,12/11/2013,On Demand TV,-85.91,CA
91528,12/11/2013,Public Transportation - Train Pass,-23.48,CA
91528,12/11/2013,Red Box DVD Rental,-34.62,CA
91528,12/11/2013,Podcast Subscription,-117.18,CA
91528,12/11/2013,Pet Supply - Cat Food,-32.84,CA
91528,12/11/2013,Pet Smart,-37.58,CA
91528,12/12/2013,Taxi,-1.44,CA
91528,12/13/2013,Pet Smart,-16.14,CA
91528,12/13/2013,Food Delivery - GrubHub,-24.59,CA
91528,12/13/2013,Sprouts Market,-25.03,CA
91528,12/13/2013,On Demand TV,-37.88,CA
91528,12/14/2013,PlayStation Membership,-16.48,CA
91528,12/14/2013,Food Delivery - GrubHub,-92.54,CA
91528,12/14/2013,Lyft,-28.64,CA
91528,12/14/2013,Wine Delivery,-15.18,CA
91528,12/15/2013,Pet Smart,-7.82,CA
91528,12/15/2013,Food Delivery - Uber Eats,-15.14,CA
91528,12/16/2013,Starbucks Coffee,-10.59,CA
91528,12/17/2013,Food Delivery - Uber Eats,-32.5,CA
91528,12/18/2013,Podcast Subscription,-28.34,CA
91528,12/18/2013,Uber,-33.41,CA
91528,12/18/2013,Red Box DVD Rental,-36.09,CA
91528,12/18/2013,On Demand TV,-109.28,CA
91528,12/19/2013,PlayStation Membership,-26.35,CA
91528,12/19/2013,Public Transportation - Bus Pass,-0.09,CA
91528,12/20/2013,Pet Supply - Cat Food,-38.23,CA
91528,12/20/2013,Lyft,-16.82,CA
91528,12/20/2013,On Demand Movie,-5.71,CA
91528,12/21/2013,Public Transportation - Train Pass,-39.62,CA
91528,12/21/2013,Ralph's Grocery Store,-39.4,CA
91528,12/21/2013,On Demand Movie,-25.61,CA
91528,12/22/2013,Pet Supply - Cat Food,-15.19,CA
91528,12/23/2013,Uber,-12.71,CA
91528,12/24/2013,Podcast Subscription,-20.91,CA
91528,12/24/2013,Food Delivery - Uber Eats,-88.73,CA
91528,12/24/2013,Restaurant - Chinese,-34.08,CA
91528,12/24/2013,On Demand TV,-35.89,CA
91528,12/25/2013,Food Delivery - GrubHub,-32.83,CA
91528,12/25/2013,Lyft,-27.94,CA
91528,12/25/2013,On Demand Movie,-111.54,CA
91528,12/25/2013,Wine Delivery,-17.99,CA
91528,12/26/2013,Pet Supply - Cat Food,-23.5,CA
91528,12/27/2013,Lyft,-39.32,CA
91528,12/27/2013,Food Delivery - Uber Eats,-35.12,CA
91528,12/27/2013,Restaurant - Chinese,-58.62,CA
91528,12/28/2013,Red Box DVD Rental,-16.79,CA
91528,12/29/2013,PlayStation Membership,-19.2,CA
91528,12/29/2013,PlayStation Membership,-26.74,CA
91528,12/29/2013,Podcast Subscription,-32.48,CA
91528,12/30/2013,On Demand Movie,-30.57,CA
91528,12/30/2013,Public Transportation - Bus Pass,-24.23,CA
91528,12/30/2013,Food Delivery - GrubHub,-31.76,CA
91528,12/30/2013,Restaurant - Chinese,-17.49,CA
91528,12/30/2013,Taxi,-5.62,CA
91528,12/30/2013,Red Box DVD Rental,-29.51,CA
91528,12/32/2013,Pet Supply - Cat Food,-17.93,CA
91528,1/2/2014,Wine Delivery,-20.49,CA
91528,1/2/2014,PlayStation Membership,-15.56,CA
91528,1/2/2014,Taxi,-21.4,CA
91528,1/2/2014,Food Delivery - GrubHub,-117.49,CA
91528,1/3/2014,Public Transportation - Bus Pass,-8.82,CA
91528,1/3/2014,Taxi,-39.33,CA
91528,1/3/2014,Food Delivery - GrubHub,-30.32,CA
91528,1/3/2014,Uber,-17.58,CA
91528,1/4/2014,Taxi,-33.31,CA
91528,1/5/2014,Food Delivery - Uber Eats,-22.21,CA
91528,1/5/2014,Food Delivery - Uber Eats,-26.58,CA
91528,1/5/2014,Red Box DVD Rental,-59.21,CA
91528,1/6/2014,Wine Delivery,-11.23,CA
91528,1/6/2014,Podcast Subscription,-4.99,CA
91528,1/6/2014,Food Delivery - Uber Eats,-69.57,CA
91528,1/7/2014,Uber,-0.76,CA
91528,1/7/2014,Public Transportation - Train Pass,-108.63,CA
91528,1/7/2014,Podcast Subscription,-58.12,CA
91528,1/8/2014,Food Delivery - GrubHub,-24.78,CA
91528,1/8/2014,Podcast Subscription,-18.24,CA
91528,1/8/2014,Pet Supply - Cat Food,-43.61,CA
91528,1/9/2014,Food Delivery - GrubHub,-65.79,CA
91528,1/9/2014,Uber,-14.58,CA
91528,1/9/2014,PlayStation Membership,-15.39,CA
91528,1/9/2014,Wine Delivery,-6.21,CA
91528,1/10/2014,Restaurant - Chinese,-64.06,CA
91528,1/11/2014,Pet Smart,-39.43,CA
91528,1/11/2014,Pet Smart,-0.98,CA
91528,1/11/2014,Food Delivery - Uber Eats,-27.34,CA
91528,1/11/2014,Restaurant - Steakhouse,-22.01,CA
91528,1/11/2014,Food Delivery - Uber Eats,-0.18,CA
91528,1/11/2014,Restaurant - Chinese,-38.75,CA
91528,1/11/2014,PlayStation Membership,-23.7,CA
91528,1/12/2014,Food Delivery - GrubHub,-29.06,CA
91528,1/12/2014,Von's Groceries,-21.9,CA
91528,1/12/2014,Food Delivery - GrubHub,-29.69,CA
91528,1/12/2014,Wine Delivery,-33.46,CA
91528,1/12/2014,Public Transportation - Train Pass,-3.36,CA
91528,1/12/2014,Taxi,-37.8,CA
91528,1/12/2014,On Demand Movie,-81.3,CA
91528,1/13/2014,Pet Supply - Cat Food,-16.94,CA
91528,1/13/2014,On Demand Movie,-34.93,CA
91528,1/13/2014,On Demand TV,-21.75,CA
91528,1/13/2014,Ralph's Grocery Store,-26.77,CA
91528,1/13/2014,Public Transportation - Bus Pass,-11.26,CA
91528,1/13/2014,Red Box DVD Rental,-88.44,CA
91528,1/14/2014,Taxi,-15.68,CA
91528,1/14/2014,Ralph's Grocery Store,-9.77,CA
91528,1/14/2014,Food Delivery - GrubHub,-4.06,CA
91528,1/14/2014,On Demand TV,-29.62,CA
91528,1/14/2014,Wine Delivery,-29.69,CA
91528,1/14/2014,Uber,-2.66,CA
91528,1/14/2014,Pet Supply - Cat Food,-35.71,CA
91528,1/14/2014,On Demand Movie,-18.03,CA
91528,1/15/2014,Pet Smart,-9.64,CA
91528,1/15/2014,Pet Smart,-3.82,CA
91528,1/16/2014,On Demand TV,-24.66,CA
91528,1/16/2014,PlayStation Membership,-6.13,CA
91528,1/16/2014,Pet Smart,-36.64,CA
91528,1/16/2014,PlayStation Membership,-34.56,CA
91528,1/16/2014,On Demand Movie,-11.75,CA
91528,1/16/2014,Food Delivery - Uber Eats,-22.85,CA
91528,1/16/2014,Red Box DVD Rental,-23.38,CA
91528,1/16/2014,Taxi,-2.12,CA
91528,1/16/2014,Restaurant - Chinese,-88.69,CA
91528,1/16/2014,Podcast Subscription,-63.86,CA
91528,1/17/2014,Food Delivery - GrubHub,-104.81,CA
91528,1/17/2014,Podcast Subscription,-37.32,CA
91528,1/18/2014,PlayStation Membership,-13.76,CA
91528,1/18/2014,PlayStation Membership,-9.07,CA
91528,1/18/2014,Food Delivery - Uber Eats,-3.55,CA
91528,1/19/2014,On Demand TV,-39.3,CA
91528,1/19/2014,Pet Smart,-119.13,CA
91528,1/19/2014,On Demand Movie,-32.61,CA
91528,1/19/2014,Food Delivery - GrubHub,-13.79,CA
91528,1/19/2014,Pet Supply - Cat Food,-19.04,CA
91528,1/20/2014,Food Delivery - GrubHub,-15.78,CA
91528,1/21/2014,Pet Smart,-30.47,CA
91528,1/22/2014,Public Transportation - Bus Pass,-3.03,CA
91528,1/22/2014,Pet Smart,-22.58,CA
91528,1/22/2014,Restaurant - Pizza,-16.44,CA
91528,1/23/2014,Restaurant - Pizza,-8.61,CA
91528,1/23/2014,Food Delivery - Uber Eats,-0.67,CA
91528,1/24/2014,On Demand Movie,-19.83,CA
91528,1/24/2014,Restaurant - Chinese,-19.22,CA
91528,1/24/2014,Food Delivery - GrubHub,-84.68,CA
91528,1/24/2014,Red Box DVD Rental,-0.04,CA
91528,1/24/2014,Red Box DVD Rental,-21.25,CA
91528,1/25/2014,Red Box DVD Rental,-34.49,CA
91528,1/25/2014,Public Transportation - Bus Pass,-23.49,CA
91528,1/25/2014,Lyft,-68.42,CA
91528,1/25/2014,Podcast Subscription,-23.43,CA
91528,1/25/2014,PlayStation Membership,-19.29,CA
91528,1/25/2014,Von's Groceries,-0.74,CA
91528,1/25/2014,Red Box DVD Rental,-86.61,CA
91528,1/25/2014,Restaurant - Steakhouse,-64.24,CA
91528,1/25/2014,Pet Smart,-26.85,CA
91528,1/26/2014,Pet Smart,-30.36,CA
91528,1/26/2014,Red Box DVD Rental,-27.2,CA
91528,1/26/2014,Pet Supply - Cat Food,-99.27,CA
91528,1/27/2014,Ralph's Grocery Store,-77.53,CA
91528,1/28/2014,PlayStation Membership,-5.44,CA
91528,1/28/2014,Taxi,-27.59,CA
91528,1/28/2014,Food Delivery - Uber Eats,-23.94,CA
91528,1/28/2014,Red Box DVD Rental,-39.95,CA
91528,1/29/2014,PlayStation Membership,-8.99,CA
91528,1/30/2014,Food Delivery - GrubHub,-8.41,CA
91528,1/30/2014,On Demand Movie,-94.4,CA
91528,3/2/2014,Housing Rent,-809,CA
91528,3/2/2014,Water & Sewer,-53,CA
91528,3/2/2014,ACS - Student Loans,-135,CA
91528,3/2/2014,Credit Card Payment,-154,CA
91528,3/2/2014,Netflix Subscription,-4.99,CA
91528,3/2/2014,Time Warner Cable,-25,CA
91528,3/2/2014,On Demand TV,-96.13,CA
91528,3/3/2014,Wine Delivery,-113.7,CA
91528,3/4/2014,Food Delivery - Uber Eats,-3.4,CA
91528,3/4/2014,Public Transportation - Bus Pass,-69.37,CA
91528,3/5/2014,Sprouts Market,-20.96,CA
91528,3/5/2014,Whole Foods,-1.41,CA
91528,3/5/2014,On Demand Movie,-30.82,CA
91528,3/5/2014,Pet Smart,-35.97,CA
91528,3/5/2014,Pet Supply - Cat Food,-7.32,CA
91528,3/5/2014,Restaurant - Pizza,-1.35,CA
91528,3/5/2014,Starbucks Coffee,-35.72,CA
91528,3/5/2014,PlayStation Membership,-24.41,CA
91528,3/5/2014,Restaurant - Pizza,-98.18,CA
91528,3/6/2014,Von's Groceries,-38.09,CA
91528,3/6/2014,Pet Supply - Cat Food,-4.44,CA
91528,3/6/2014,Wine Delivery,-102.68,CA
91528,3/6/2014,Food Delivery - GrubHub,-12.07,CA
91528,3/7/2014,Podcast Subscription,-102.58,CA
91528,3/7/2014,Food Delivery - GrubHub,-29.72,CA
91528,3/7/2014,Podcast Subscription,-17.89,CA
91528,3/7/2014,Pet Smart,-1.87,CA
91528,3/7/2014,Restaurant - Pizza,-107.36,CA
91528,3/7/2014,Podcast Subscription,-4.89,CA
91528,3/7/2014,Taxi,-8.27,CA
91528,3/7/2014,Wine Delivery,-19.91,CA
91528,3/7/2014,Food Delivery - GrubHub,-1.02,CA
91528,3/8/2014,Taxi,-51.96,CA
91528,3/8/2014,Restaurant - Steakhouse,-31.28,CA
91528,3/9/2014,Public Transportation - Bus Pass,-10.96,CA
91528,3/10/2014,On Demand TV,-38.64,CA
91528,3/11/2014,Von's Groceries,-14.04,CA
91528,3/12/2014,Food Delivery - GrubHub,-3.15,CA
91528,3/12/2014,Red Box DVD Rental,-34.78,CA
91528,3/13/2014,Podcast Subscription,-17.37,CA
91528,3/13/2014,Podcast Subscription,-26.64,CA
91528,3/13/2014,Starbucks Coffee,-15.2,CA
91528,3/13/2014,On Demand Movie,-37.83,CA
91528,3/14/2014,Food Delivery - Uber Eats,-23.79,CA
91528,3/14/2014,Pet Supply - Cat Food,-96.01,CA
91528,3/15/2014,Food Delivery - GrubHub,-12.9,CA
91528,3/15/2014,PlayStation Membership,-19.19,CA
91528,3/15/2014,Pet Supply - Cat Food,-0.66,CA
91528,3/15/2014,Pet Smart,-110.07,CA
91528,3/15/2014,Red Box DVD Rental,-21.02,CA
91528,3/15/2014,PlayStation Membership,-23.2,CA
91528,3/15/2014,Wine Delivery,-35.92,CA
91528,3/16/2014,Taxi,-0.38,CA
91528,3/17/2014,Red Box DVD Rental,-9.52,CA
91528,3/17/2014,Taxi,-21.88,CA
91528,3/17/2014,Wine Delivery,-19,CA
91528,3/17/2014,Public Transportation - Bus Pass,-15.64,CA
91528,3/17/2014,Food Delivery - GrubHub,-14,CA
91528,3/17/2014,On Demand TV,-0.58,CA
91528,3/18/2014,Food Delivery - Uber Eats,-17.35,CA
91528,3/19/2014,Restaurant - Chinese,-46.07,CA
91528,3/20/2014,On Demand Movie,-37.7,CA
91528,3/20/2014,Podcast Subscription,-22.41,CA
91528,3/20/2014,Restaurant - Steakhouse,-7.77,CA
91528,3/21/2014,On Demand Movie,-10.12,CA
91528,3/22/2014,On Demand Movie,-23.96,CA
91528,3/22/2014,Uber,-8.44,CA
91528,3/22/2014,Public Transportation - Bus Pass,-39.91,CA
91528,3/23/2014,PlayStation Membership,-19.06,CA
91528,3/23/2014,Starbucks Coffee,-55.62,CA
91528,3/23/2014,On Demand TV,-30.63,CA
91528,3/23/2014,Restaurant - Pizza,-10.59,CA
91528,3/23/2014,Sprouts Market,-15.95,CA
91528,3/23/2014,Restaurant - Steakhouse,-24.28,CA
91528,3/24/2014,Wine Delivery,-31.21,CA
91528,3/25/2014,Taxi,-14.92,CA
91528,3/26/2014,Public Transportation - Bus Pass,-102.05,CA
91528,3/26/2014,On Demand Movie,-14.91,CA
91528,3/26/2014,Pet Smart,-12,CA
91528,3/26/2014,On Demand Movie,-14.63,CA
91528,3/26/2014,Public Transportation - Bus Pass,-67.59,CA
91528,3/26/2014,Pet Supply - Cat Food,-23.86,CA
91528,3/27/2014,Wine Delivery,-13.96,CA
91528,3/27/2014,Pet Smart,-31.91,CA
91528,3/28/2014,Podcast Subscription,-35.99,CA
91528,3/28/2014,Lyft,-23.58,CA
91528,3/28/2014,Lyft,-38.14,CA
91528,3/28/2014,Taxi,-10.92,CA
91528,3/29/2014,Taxi,-12.84,CA
91528,3/29/2014,On Demand Movie,-70.01,CA
91528,3/29/2014,Wine Delivery,-16.14,CA
91528,3/30/2014,Uber,-29.81,CA
91528,3/30/2014,Food Delivery - GrubHub,-19.09,CA
91528,3/30/2014,Podcast Subscription,-23.17,CA
91528,4/2/2014,Housing Rent,-1370,CA
91528,4/2/2014,Water & Sewer,-53,CA
91528,4/2/2014,ACS - Student Loans,-135,CA
91528,4/2/2014,Credit Card Payment,-154,CA
91528,4/2/2014,Netflix Subscription,-4.99,CA
91528,4/2/2014,Time Warner Cable,-25,CA
91528,4/2/2014,Ralph's Grocery Store,-28.21,CA
91528,4/2/2014,Pet Supply - Cat Food,-10.3,CA
91528,4/3/2014,Food Delivery - Uber Eats,-4.9,CA
91528,4/3/2014,Red Box DVD Rental,-20.25,CA
91528,4/4/2014,Food Delivery - GrubHub,-34.42,CA
91528,4/5/2014,Uber,-33.53,CA
91528,4/5/2014,Taxi,-3.18,CA
91528,4/5/2014,Food Delivery - Uber Eats,-37.73,CA
91528,4/5/2014,Public Transportation - Bus Pass,-6.15,CA
91528,4/5/2014,Sprouts Market,-90.94,CA
91528,4/5/2014,Food Delivery - GrubHub,-16.73,CA
91528,4/5/2014,Sprouts Market,-15.13,CA
91528,4/6/2014,Taxi,-20.02,CA
91528,4/6/2014,Podcast Subscription,-0.45,CA
91528,4/7/2014,Taxi,-11.58,CA
91528,4/7/2014,Wine Delivery,-8.7,CA
91528,4/8/2014,Von's Groceries,-7.31,CA
91528,4/8/2014,Wine Delivery,-11.7,CA
91528,4/9/2014,Podcast Subscription,-34.16,CA
91528,4/9/2014,Food Delivery - Uber Eats,-19.2,CA
91528,4/9/2014,Wine Delivery,-33.17,CA
91528,4/9/2014,Podcast Subscription,-26.62,CA
91528,4/9/2014,Pet Supply - Cat Food,-67.92,CA
91528,4/9/2014,Pet Smart,-20.34,CA
91528,4/9/2014,Restaurant - Chinese,-35.15,CA
91528,4/9/2014,Podcast Subscription,-9.55,CA
91528,4/9/2014,Public Transportation - Bus Pass,-33.98,CA
91528,4/10/2014,Ralph's Grocery Store,-96.05,CA
91528,4/10/2014,Wine Delivery,-97.42,CA
91528,4/10/2014,Public Transportation - Train Pass,-80.04,CA
91528,4/10/2014,Pet Supply - Cat Food,-31.1,CA
91528,4/10/2014,Pet Smart,-71.44,CA
91528,4/10/2014,Restaurant - Steakhouse,-1.65,CA
91528,4/10/2014,Public Transportation - Bus Pass,-20.4,CA
91528,4/11/2014,Wine Delivery,-72.76,CA
91528,4/12/2014,Podcast Subscription,-60.59,CA
91528,4/13/2014,Podcast Subscription,-31.9,CA
91528,4/13/2014,Starbucks Coffee,-39.25,CA
91528,4/14/2014,Sprouts Market,-9.96,CA
91528,4/14/2014,Red Box DVD Rental,-115.36,CA
91528,4/14/2014,Lyft,-36.44,CA
91528,4/15/2014,Wine Delivery,-39.86,CA
91528,4/15/2014,Lyft,-34.25,CA
91528,4/15/2014,Pet Smart,-16.25,CA
91528,4/15/2014,Starbucks Coffee,-21.03,CA
91528,4/15/2014,Pet Smart,-6.93,CA
91528,4/15/2014,Food Delivery - GrubHub,-75.09,CA
91528,4/15/2014,Pet Smart,-28.57,CA
91528,4/15/2014,Podcast Subscription,-77.85,CA
91528,4/15/2014,Restaurant - Chinese,-2.47,CA
91528,4/16/2014,Red Box DVD Rental,-31.78,CA
91528,4/17/2014,Starbucks Coffee,-35.04,CA
91528,4/17/2014,PlayStation Membership,-9.79,CA
91528,4/18/2014,Taxi,-7.04,CA
91528,4/18/2014,Lyft,-15.51,CA
91528,4/18/2014,Sprouts Market,-53.37,CA
91528,4/18/2014,Food Delivery - Uber Eats,-71.35,CA
91528,4/18/2014,Public Transportation - Train Pass,-38.57,CA
91528,4/19/2014,Pet Supply - Cat Food,-17.07,CA
91528,4/19/2014,On Demand TV,-112.17,CA
91528,4/19/2014,Lyft,-61.52,CA
91528,4/19/2014,PlayStation Membership,-102.2,CA
91528,4/19/2014,Public Transportation - Train Pass,-3.69,CA
91528,4/20/2014,Starbucks Coffee,-33.45,CA
91528,4/20/2014,Restaurant - Burgers,-26.21,CA
91528,4/20/2014,Pet Smart,-15.12,CA
91528,4/20/2014,Starbucks Coffee,-25.53,CA
91528,4/20/2014,On Demand Movie,-21.6,CA
91528,4/20/2014,Sprouts Market,-24.81,CA
91528,4/21/2014,Restaurant - Pizza,-3.55,CA
91528,4/22/2014,Food Delivery - GrubHub,-18.53,CA
91528,4/22/2014,Taxi,-37.2,CA
91528,4/22/2014,Uber,-70.96,CA
91528,4/22/2014,Wine Delivery,-13.25,CA
91528,4/22/2014,Wine Delivery,-14.96,CA
91528,4/23/2014,Von's Groceries,-15.24,CA
91528,4/24/2014,On Demand TV,-4.86,CA
91528,4/25/2014,Podcast Subscription,-11.81,CA
91528,4/25/2014,Pet Smart,-17.95,CA
91528,4/26/2014,Restaurant - Chinese,-22.77,CA
91528,4/27/2014,Food Delivery - Uber Eats,-20.15,CA
91528,4/27/2014,Public Transportation - Train Pass,-24.03,CA
91528,4/27/2014,Von's Groceries,-2.58,CA
91528,4/27/2014,Uber,-11.54,CA
91528,4/28/2014,Lyft,-5.81,CA
91528,4/28/2014,Food Delivery - Uber Eats,-7.65,CA
91528,4/28/2014,Mark's Movers,-30.9,CA
91528,4/28/2014,FedEx Shipping,-39.92,CA
91528,4/28/2014,Jerome's Furniture,-1.95,CA
91528,4/28/2014,Home Depot,-9.08,CA
91528,4/28/2014,Refrigerator Depot,-21.21,CA
91528,4/28/2014,Hamilton Move & Storage,-14.66,CA
91528,4/28/2014,Red Box DVD Rental,-20.31,CA
91528,4/28/2014,Sprouts Market,-5.74,CA
91528,4/28/2014,Taxi,-18.28,CA
91528,4/28/2014,Taxi,-32,CA
91528,4/28/2014,PlayStation Membership,-10.99,CA
91528,4/28/2014,Von's Groceries,-34.11,CA
91528,4/28/2014,Ralph's Grocery Store,-4.76,CA
91528,4/28/2014,Restaurant - Steakhouse,-3.05,CA
91528,4/28/2014,Pet Smart,-32.23,CA
91528,4/29/2014,Pet Supply - Cat Food,-33.96,CA
91528,4/29/2014,Wine Delivery,-57.22,CA
91528,4/29/2014,Pet Smart,-31.24,CA
91528,4/30/2014,Starbucks Coffee,-15.02,CA
91528,4/30/2014,Food Delivery - Uber Eats,-23.86,CA
91528,4/30/2014,Food Delivery - Uber Eats,-8.45,CA
91528,4/30/2014,Von's Groceries,-17.18,CA
91528,4/30/2014,Public Transportation - Bus Pass,-33.06,CA
91528,5/2/2014,Housing Rent,-994,CA
91528,5/2/2014,Water & Sewer,-53,CA
91528,5/2/2014,ACS - Student Loans,-135,CA
91528,5/2/2014,Credit Card Payment,-154,CA
91528,5/2/2014,Netflix Subscription,-4.99,CA
91528,5/2/2014,Time Warner Cable,-25,CA
91528,5/2/2014,On Demand Movie,-13.35,CA
91528,5/2/2014,Lyft,-61.06,CA
91528,5/2/2014,Podcast Subscription,-27.03,CA
91528,5/2/2014,Lyft,-21.52,CA
91528,5/2/2014,Pet Smart,-3.48,CA
91528,5/2/2014,Restaurant - Steakhouse,-17.16,CA
91528,5/2/2014,Public Transportation - Bus Pass,-23.34,CA
91528,5/2/2014,Pet Smart,-15.76,CA
91528,5/3/2014,Pet Smart,-59.23,CA
91528,5/3/2014,PlayStation Membership,-31.51,CA
91528,5/3/2014,Podcast Subscription,-94.45,CA
91528,5/4/2014,Uber,-3.43,CA
91528,5/4/2014,Food Delivery - GrubHub,-30.74,CA
91528,5/4/2014,Podcast Subscription,-31.81,CA
91528,5/5/2014,On Demand TV,-13.57,CA
91528,5/6/2014,PlayStation Membership,-12.35,CA
91528,5/6/2014,Restaurant - Pizza,-15.92,CA
91528,5/6/2014,PlayStation Membership,-117.58,CA
91528,5/7/2014,Public Transportation - Bus Pass,-23.32,CA
91528,5/8/2014,PlayStation Membership,-16.3,CA
91528,5/8/2014,Food Delivery - Uber Eats,-1.6,CA
91528,5/9/2014,Red Box DVD Rental,-2.59,CA
91528,5/10/2014,Food Delivery - GrubHub,-5.63,CA
91528,5/10/2014,Lyft,-14.34,CA
91528,5/10/2014,PlayStation Membership,-33.53,CA
91528,5/10/2014,Restaurant - Pizza,-52.84,CA
91528,5/10/2014,Public Transportation - Bus Pass,-3.21,CA
91528,5/10/2014,Wine Delivery,-12.88,CA
91528,5/10/2014,Podcast Subscription,-22.83,CA
91528,5/10/2014,Pet Smart,-14.84,CA
91528,5/10/2014,Lyft,-25.59,CA
91528,5/11/2014,Restaurant - Chinese,-36.53,CA
91528,5/11/2014,Whole Foods,-8.34,CA
91528,5/12/2014,Taxi,-73.76,CA
91528,5/12/2014,Wine Delivery,-4,CA
91528,5/13/2014,Red Box DVD Rental,-15.39,CA
91528,5/13/2014,Wine Delivery,-16.7,CA
91528,5/13/2014,On Demand TV,-33.82,CA
91528,5/13/2014,Pet Supply - Cat Food,-31.13,CA
91528,5/14/2014,Food Delivery - Uber Eats,-24.63,CA
91528,5/14/2014,Public Transportation - Bus Pass,-47.32,CA
91528,5/14/2014,Pet Smart,-16.4,CA
91528,5/14/2014,Red Box DVD Rental,-47.94,CA
91528,5/14/2014,On Demand Movie,-3.31,CA
91528,5/15/2014,Pet Supply - Cat Food,-4.63,CA
91528,5/15/2014,Taxi,-36.43,CA
91528,5/16/2014,Restaurant - Burgers,-27.34,CA
91528,5/16/2014,Restaurant - Steakhouse,-37.57,CA
91528,5/17/2014,On Demand TV,-7.42,CA
91528,5/17/2014,Restaurant - Pizza,-38.33,CA
91528,5/18/2014,On Demand Movie,-27.09,CA
91528,5/18/2014,Restaurant - Burgers,-7.54,CA
91528,5/18/2014,On Demand Movie,-105.17,CA
91528,5/18/2014,Red Box DVD Rental,-74.18,CA
91528,5/18/2014,Public Transportation - Train Pass,-14.82,CA
91528,5/18/2014,Whole Foods,-14.11,CA
91528,5/18/2014,Starbucks Coffee,-30.55,CA
91528,5/18/2014,Taxi,-15.75,CA
91528,5/19/2014,Restaurant - Pizza,-16.86,CA
91528,5/19/2014,Restaurant - Burgers,-30.31,CA
91528,5/19/2014,Food Delivery - Uber Eats,-26.84,CA
91528,5/19/2014,Food Delivery - GrubHub,-35.04,CA
91528,5/19/2014,Pet Supply - Cat Food,-1.23,CA
91528,5/19/2014,Pet Smart,-31.6,CA
91528,5/19/2014,Food Delivery - GrubHub,-92.04,CA
91528,5/19/2014,Taxi,-13,CA
91528,5/19/2014,On Demand Movie,-28.71,CA
91528,5/19/2014,Restaurant - Chinese,-36.56,CA
91528,5/20/2014,PlayStation Membership,-13.41,CA
91528,5/20/2014,PlayStation Membership,-0.19,CA
91528,5/20/2014,Food Delivery - GrubHub,-11.88,CA
91528,5/20/2014,Food Delivery - GrubHub,-10.07,CA
91528,5/20/2014,Public Transportation - Bus Pass,-15.33,CA
91528,5/20/2014,Taxi,-30.85,CA
91528,5/21/2014,Lyft,-16.28,CA
91528,5/21/2014,Whole Foods,-35.58,CA
91528,5/21/2014,Food Delivery - GrubHub,-24.77,CA
91528,5/21/2014,Lyft,-39.36,CA
91528,5/21/2014,On Demand TV,-21.08,CA
91528,5/21/2014,Podcast Subscription,-39.15,CA
91528,5/21/2014,Wine Delivery,-21.81,CA
91528,5/22/2014,Taxi,-10.15,CA
91528,5/22/2014,Lyft,-9.89,CA
91528,5/22/2014,On Demand TV,-14.45,CA
91528,5/22/2014,Whole Foods,-2.18,CA
91528,5/23/2014,Food Delivery - GrubHub,-5.27,CA
91528,5/24/2014,On Demand TV,-20.53,CA
91528,5/25/2014,Restaurant - Burgers,-31.18,CA
91528,5/25/2014,PlayStation Membership,-29.43,CA
91528,5/25/2014,Food Delivery - Uber Eats,-19.95,CA
91528,5/25/2014,PlayStation Membership,-34.3,CA
91528,5/25/2014,On Demand TV,-24.28,CA
91528,5/25/2014,Lyft,-33.32,CA
91528,5/26/2014,Food Delivery - Uber Eats,-19.58,CA
91528,5/26/2014,Pet Supply - Cat Food,-18.1,CA
91528,5/26/2014,Pet Supply - Cat Food,-3.19,CA
91528,5/26/2014,On Demand TV,-22.18,CA
91528,5/26/2014,Von's Groceries,-39.01,CA
91528,5/26/2014,Whole Foods,-75.58,CA
91528,5/27/2014,PlayStation Membership,-25.86,CA
91528,5/28/2014,Podcast Subscription,-27.42,CA
91528,5/29/2014,Pet Supply - Cat Food,-4.17,CA
91528,5/29/2014,Red Box DVD Rental,-21.45,CA
91528,5/30/2014,Podcast Subscription,-47.16,CA
91528,5/30/2014,Uber,-73.89,CA
91528,5/30/2014,Lyft,-16.87,CA
91528,6/2/2014,Housing Rent,-1350,CA
91528,6/2/2014,Water & Sewer,-53,CA
91528,6/2/2014,ACS - Student Loans,-135,CA
91528,6/2/2014,Credit Card Payment,-154,CA
91528,6/2/2014,Netflix Subscription,-4.99,CA
91528,6/2/2014,Time Warner Cable,-25,CA
91528,6/2/2014,Public Transportation - Train Pass,-102.3,CA
91528,6/2/2014,On Demand TV,-39.14,CA
91528,6/2/2014,On Demand Movie,-18.37,CA
91528,6/2/2014,Red Box DVD Rental,-10.09,CA
91528,6/2/2014,On Demand TV,-13.31,CA
91528,6/2/2014,Food Delivery - GrubHub,-12.16,CA
91528,6/3/2014,Sprouts Market,-2.36,CA
91528,6/3/2014,Sprouts Market,-116.97,CA
91528,6/3/2014,Starbucks Coffee,-38.84,CA
91528,6/4/2014,Red Box DVD Rental,-17.06,CA
91528,6/5/2014,Taxi,-14.41,CA
91528,6/6/2014,Food Delivery - GrubHub,-13.94,CA
91528,6/6/2014,Public Transportation - Train Pass,-90.79,CA
91528,6/7/2014,Pet Supply - Cat Food,-109.17,CA
91528,6/7/2014,Food Delivery - GrubHub,-52.28,CA
91528,6/7/2014,Restaurant - Steakhouse,-6.11,CA
91528,6/7/2014,Food Delivery - Uber Eats,-1.1,CA
91528,6/7/2014,Red Box DVD Rental,-25.19,CA
91528,6/7/2014,Pet Smart,-12.26,CA
91528,6/8/2014,Food Delivery - Uber Eats,-7.41,CA
91528,6/8/2014,Starbucks Coffee,-9.53,CA
91528,6/9/2014,Public Transportation - Train Pass,-14.37,CA
91528,6/10/2014,Ralph's Grocery Store,-33.68,CA
91528,6/11/2014,Food Delivery - GrubHub,-29.8,CA
91528,6/12/2014,Pet Smart,-25.08,CA
91528,6/12/2014,On Demand Movie,-104.23,CA
91528,6/12/2014,Podcast Subscription,-35.47,CA
91528,6/12/2014,Pet Supply - Cat Food,-28.73,CA
91528,6/13/2014,Pet Smart,-8.76,CA
91528,6/13/2014,On Demand TV,-1.31,CA
91528,6/14/2014,Podcast Subscription,-33.05,CA
91528,6/15/2014,Wine Delivery,-38.21,CA
91528,6/15/2014,Pet Smart,-29.46,CA
91528,6/15/2014,Restaurant - Steakhouse,-2.74,CA
91528,6/15/2014,Starbucks Coffee,-13.09,CA
91528,6/15/2014,Public Transportation - Bus Pass,-33.43,CA
91528,6/15/2014,Lyft,-23.92,CA
91528,6/16/2014,Food Delivery - Uber Eats,-7.18,CA
91528,6/16/2014,Food Delivery - Uber Eats,-20.47,CA
91528,6/17/2014,Restaurant - Chinese,-74.8,CA
91528,6/18/2014,Wine Delivery,-67.38,CA
91528,6/18/2014,Pet Supply - Cat Food,-32.37,CA
91528,6/19/2014,Public Transportation - Bus Pass,-1.43,CA
91528,6/20/2014,Restaurant - Chinese,-46.1,CA
91528,6/21/2014,Pet Supply - Cat Food,-12.74,CA
91528,6/21/2014,Lyft,-39.46,CA
91528,6/21/2014,Whole Foods,-106.25,CA
91528,6/22/2014,On Demand TV,-17.13,CA
91528,6/22/2014,Von's Groceries,-94.18,CA
91528,6/22/2014,Restaurant - Chinese,-79.26,CA
91528,6/22/2014,PlayStation Membership,-15.23,CA
91528,6/22/2014,Pet Smart,-20.15,CA
91528,6/22/2014,Ralph's Grocery Store,-12.94,CA
91528,6/22/2014,Pet Smart,-25.46,CA
91528,6/22/2014,PlayStation Membership,-32.36,CA
91528,6/22/2014,Food Delivery - GrubHub,-26.53,CA
91528,6/23/2014,Food Delivery - Uber Eats,-20.81,CA
91528,6/23/2014,Food Delivery - GrubHub,-13.23,CA
91528,6/23/2014,Food Delivery - Uber Eats,-5.43,CA
91528,6/24/2014,Public Transportation - Bus Pass,-29.35,CA
91528,6/24/2014,Wine Delivery,-9.99,CA
91528,6/25/2014,Von's Groceries,-11.46,CA
91528,6/25/2014,Food Delivery - GrubHub,-8.3,CA
91528,6/25/2014,Red Box DVD Rental,-12.49,CA
91528,6/25/2014,Podcast Subscription,-24.98,CA
91528,6/25/2014,Podcast Subscription,-39.89,CA
91528,6/25/2014,Podcast Subscription,-17.76,CA
91528,6/26/2014,PlayStation Membership,-14.14,CA
91528,6/26/2014,On Demand TV,-39.79,CA
91528,6/27/2014,Lyft,-7.03,CA
91528,6/28/2014,Starbucks Coffee,-17.8,CA
91528,6/28/2014,Restaurant - Steakhouse,-23.41,CA
91528,6/28/2014,Red Box DVD Rental,-17.79,CA
91528,6/28/2014,Restaurant - Pizza,-32.85,CA
91528,6/28/2014,Food Delivery - GrubHub,-25.21,CA
91528,6/29/2014,Wine Delivery,-81.87,CA
91528,6/29/2014,Amazon Order - Baby Crib,-3.13,CA
91528,6/29/2014,Hospital - Prenatal Care,-26.9,CA
91528,6/29/2014,Babies "R" Us,-34.07,CA
91528,6/29/2014,BuyBuyBaby.com,-23.77,CA
91528,6/29/2014,Food Delivery - GrubHub,-0.07,CA
91528,6/29/2014,Taxi,-13.79,CA
91528,6/29/2014,Public Transportation - Train Pass,-80.74,CA
91528,6/30/2014,Red Box DVD Rental,-105.08,CA
91528,6/30/2014,On Demand Movie,-25.65,CA
91528,7/2/2014,Housing Rent,-856,CA
91528,7/2/2014,Water & Sewer,-53,CA
91528,7/2/2014,ACS - Student Loans,-135,CA
91528,7/2/2014,Credit Card Payment,-154,CA
91528,7/2/2014,Netflix Subscription,-4.99,CA
91528,7/2/2014,Time Warner Cable,-25,CA
91528,7/2/2014,Food Delivery - GrubHub,-33.42,CA
91528,7/2/2014,Podcast Subscription,-20.72,CA
91528,7/3/2014,Pet Smart,-32.67,CA
91528,7/3/2014,Pet Smart,-18.05,CA
91528,7/4/2014,On Demand Movie,-25.47,CA
91528,7/5/2014,Wine Delivery,-2.92,CA
91528,7/5/2014,Pet Smart,-6.92,CA
91528,7/5/2014,Starbucks Coffee,-16.04,CA
91528,7/5/2014,Public Transportation - Train Pass,-20.71,CA
91528,7/5/2014,Food Delivery - GrubHub,-30.15,CA
91528,7/6/2014,Food Delivery - Uber Eats,-28.08,CA
91528,7/6/2014,Public Transportation - Bus Pass,-16.69,CA
91528,7/6/2014,Wine Delivery,-0.35,CA
91528,7/7/2014,Public Transportation - Bus Pass,-39.26,CA
91528,7/7/2014,Food Delivery - GrubHub,-31.23,CA
91528,7/7/2014,Restaurant - Chinese,-36.44,CA
91528,7/7/2014,Public Transportation - Bus Pass,-28.91,CA
91528,7/7/2014,Uber,-12.53,CA
91528,7/7/2014,Red Box DVD Rental,-115.22,CA
91528,7/8/2014,Taxi,-33.67,CA
91528,7/8/2014,Pet Supply - Cat Food,-23.12,CA
91528,7/8/2014,Uber,-16.7,CA
91528,7/9/2014,Food Delivery - Uber Eats,-24.11,CA
91528,7/9/2014,Lyft,-31.25,CA
91528,7/9/2014,PlayStation Membership,-36.82,CA
91528,7/9/2014,Red Box DVD Rental,-86.11,CA
91528,7/10/2014,On Demand Movie,-30.45,CA
91528,7/11/2014,Public Transportation - Train Pass,-1.27,CA
91528,7/11/2014,Pet Smart,-98.12,CA
91528,7/11/2014,Ralph's Grocery Store,-10.59,CA
91528,7/12/2014,Food Delivery - Uber Eats,-41.14,CA
91528,7/13/2014,Food Delivery - Uber Eats,-17.76,CA
91528,7/14/2014,Wine Delivery,-0.16,CA
91528,7/14/2014,Pet Smart,-34.15,CA
91528,7/14/2014,Red Box DVD Rental,-13.27,CA
91528,7/14/2014,Pet Smart,-23.89,CA
91528,7/14/2014,Public Transportation - Bus Pass,-39.01,CA
91528,7/14/2014,Pet Smart,-8.27,CA
91528,7/14/2014,Sprouts Market,-24.53,CA
91528,7/15/2014,On Demand TV,-2.52,CA
91528,7/15/2014,Red Box DVD Rental,-28.85,CA
91528,7/15/2014,Pet Supply - Cat Food,-9.65,CA
91528,7/16/2014,Podcast Subscription,-32.64,CA
91528,7/17/2014,Food Delivery - GrubHub,-15.78,CA
91528,7/17/2014,Lyft,-29.53,CA
91528,7/17/2014,On Demand Movie,-10.58,CA
91528,7/17/2014,Pet Smart,-20.08,CA
91528,7/17/2014,Public Transportation - Train Pass,-31.81,CA
91528,7/18/2014,Taxi,-39.47,CA
91528,7/18/2014,Whole Foods,-20.85,CA
91528,7/19/2014,Red Box DVD Rental,-13.37,CA
91528,7/19/2014,Uber,-29.26,CA
91528,7/19/2014,Lyft,-18.76,CA
91528,7/19/2014,On Demand Movie,-7.16,CA
91528,7/19/2014,Food Delivery - Uber Eats,-96.92,CA
91528,7/19/2014,Pet Smart,-63.96,CA
91528,7/19/2014,Lyft,-21.8,CA
91528,7/20/2014,PlayStation Membership,-36.73,CA
91528,7/20/2014,Food Delivery - Uber Eats,-27.89,CA
91528,7/20/2014,Food Delivery - Uber Eats,-66.27,CA
91528,7/20/2014,PlayStation Membership,-34.67,CA
91528,7/20/2014,Whole Foods,-28.89,CA
91528,7/20/2014,Whole Foods,-50.97,CA
91528,7/20/2014,Podcast Subscription,-30.54,CA
91528,7/21/2014,Public Transportation - Bus Pass,-19.91,CA
91528,7/21/2014,Food Delivery - Uber Eats,-4.64,CA
91528,7/21/2014,PlayStation Membership,-14.31,CA
91528,7/21/2014,On Demand TV,-24.86,CA
91528,7/21/2014,Food Delivery - GrubHub,-9.33,CA
91528,7/22/2014,Lyft,-33.69,CA
91528,7/22/2014,Food Delivery - Uber Eats,-8.77,CA
91528,7/22/2014,Whole Foods,-15.64,CA
91528,7/22/2014,Public Transportation - Train Pass,-9.31,CA
91528,7/23/2014,Wine Delivery,-35.85,CA
91528,7/23/2014,Taxi,-27.13,CA
91528,7/23/2014,Pet Supply - Cat Food,-19.78,CA
91528,7/24/2014,Restaurant - Pizza,-38.07,CA
91528,7/24/2014,Von's Groceries,-4.93,CA
91528,7/25/2014,PlayStation Membership,-30.26,CA
91528,7/25/2014,Ralph's Grocery Store,-65.19,CA
91528,7/25/2014,Red Box DVD Rental,-16.61,CA
91528,7/26/2014,Restaurant - Burgers,-4.65,CA
91528,7/26/2014,On Demand Movie,-15.15,CA
91528,7/26/2014,PlayStation Membership,-11.13,CA
91528,7/26/2014,On Demand TV,-109.38,CA
91528,7/26/2014,Pet Supply - Cat Food,-8.79,CA
91528,7/26/2014,Uber,-69.04,CA
91528,7/26/2014,On Demand TV,-18,CA
91528,7/26/2014,Food Delivery - GrubHub,-15.85,CA
91528,7/26/2014,Food Delivery - GrubHub,-24.49,CA
91528,7/27/2014,Uber,-18.81,CA
91528,7/28/2014,Restaurant - Burgers,-5.89,CA
91528,7/29/2014,Wine Delivery,-101.32,CA
91528,7/29/2014,Starbucks Coffee,-13.37,CA
91528,7/29/2014,Restaurant - Chinese,-32.94,CA
91528,7/29/2014,On Demand Movie,-64.21,CA
91528,7/29/2014,Food Delivery - Uber Eats,-5.32,CA
91528,7/29/2014,Podcast Subscription,-9.49,CA
91528,7/29/2014,Pet Smart,-10.36,CA
91528,7/29/2014,Pet Supply - Cat Food,-17.22,CA
91528,7/29/2014,Food Delivery - Uber Eats,-13.78,CA
91528,7/29/2014,On Demand Movie,-18.16,CA
91528,7/29/2014,Sprouts Market,-5.39,CA
91528,7/29/2014,Podcast Subscription,-25.88,CA
91528,7/29/2014,Pet Supply - Cat Food,-13.47,CA
91528,7/29/2014,Whole Foods,-76.36,CA
91528,7/29/2014,Wine Delivery,-70.46,CA
91528,7/29/2014,Public Transportation - Bus Pass,-38.22,CA
91528,7/29/2014,Public Transportation - Train Pass,-36.44,CA
91528,7/29/2014,Food Delivery - GrubHub,-28.7,CA
91528,7/30/2014,Sprouts Market,-6.62,CA
91528,8/2/2014,Housing Rent,-1147,CA
91528,8/2/2014,Water & Sewer,-53,CA
91528,8/2/2014,ACS - Student Loans,-135,CA
91528,8/2/2014,Credit Card Payment,-154,CA
91528,8/2/2014,Netflix Subscription,-4.99,CA
91528,8/2/2014,Time Warner Cable,-25,CA
91528,8/2/2014,Pet Smart,-13.75,CA
91528,8/2/2014,Red Box DVD Rental,-32.51,CA
91528,8/2/2014,Pet Smart,-18.82,CA
91528,8/3/2014,Red Box DVD Rental,-9.32,CA
91528,8/4/2014,Restaurant - Steakhouse,-33.89,CA
91528,8/4/2014,Red Box DVD Rental,-30.98,CA
91528,8/4/2014,Pet Supply - Cat Food,-16.87,CA
91528,8/5/2014,Restaurant - Steakhouse,-9.64,CA
91528,8/5/2014,Public Transportation - Train Pass,-21.78,CA
91528,8/6/2014,Taxi,-6.6,CA
91528,8/7/2014,Wine Delivery,-13.04,CA
91528,8/7/2014,On Demand Movie,-113.84,CA
91528,8/7/2014,Wine Delivery,-64.47,CA
91528,8/7/2014,Podcast Subscription,-17.08,CA
91528,8/8/2014,Wine Delivery,-19.9,CA
91528,8/8/2014,Whole Foods,-18.28,CA
91528,8/8/2014,Public Transportation - Train Pass,-25.43,CA
91528,8/8/2014,Lyft,-9.31,CA
91528,8/8/2014,PlayStation Membership,-9.67,CA
91528,8/8/2014,Food Delivery - GrubHub,-37.61,CA
91528,8/8/2014,Taxi,-27.11,CA
91528,8/8/2014,Public Transportation - Train Pass,-63.2,CA
91528,8/8/2014,Public Transportation - Bus Pass,-35.76,CA
91528,8/8/2014,Wine Delivery,-48.98,CA
91528,8/8/2014,Food Delivery - Uber Eats,-16.65,CA
91528,8/8/2014,Red Box DVD Rental,-115.83,CA
91528,8/8/2014,Starbucks Coffee,-17.04,CA
91528,8/8/2014,Food Delivery - GrubHub,-31.74,CA
91528,8/8/2014,Restaurant - Chinese,-37.19,CA
91528,8/8/2014,Public Transportation - Train Pass,-6,CA
91528,8/9/2014,Restaurant - Chinese,-114.3,CA
91528,8/10/2014,On Demand Movie,-32.73,CA
91528,8/10/2014,PlayStation Membership,-32.3,CA
91528,8/10/2014,Pet Supply - Cat Food,-17.52,CA
91528,8/11/2014,Pet Smart,-29.27,CA
91528,8/11/2014,Ralph's Grocery Store,-10.16,CA
91528,8/11/2014,Ralph's Grocery Store,-17.65,CA
91528,8/12/2014,Podcast Subscription,-10.2,CA
91528,8/12/2014,Restaurant - Steakhouse,-7.7,CA
91528,8/13/2014,Whole Foods,-27.15,CA
91528,8/14/2014,Von's Groceries,-30.42,CA
91528,8/15/2014,Food Delivery - Uber Eats,-16.6,CA
91528,8/16/2014,Red Box DVD Rental,-11.79,CA
91528,8/17/2014,On Demand Movie,-53.78,CA
91528,8/18/2014,Uber,-95.54,CA
91528,8/19/2014,PlayStation Membership,-24.38,CA
91528,8/19/2014,Red Box DVD Rental,-106.38,CA
91528,8/19/2014,Food Delivery - GrubHub,-11.25,CA
91528,8/20/2014,On Demand TV,-22.48,CA
91528,8/20/2014,Food Delivery - Uber Eats,-4.95,CA
91528,8/20/2014,Podcast Subscription,-3.08,CA
91528,8/20/2014,On Demand TV,-82.73,CA
91528,8/21/2014,Taxi,-9.85,CA
91528,8/21/2014,Ralph's Grocery Store,-24.2,CA
91528,8/21/2014,On Demand TV,-25.19,CA
91528,8/21/2014,Pet Supply - Cat Food,-4.7,CA
91528,8/21/2014,Uber,-20.78,CA
91528,8/21/2014,Public Transportation - Train Pass,-34.32,CA
91528,8/21/2014,Public Transportation - Bus Pass,-24.96,CA
91528,8/21/2014,On Demand TV,-9.4,CA
91528,8/21/2014,Food Delivery - Uber Eats,-30.3,CA
91528,8/21/2014,Red Box DVD Rental,-3.38,CA
91528,8/21/2014,PlayStation Membership,-21.18,CA
91528,8/22/2014,Taxi,-15.44,CA
91528,8/22/2014,Food Delivery - Uber Eats,-14.12,CA
91528,8/22/2014,On Demand Movie,-5.19,CA
91528,8/22/2014,Restaurant - Steakhouse,-6.02,CA
91528,8/23/2014,Food Delivery - GrubHub,-17.79,CA
91528,8/23/2014,Food Delivery - GrubHub,-3.53,CA
91528,8/23/2014,Pet Smart,-3.66,CA
91528,8/24/2014,Whole Foods,-23.75,CA
91528,8/25/2014,On Demand Movie,-34.81,CA
91528,8/25/2014,Uber,-9.64,CA
91528,8/25/2014,Public Transportation - Bus Pass,-9.81,CA
91528,8/25/2014,Podcast Subscription,-31.82,CA
91528,8/26/2014,Podcast Subscription,-0.64,CA
91528,8/26/2014,On Demand TV,-101.98,CA
91528,8/26/2014,Sprouts Market,-32.36,CA
91528,8/26/2014,Restaurant - Steakhouse,-13.17,CA
91528,8/27/2014,PlayStation Membership,-31.2,CA
91528,8/28/2014,Public Transportation - Bus Pass,-3.39,CA
91528,8/29/2014,Von's Groceries,-32.87,CA
91528,8/30/2014,Wine Delivery,-25,CA
91528,8/30/2014,Restaurant - Burgers,-81.43,CA
91528,8/30/2014,On Demand TV,-32.77,CA
91528,8/30/2014,On Demand TV,-4.9,CA
91528,8/30/2014,Public Transportation - Train Pass,-63.38,CA
91528,9/2/2014,Housing Rent,-1212,CA
91528,9/2/2014,Water & Sewer,-53,CA
91528,9/2/2014,ACS - Student Loans,-135,CA
91528,9/2/2014,Credit Card Payment,-154,CA
91528,9/2/2014,Netflix Subscription,-4.99,CA
91528,9/2/2014,Time Warner Cable,-25,CA
91528,9/2/2014,Wine Delivery,-16.01,CA
91528,9/2/2014,Wine Delivery,-54.85,CA
91528,9/3/2014,PlayStation Membership,-5.53,CA
91528,9/4/2014,Lyft,-25.36,CA
91528,9/5/2014,On Demand Movie,-33.68,CA
91528,9/5/2014,Food Delivery - Uber Eats,-11.43,CA
91528,9/5/2014,Pet Supply - Cat Food,-92.02,CA
91528,9/5/2014,Food Delivery - Uber Eats,-25.82,CA
91528,9/5/2014,Pet Smart,-20.41,CA
91528,9/5/2014,Restaurant - Pizza,-37.1,CA
91528,9/6/2014,Podcast Subscription,-25.81,CA
91528,9/7/2014,On Demand Movie,-23.59,CA
91528,9/8/2014,Uber,-30.84,CA
91528,9/8/2014,On Demand TV,-37.9,CA
91528,9/8/2014,Pet Smart,-33.29,CA
91528,9/8/2014,Wine Delivery,-75.38,CA
91528,9/8/2014,Pet Supply - Cat Food,-33.3,CA
91528,9/8/2014,Sprouts Market,-3.97,CA
91528,9/8/2014,Whole Foods,-7.63,CA
91528,9/9/2014,On Demand TV,-39.44,CA
91528,9/9/2014,Food Delivery - GrubHub,-0.08,CA
91528,9/9/2014,Pet Smart,-38.88,CA
91528,9/10/2014,Taxi,-16.41,CA
91528,9/11/2014,Uber,-29.13,CA
91528,9/11/2014,Food Delivery - GrubHub,-21.38,CA
91528,9/11/2014,PlayStation Membership,-1.65,CA
91528,9/12/2014,Food Delivery - GrubHub,-23.63,CA
91528,9/13/2014,Restaurant - Burgers,-39.95,CA
91528,9/13/2014,Ralph's Grocery Store,-101.69,CA
91528,9/14/2014,Public Transportation - Bus Pass,-31.61,CA
91528,9/14/2014,Red Box DVD Rental,-12.04,CA
91528,9/15/2014,Food Delivery - GrubHub,-60.15,CA
91528,9/15/2014,Lyft,-25.92,CA
91528,9/15/2014,Wine Delivery,-39.34,CA
91528,9/15/2014,Podcast Subscription,-30.31,CA
91528,9/15/2014,Lyft,-19.95,CA
91528,9/15/2014,Pet Supply - Cat Food,-29,CA
91528,9/15/2014,Taxi,-18.93,CA
91528,9/15/2014,Taxi,-17.8,CA
91528,9/15/2014,Taxi,-9.88,CA
91528,9/16/2014,Pet Supply - Cat Food,-36.33,CA
91528,9/17/2014,Restaurant - Steakhouse,-28.08,CA
91528,9/17/2014,Red Box DVD Rental,-23.04,CA
91528,9/17/2014,Restaurant - Steakhouse,-37.55,CA
91528,9/17/2014,Pet Smart,-37.26,CA
91528,9/17/2014,PlayStation Membership,-18.48,CA
91528,9/17/2014,Lyft,-1.1,CA
91528,9/17/2014,Lyft,-93.95,CA
91528,9/17/2014,Public Transportation - Train Pass,-1.85,CA
91528,9/17/2014,Pet Smart,-104.31,CA
91528,9/17/2014,Red Box DVD Rental,-6.22,CA
91528,9/17/2014,Food Delivery - Uber Eats,-29.93,CA
91528,9/17/2014,Red Box DVD Rental,-25.48,CA
91528,9/17/2014,Food Delivery - Uber Eats,-87.2,CA
91528,9/17/2014,Starbucks Coffee,-7.02,CA
91528,9/18/2014,Wine Delivery,-22.43,CA
91528,9/18/2014,Red Box DVD Rental,-28.59,CA
91528,9/18/2014,Wine Delivery,-19.03,CA
91528,9/18/2014,Podcast Subscription,-21.28,CA
91528,9/19/2014,Restaurant - Steakhouse,-2.11,CA
91528,9/19/2014,Restaurant - Burgers,-88.27,CA
91528,9/20/2014,PlayStation Membership,-14.01,CA
91528,9/21/2014,Pet Smart,-14.43,CA
91528,9/22/2014,Lyft,-36.27,CA
91528,9/22/2014,Pet Smart,-33.71,CA
91528,9/23/2014,Restaurant - Pizza,-7.27,CA
91528,9/23/2014,Pet Smart,-30.9,CA
91528,9/23/2014,Food Delivery - Uber Eats,-31.42,CA
91528,9/23/2014,Public Transportation - Bus Pass,-9.6,CA
91528,9/23/2014,Public Transportation - Train Pass,-30.5,CA
91528,9/23/2014,Wine Delivery,-17.07,CA
91528,9/23/2014,On Demand Movie,-108.88,CA
91528,9/23/2014,Restaurant - Steakhouse,-0.4,CA
91528,9/23/2014,Food Delivery - GrubHub,-32.44,CA
91528,9/24/2014,Food Delivery - GrubHub,-23.7,CA
91528,9/24/2014,Pet Supply - Cat Food,-57.51,CA
91528,9/24/2014,Pet Smart,-4.02,CA
91528,9/24/2014,Von's Groceries,-85.85,CA
91528,9/24/2014,Taxi,-110.95,CA
91528,9/25/2014,On Demand TV,-38.59,CA
91528,9/26/2014,Food Delivery - Uber Eats,-3.39,CA
91528,9/27/2014,Podcast Subscription,-31.01,CA
91528,9/27/2014,Red Box DVD Rental,-49.16,CA
91528,9/28/2014,Lyft,-95.25,CA
91528,9/28/2014,Food Delivery - GrubHub,-37.14,CA
91528,9/29/2014,Podcast Subscription,-112.05,CA
91528,9/30/2014,Pet Smart,-76.64,CA
91528,9/30/2014,Lyft,-11.63,CA
91528,10/2/2014,Housing Rent,-1068,CA
91528,10/2/2014,Water & Sewer,-53,CA
91528,10/2/2014,ACS - Student Loans,-135,CA
91528,10/2/2014,Credit Card Payment,-154,CA
91528,10/2/2014,Netflix Subscription,-4.99,CA
91528,10/2/2014,Time Warner Cable,-25,CA
91528,10/2/2014,On Demand TV,-27.37,CA
91528,10/2/2014,Starbucks Coffee,-10.4,CA
91528,10/2/2014,Starbucks Coffee,-101.72,CA
91528,10/2/2014,Public Transportation - Bus Pass,-15.96,CA
91528,10/2/2014,Wine Delivery,-3.53,CA
91528,10/2/2014,Von's Groceries,-3.2,CA
91528,10/2/2014,Food Delivery - GrubHub,-48.49,CA
91528,10/2/2014,Pet Smart,-33.69,CA
91528,10/3/2014,PlayStation Membership,-15.18,CA
91528,10/4/2014,On Demand TV,-39.68,CA
91528,10/4/2014,On Demand Movie,-13.71,CA
91528,10/4/2014,Food Delivery - GrubHub,-7.25,CA
91528,10/4/2014,Food Delivery - Uber Eats,-75.32,CA
91528,10/5/2014,Pet Smart,-27.52,CA
91528,10/5/2014,Food Delivery - GrubHub,-38.74,CA
91528,10/6/2014,Lyft,-39.61,CA
91528,10/6/2014,Von's Groceries,-20.28,CA
91528,10/6/2014,Restaurant - Pizza,-29.83,CA
91528,10/7/2014,Food Delivery - GrubHub,-3.18,CA
91528,10/7/2014,On Demand Movie,-13.98,CA
91528,10/8/2014,On Demand TV,-5.96,CA
91528,10/8/2014,Food Delivery - GrubHub,-22.18,CA
91528,10/9/2014,Public Transportation - Train Pass,-27.71,CA
91528,10/10/2014,Red Box DVD Rental,-101.09,CA
91528,10/11/2014,Podcast Subscription,-6.45,CA
91528,10/12/2014,Restaurant - Steakhouse,-3.64,CA
91528,10/12/2014,Food Delivery - Uber Eats,-15.11,CA
91528,10/13/2014,Podcast Subscription,-9,CA
91528,10/14/2014,Food Delivery - Uber Eats,-36.19,CA
91528,10/14/2014,Wine Delivery,-68.45,CA
91528,10/15/2014,Podcast Subscription,-24.63,CA
91528,10/16/2014,Public Transportation - Bus Pass,-22.51,CA
91528,10/16/2014,Restaurant - Pizza,-6.94,CA
91528,10/17/2014,On Demand TV,-12.37,CA
91528,10/18/2014,On Demand Movie,-33.24,CA
91528,10/19/2014,On Demand TV,-28.07,CA
91528,10/20/2014,Public Transportation - Bus Pass,-15.73,CA
91528,10/21/2014,Starbucks Coffee,-16.97,CA
91528,10/21/2014,PlayStation Membership,-5.09,CA
91528,10/21/2014,Restaurant - Pizza,-15.31,CA
91528,10/21/2014,PlayStation Membership,-38.64,CA
91528,10/21/2014,PlayStation Membership,-39.26,CA
91528,10/21/2014,Whole Foods,-119.71,CA
91528,10/22/2014,Whole Foods,-7.52,CA
91528,10/23/2014,Red Box DVD Rental,-38.24,CA
91528,10/23/2014,Lyft,-37.67,CA
91528,10/24/2014,Wine Delivery,-32.46,CA
91528,10/24/2014,Food Delivery - GrubHub,-35.27,CA
91528,10/24/2014,On Demand TV,-75.95,CA
91528,10/24/2014,PlayStation Membership,-22.88,CA
91528,10/24/2014,Von's Groceries,-15.41,CA
91528,10/24/2014,Pet Supply - Cat Food,-24.97,CA
91528,10/24/2014,Wine Delivery,-1.21,CA
91528,10/24/2014,PlayStation Membership,-108.65,CA
91528,10/25/2014,Red Box DVD Rental,-113.53,CA
91528,10/25/2014,Food Delivery - Uber Eats,-44.51,CA
91528,10/25/2014,Food Delivery - Uber Eats,-28.13,CA
91528,10/26/2014,Food Delivery - Uber Eats,-97.8,CA
91528,10/27/2014,Taxi,-28.94,CA
91528,10/27/2014,Food Delivery - GrubHub,-21.3,CA
91528,10/28/2014,Public Transportation - Train Pass,-26.43,CA
91528,10/28/2014,Whole Foods,-33.67,CA
91528,10/28/2014,Restaurant - Steakhouse,-21.94,CA
91528,10/29/2014,Food Delivery - GrubHub,-32.4,CA
91528,10/30/2014,Public Transportation - Train Pass,-16.2,CA
91528,10/30/2014,Pet Supply - Cat Food,-34.09,CA
91528,11/2/2014,Housing Rent,-1276,CA
91528,11/2/2014,Water & Sewer,-53,CA
91528,11/2/2014,ACS - Student Loans,-135,CA
91528,11/2/2014,Credit Card Payment,-154,CA
91528,11/2/2014,Netflix Subscription,-4.99,CA
91528,11/2/2014,Time Warner Cable,-25,CA
91528,11/2/2014,Food Delivery - GrubHub,-32.43,CA
91528,11/3/2014,Pet Smart,-10.48,CA
91528,11/4/2014,Restaurant - Burgers,-79.4,CA
91528,11/4/2014,Pet Smart,-38.98,CA
91528,11/5/2014,Lyft,-9.55,CA
91528,11/6/2014,Whole Foods,-20.58,CA
91528,11/6/2014,Food Delivery - GrubHub,-9.22,CA
91528,11/6/2014,Restaurant - Steakhouse,-33.53,CA
91528,11/6/2014,On Demand TV,-36.69,CA
91528,11/6/2014,Pet Smart,-85.99,CA
91528,11/7/2014,Ralph's Grocery Store,-23.67,CA
91528,11/8/2014,Pet Supply - Cat Food,-19.87,CA
91528,11/8/2014,Food Delivery - GrubHub,-48.5,CA
91528,11/9/2014,Taxi,-31.56,CA
91528,11/9/2014,PlayStation Membership,-75.12,CA
91528,11/9/2014,Starbucks Coffee,-96.04,CA
91528,11/9/2014,Food Delivery - Uber Eats,-38.42,CA
91528,11/10/2014,Pet Smart,-28.66,CA
91528,11/10/2014,Public Transportation - Bus Pass,-16.73,CA
91528,11/11/2014,Food Delivery - GrubHub,-6.87,CA
91528,11/11/2014,Restaurant - Chinese,-38.45,CA
91528,11/11/2014,Pet Supply - Cat Food,-8.05,CA
91528,11/11/2014,Pet Supply - Cat Food,-22.84,CA
91528,11/11/2014,Red Box DVD Rental,-0.35,CA
91528,11/12/2014,PlayStation Membership,-22.04,CA
91528,11/12/2014,Wine Delivery,-31.08,CA
91528,11/12/2014,Restaurant - Burgers,-7.54,CA
91528,11/12/2014,Public Transportation - Train Pass,-3.73,CA
91528,11/12/2014,Lyft,-56.84,CA
91528,11/12/2014,On Demand Movie,-38.93,CA
91528,11/13/2014,Red Box DVD Rental,-39.05,CA
91528,11/13/2014,Taxi,-0.5,CA
91528,11/13/2014,PlayStation Membership,-19.63,CA
91528,11/13/2014,Podcast Subscription,-1.85,CA
91528,11/14/2014,Lyft,-39.84,CA
91528,11/14/2014,Podcast Subscription,-42.52,CA
91528,11/15/2014,Restaurant - Burgers,-31.22,CA
91528,11/16/2014,Red Box DVD Rental,-6.9,CA
91528,11/17/2014,Lyft,-18.62,CA
91528,11/18/2014,Uber,-40.79,CA
91528,11/19/2014,Podcast Subscription,-1.62,CA
91528,11/19/2014,PlayStation Membership,-6.03,CA
91528,11/20/2014,On Demand TV,-19.01,CA
91528,11/20/2014,Wine Delivery,-14.94,CA
91528,11/20/2014,Podcast Subscription,-16.65,CA
91528,11/21/2014,Red Box DVD Rental,-45,CA
91528,11/21/2014,Restaurant - Pizza,-35.08,CA
91528,11/21/2014,Restaurant - Chinese,-11.88,CA
91528,11/21/2014,Public Transportation - Train Pass,-87.52,CA
91528,11/21/2014,Lyft,-36.72,CA
91528,11/22/2014,Restaurant - Steakhouse,-1.61,CA
91528,11/22/2014,PlayStation Membership,-6.36,CA
91528,11/22/2014,Sprouts Market,-3.22,CA
91528,11/23/2014,Red Box DVD Rental,-28.4,CA
91528,11/23/2014,Restaurant - Steakhouse,-23.61,CA
91528,11/23/2014,Starbucks Coffee,-74.12,CA
91528,11/23/2014,Sprouts Market,-11.86,CA
91528,11/23/2014,Pet Smart,-7.13,CA
91528,11/23/2014,Public Transportation - Bus Pass,-94.57,CA
91528,11/24/2014,Whole Foods,-119.2,CA
91528,11/25/2014,Public Transportation - Train Pass,-33.4,CA
91528,11/25/2014,Food Delivery - GrubHub,-13.44,CA
91528,11/25/2014,On Demand Movie,-2.43,CA
91528,11/25/2014,On Demand TV,-24.86,CA
91528,11/25/2014,Podcast Subscription,-12.83,CA
91528,11/25/2014,On Demand Movie,-4.82,CA
91528,11/25/2014,Starbucks Coffee,-0.7,CA
91528,11/25/2014,Starbucks Coffee,-31.57,CA
91528,11/26/2014,Restaurant - Steakhouse,-27.23,CA
91528,11/26/2014,Taxi,-93.16,CA
91528,11/26/2014,Red Box DVD Rental,-36.72,CA
91528,11/27/2014,On Demand Movie,-29.15,CA
91528,11/27/2014,Von's Groceries,-112.21,CA
91528,11/27/2014,Food Delivery - GrubHub,-55.57,CA
91528,11/27/2014,Pet Supply - Cat Food,-26.55,CA
91528,11/27/2014,Restaurant - Pizza,-1.42,CA
91528,11/28/2014,Public Transportation - Bus Pass,-75.85,CA
91528,11/28/2014,Starbucks Coffee,-33.87,CA
91528,11/28/2014,Food Delivery - Uber Eats,-25.12,CA
91528,11/28/2014,Restaurant - Steakhouse,-20.8,CA
91528,11/28/2014,Public Transportation - Bus Pass,-38.07,CA
91528,11/29/2014,Red Box DVD Rental,-37.55,CA
91528,11/29/2014,Taxi,-36.04,CA
91528,11/29/2014,PlayStation Membership,-83.65,CA
91528,11/30/2014,Lyft,-33.92,CA
91528,11/30/2014,Red Box DVD Rental,-5.07,CA
91528,11/30/2014,Ralph's Grocery Store,-14.6,CA
91528,11/30/2014,On Demand Movie,-80.01,CA
91528,11/30/2014,Sprouts Market,-3.52,CA
91528,11/30/2014,Uber,-115.64,CA
91528,11/30/2014,Public Transportation - Bus Pass,-40.12,CA
91528,11/30/2014,On Demand TV,-10.49,CA
91528,11/30/2014,Restaurant - Chinese,-29.09,CA
91528,11/30/2014,Restaurant - Chinese,-29.39,CA
91528,11/30/2014,Red Box DVD Rental,-33.98,CA
91528,11/30/2014,Pet Supply - Cat Food,-27.32,CA
91528,11/30/2014,PlayStation Membership,-18.41,CA
91528,11/30/2014,Restaurant - Chinese,-38.1,CA
91528,11/30/2014,On Demand Movie,-51.97,CA
91528,11/30/2014,Sprouts Market,-38.54,CA
91528,11/30/2014,On Demand Movie,-31.52,CA
91528,11/30/2014,Sprouts Market,-47.76,CA
91528,12/2/2014,Housing Rent,-959,CA
91528,12/2/2014,Water & Sewer,-53,CA
91528,12/2/2014,ACS - Student Loans,-135,CA
91528,12/2/2014,Credit Card Payment,-154,CA
91528,12/2/2014,Netflix Subscription,-4.99,CA
91528,12/2/2014,Time Warner Cable,-25,CA
91528,12/2/2014,Restaurant - Chinese,-25.82,CA
91528,12/2/2014,Pet Smart,-31.84,CA
91528,12/2/2014,Podcast Subscription,-13.06,CA
91528,12/2/2014,Pet Supply - Cat Food,-28.15,CA
91528,12/2/2014,Lyft,-27.78,CA
91528,12/2/2014,Sprouts Market,-98.95,CA
91528,12/2/2014,On Demand Movie,-21,CA
91528,12/2/2014,Public Transportation - Train Pass,-24.86,CA
91528,12/3/2014,Food Delivery - Uber Eats,-21.34,CA
91528,12/3/2014,On Demand Movie,-39.96,CA
91528,12/4/2014,On Demand Movie,-18.49,CA
91528,12/5/2014,Red Box DVD Rental,-22.16,CA
91528,12/6/2014,Pet Smart,-10.16,CA
91528,12/6/2014,Red Box DVD Rental,-26.81,CA
91528,12/7/2014,Food Delivery - GrubHub,-5.64,CA
91528,12/7/2014,Food Delivery - Uber Eats,-24.7,CA
91528,12/7/2014,Food Delivery - GrubHub,-6.83,CA
91528,12/7/2014,Food Delivery - Uber Eats,-84.95,CA
91528,12/7/2014,Lyft,-37.14,CA
91528,12/8/2014,Sprouts Market,-26.87,CA
91528,12/8/2014,PlayStation Membership,-30.25,CA
91528,12/8/2014,Restaurant - Burgers,-21.39,CA
91528,12/8/2014,Food Delivery - GrubHub,-12.02,CA
91528,12/8/2014,Pet Smart,-4.91,CA
91528,12/8/2014,Ralph's Grocery Store,-31.77,CA
91528,12/8/2014,PlayStation Membership,-31.03,CA
91528,12/8/2014,Uber,-42.05,CA
91528,12/8/2014,PlayStation Membership,-65.57,CA
91528,12/8/2014,Ralph's Grocery Store,-26.92,CA
91528,12/8/2014,Pet Smart,-13.76,CA
91528,12/8/2014,Wine Delivery,-18.01,CA
91528,12/9/2014,Ralph's Grocery Store,-96.19,CA
91528,12/9/2014,Lyft,-38.41,CA
91528,12/9/2014,On Demand TV,-34.39,CA
91528,12/9/2014,Food Delivery - Uber Eats,-5.7,CA
91528,12/9/2014,Whole Foods,-36.03,CA
91528,12/9/2014,Taxi,-32.89,CA
91528,12/10/2014,Wine Delivery,-34.09,CA
91528,12/10/2014,PlayStation Membership,-20.08,CA
91528,12/10/2014,Public Transportation - Bus Pass,-117.8,CA
91528,12/10/2014,Sprouts Market,-37.41,CA
91528,12/10/2014,Restaurant - Chinese,-82.85,CA
91528,12/11/2014,Taxi,-28.66,CA
91528,12/11/2014,Food Delivery - GrubHub,-32.47,CA
91528,12/11/2014,On Demand TV,-18.03,CA
91528,12/11/2014,Food Delivery - GrubHub,-29.1,CA
91528,12/12/2014,Taxi,-24.04,CA
91528,12/12/2014,Food Delivery - Uber Eats,-104.66,CA
91528,12/12/2014,On Demand Movie,-62.34,CA
91528,12/13/2014,PlayStation Membership,-18.79,CA
91528,12/13/2014,Public Transportation - Train Pass,-17.85,CA
91528,12/14/2014,Uber,-33.25,CA
91528,12/14/2014,Podcast Subscription,-68.92,CA
91528,12/14/2014,Public Transportation - Bus Pass,-9.34,CA
91528,12/14/2014,Sprouts Market,-37.53,CA
91528,12/14/2014,Starbucks Coffee,-1.14,CA
91528,12/14/2014,Public Transportation - Train Pass,-25.07,CA
91528,12/14/2014,Restaurant - Chinese,-27.16,CA
91528,12/14/2014,On Demand Movie,-29.62,CA
91528,12/14/2014,Food Delivery - Uber Eats,-36.1,CA
91528,12/14/2014,On Demand Movie,-20.22,CA
91528,12/14/2014,Pet Smart,-36.31,CA
91528,12/14/2014,Pet Supply - Cat Food,-12.79,CA
91528,12/15/2014,Podcast Subscription,-7.14,CA
91528,12/15/2014,On Demand Movie,-9.23,CA
91528,12/15/2014,Food Delivery - GrubHub,-2.61,CA
91528,12/16/2014,Lyft,-88.12,CA
91528,12/16/2014,Food Delivery - GrubHub,-19.37,CA
91528,12/17/2014,On Demand Movie,-21.85,CA
91528,12/17/2014,Podcast Subscription,-25.08,CA
91528,12/18/2014,Restaurant - Pizza,-81.83,CA
91528,12/19/2014,Wine Delivery,-9.5,CA
91528,12/19/2014,Public Transportation - Bus Pass,-39.19,CA
91528,12/19/2014,Food Delivery - GrubHub,-32.77,CA
91528,12/19/2014,Food Delivery - GrubHub,-94.34,CA
91528,12/20/2014,Uber,-14.52,CA
91528,12/20/2014,Food Delivery - Uber Eats,-7.82,CA
91528,12/20/2014,Wine Delivery,-26.06,CA
91528,12/21/2014,Public Transportation - Bus Pass,-10.16,CA
91528,12/21/2014,On Demand TV,-12.11,CA
91528,12/21/2014,On Demand TV,-33.84,CA
91528,12/21/2014,Taxi,-22.12,CA
91528,12/21/2014,On Demand Movie,-6.61,CA
91528,12/21/2014,PlayStation Membership,-9.44,CA
91528,12/21/2014,Pet Smart,-18.08,CA
91528,12/21/2014,Taxi,-26.44,CA
91528,12/21/2014,Pet Supply - Cat Food,-29.45,CA
91528,12/21/2014,On Demand Movie,-33.89,CA
91528,12/21/2014,Whole Foods,-27.07,CA
91528,12/21/2014,PlayStation Membership,-0.86,CA
91528,12/21/2014,PlayStation Membership,-2.41,CA
91528,12/21/2014,Restaurant - Chinese,-38.15,CA
91528,12/21/2014,Food Delivery - GrubHub,-5.67,CA
91528,12/21/2014,Pet Supply - Cat Food,-13.7,CA
91528,12/22/2014,Taxi,-9.76,CA
91528,12/22/2014,Lyft,-28.05,CA
91528,12/22/2014,Whole Foods,-32.02,CA
91528,12/23/2014,Pet Supply - Cat Food,-20.9,CA
91528,12/24/2014,PlayStation Membership,-95.02,CA
91528,12/24/2014,Food Delivery - Uber Eats,-14.07,CA
91528,12/24/2014,Wine Delivery,-3.12,CA
91528,12/24/2014,Food Delivery - GrubHub,-49.16,CA
91528,12/24/2014,Pet Supply - Cat Food,-16.19,CA
91528,12/24/2014,Food Delivery - GrubHub,-19.17,CA
91528,12/24/2014,Food Delivery - GrubHub,-33.94,CA
91528,12/24/2014,Lyft,-11.27,CA
91528,12/24/2014,Uber,-97.28,CA
91528,12/24/2014,Uber,-20.89,CA
91528,12/25/2014,Taxi,-28.66,CA
91528,12/26/2014,On Demand Movie,-3.85,CA
91528,12/26/2014,On Demand Movie,-38.76,CA
91528,12/27/2014,Wine Delivery,-30.94,CA
91528,12/28/2014,Podcast Subscription,-38.11,CA
91528,12/28/2014,Pet Smart,-33.39,CA
91528,12/29/2014,On Demand TV,-7.62,CA
91528,12/30/2014,PlayStation Membership,-26.69,CA
91528,12/30/2014,Uber,-16.79,CA
91528,12/30/2014,Pet Supply - Cat Food,-32.35,CA
91528,12/30/2014,Von's Groceries,-49.48,CA
91528,12/30/2014,Pet Supply - Cat Food,-35.21,CA
91528,12/32/2014,Food Delivery - GrubHub,-29.37,CA
