auth_id, Date, Vendor, Amount, Location 
7338,1/2/2013,On Demand TV,-25.64,CA
7338,1/2/2013,Whole Foods,-30.49,CA
7338,1/3/2013,Wine Delivery,-39.62,CA
7338,1/3/2013,Uber,-18.77,CA
7338,1/3/2013,On Demand TV,-16.31,CA
7338,1/3/2013,Food Delivery - GrubHub,-11.02,CA
7338,1/4/2013,Public Transportation - Bus Pass,-24.16,CA
7338,1/4/2013,Restaurant - Chinese,-36.23,CA
7338,1/4/2013,Pet Smart,-71.21,CA
7338,1/4/2013,Red Box DVD Rental,-11.85,CA
7338,1/4/2013,Pet Smart,-12.44,CA
7338,1/4/2013,Pet Supply - Cat Food,-68.81,CA
7338,1/4/2013,Food Delivery - GrubHub,-78.82,CA
7338,1/4/2013,Public Transportation - Bus Pass,-29.17,CA
7338,1/4/2013,PlayStation Membership,-96.31,CA
7338,1/4/2013,Wine Delivery,-99.65,CA
7338,1/4/2013,Food Delivery - Uber Eats,-34.5,CA
7338,1/4/2013,Podcast Subscription,-115.06,CA
7338,1/4/2013,Pet Supply - Cat Food,-14.35,CA
7338,1/5/2013,Food Delivery - Uber Eats,-83.18,CA
7338,1/5/2013,On Demand TV,-22.03,CA
7338,1/6/2013,Wine Delivery,-78.19,CA
7338,1/7/2013,Uber,-8.63,CA
7338,1/7/2013,On Demand Movie,-35.9,CA
7338,1/8/2013,Sprouts Market,-20.62,CA
7338,1/8/2013,On Demand Movie,-22.98,CA
7338,1/8/2013,Pet Supply - Cat Food,-21.29,CA
7338,1/8/2013,Wine Delivery,-88.45,CA
7338,1/8/2013,Food Delivery - Uber Eats,-4.14,CA
7338,1/9/2013,Ralph's Grocery Store,-96.39,CA
7338,1/9/2013,Pet Smart,-31.8,CA
7338,1/9/2013,On Demand TV,-65.95,CA
7338,1/10/2013,Restaurant - Steakhouse,-14.75,CA
7338,1/10/2013,Restaurant - Chinese,-12.26,CA
7338,1/11/2013,Food Delivery - Uber Eats,-80.11,CA
7338,1/12/2013,Food Delivery - GrubHub,-82.52,CA
7338,1/12/2013,Sprouts Market,-39.67,CA
7338,1/12/2013,Restaurant - Burgers,-48.1,CA
7338,1/13/2013,Restaurant - Burgers,-19.11,CA
7338,1/13/2013,Restaurant - Burgers,-25.15,CA
7338,1/13/2013,Food Delivery - GrubHub,-4.36,CA
7338,1/13/2013,Public Transportation - Train Pass,-0.75,CA
7338,1/13/2013,Pet Supply - Cat Food,-39.31,CA
7338,1/13/2013,Podcast Subscription,-19.42,CA
7338,1/14/2013,Ralph's Grocery Store,-9.13,CA
7338,1/14/2013,Wine Delivery,-15.4,CA
7338,1/14/2013,Food Delivery - GrubHub,-17.19,CA
7338,1/14/2013,Food Delivery - GrubHub,-38.96,CA
7338,1/15/2013,Public Transportation - Train Pass,-99.47,CA
7338,1/15/2013,Pet Smart,-5.55,CA
7338,1/16/2013,Food Delivery - GrubHub,-33.28,CA
7338,1/17/2013,Uber,-23.39,CA
7338,1/17/2013,Lyft,-19.65,CA
7338,1/17/2013,Pet Supply - Cat Food,-27.28,CA
7338,1/17/2013,Food Delivery - GrubHub,-20.97,CA
7338,1/18/2013,Von's Groceries,-6.78,CA
7338,1/18/2013,Food Delivery - Uber Eats,-21.38,CA
7338,1/18/2013,On Demand TV,-65.19,CA
7338,1/19/2013,Lyft,-20.63,CA
7338,1/19/2013,Pet Supply - Cat Food,-18.72,CA
7338,1/20/2013,Red Box DVD Rental,-21.71,CA
7338,1/20/2013,PlayStation Membership,-24.69,CA
7338,1/21/2013,Pet Supply - Cat Food,-69.83,CA
7338,1/21/2013,Wine Delivery,-6.49,CA
7338,1/22/2013,On Demand TV,-34.05,CA
7338,1/22/2013,Taxi,-12.25,CA
7338,1/22/2013,Food Delivery - Uber Eats,-25.59,CA
7338,1/22/2013,Podcast Subscription,-83.84,CA
7338,1/22/2013,Von's Groceries,-22.83,CA
7338,1/23/2013,Public Transportation - Bus Pass,-54.46,CA
7338,1/23/2013,Wine Delivery,-34.54,CA
7338,1/24/2013,Uber,-24.81,CA
7338,1/24/2013,Ralph's Grocery Store,-1.21,CA
7338,1/25/2013,On Demand TV,-39.24,CA
7338,1/25/2013,Public Transportation - Train Pass,-10.04,CA
7338,1/25/2013,Podcast Subscription,-23.36,CA
7338,1/25/2013,Restaurant - Burgers,-31.26,CA
7338,1/26/2013,Public Transportation - Bus Pass,-82.41,CA
7338,1/26/2013,Pet Supply - Cat Food,-23.16,CA
7338,1/26/2013,Pet Smart,-27.75,CA
7338,1/26/2013,Wine Delivery,-24.33,CA
7338,1/26/2013,Public Transportation - Bus Pass,-20.09,CA
7338,1/26/2013,Red Box DVD Rental,-30.15,CA
7338,1/26/2013,Red Box DVD Rental,-110.63,CA
7338,1/26/2013,Public Transportation - Train Pass,-22.12,CA
7338,1/26/2013,Taxi,-3.72,CA
7338,1/26/2013,Public Transportation - Train Pass,-0.56,CA
7338,1/27/2013,Pet Smart,-4.28,CA
7338,1/27/2013,On Demand TV,-26.74,CA
7338,1/27/2013,Red Box DVD Rental,-23.38,CA
7338,1/27/2013,Ralph's Grocery Store,-23.06,CA
7338,1/28/2013,Public Transportation - Bus Pass,-91.93,CA
7338,1/28/2013,Lyft,-12.79,CA
7338,1/29/2013,Lyft,-5.84,CA
7338,1/29/2013,Restaurant - Pizza,-102.91,CA
7338,1/29/2013,Starbucks Coffee,-77.16,CA
7338,1/29/2013,Taxi,-116.15,CA
7338,1/30/2013,Food Delivery - Uber Eats,-32.21,CA
7338,1/30/2013,Sprouts Market,-27.53,CA
7338,1/30/2013,Uber,-43.09,CA
7338,1/30/2013,Public Transportation - Bus Pass,-42.18,CA
7338,1/30/2013,On Demand Movie,-23.95,CA
7338,1/30/2013,Ralph's Grocery Store,-6.79,CA
7338,1/30/2013,Pet Smart,-22.89,CA
7338,1/30/2013,Wine Delivery,-8.7,CA
7338,1/30/2013,Pet Supply - Cat Food,-67.63,CA
7338,1/30/2013,Pet Smart,-28.24,CA
7338,1/30/2013,Restaurant - Burgers,-34.47,CA
7338,1/30/2013,Podcast Subscription,-89.5,CA
7338,1/30/2013,Pet Supply - Cat Food,-1.81,CA
7338,1/30/2013,Public Transportation - Train Pass,-8.06,CA
7338,3/2/2013,Housing Rent,-923,CA
7338,3/2/2013,Credit Card Payment,-154,CA
7338,3/2/2013,Time Warner Cable,-25,CA
7338,3/2/2013,Pet Supply - Cat Food,-18.45,CA
7338,3/3/2013,Pet Smart,-32.59,CA
7338,3/4/2013,Pet Supply - Cat Food,-0.33,CA
7338,3/4/2013,Wine Delivery,-11.88,CA
7338,3/4/2013,Wine Delivery,-25.28,CA
7338,3/4/2013,Uber,-14.89,CA
7338,3/4/2013,Uber,-26.65,CA
7338,3/4/2013,Food Delivery - Uber Eats,-69.62,CA
7338,3/5/2013,Public Transportation - Bus Pass,-11.32,CA
7338,3/5/2013,Food Delivery - GrubHub,-4.3,CA
7338,3/5/2013,Uber,-54.35,CA
7338,3/6/2013,Taxi,-116.2,CA
7338,3/6/2013,Podcast Subscription,-18.57,CA
7338,3/7/2013,Pet Supply - Cat Food,-25.84,CA
7338,3/7/2013,Taxi,-34.17,CA
7338,3/8/2013,Uber,-19.2,CA
7338,3/8/2013,Podcast Subscription,-8.11,CA
7338,3/9/2013,Podcast Subscription,-36.78,CA
7338,3/9/2013,Podcast Subscription,-19.78,CA
7338,3/9/2013,Public Transportation - Train Pass,-2.22,CA
7338,3/9/2013,Starbucks Coffee,-15.91,CA
7338,3/10/2013,PlayStation Membership,-1.05,CA
7338,3/10/2013,Ralph's Grocery Store,-16.97,CA
7338,3/11/2013,Restaurant - Steakhouse,-8.94,CA
7338,3/12/2013,Food Delivery - Uber Eats,-9.14,CA
7338,3/12/2013,Pet Smart,-51.19,CA
7338,3/12/2013,Pet Supply - Cat Food,-5.67,CA
7338,3/13/2013,On Demand TV,-2.72,CA
7338,3/13/2013,Red Box DVD Rental,-7.98,CA
7338,3/14/2013,Food Delivery - Uber Eats,-21.54,CA
7338,3/15/2013,Wine Delivery,-85.94,CA
7338,3/15/2013,Podcast Subscription,-115.71,CA
7338,3/15/2013,On Demand Movie,-72.47,CA
7338,3/15/2013,PlayStation Membership,-3.46,CA
7338,3/16/2013,Wine Delivery,-17.27,CA
7338,3/17/2013,Starbucks Coffee,-33.42,CA
7338,3/17/2013,Pet Smart,-22.8,CA
7338,3/18/2013,Food Delivery - GrubHub,-43.51,CA
7338,3/18/2013,On Demand Movie,-27.56,CA
7338,3/18/2013,PlayStation Membership,-5.77,CA
7338,3/19/2013,On Demand Movie,-26.85,CA
7338,3/20/2013,Pet Supply - Cat Food,-16.88,CA
7338,3/20/2013,Red Box DVD Rental,-16.39,CA
7338,3/20/2013,On Demand Movie,-14.41,CA
7338,3/20/2013,Whole Foods,-25.41,CA
7338,3/20/2013,On Demand TV,-20.83,CA
7338,3/20/2013,Red Box DVD Rental,-25.11,CA
7338,3/20/2013,Restaurant - Pizza,-19.59,CA
7338,3/20/2013,Podcast Subscription,-15.75,CA
7338,3/21/2013,Red Box DVD Rental,-0.91,CA
7338,3/22/2013,Podcast Subscription,-96.35,CA
7338,3/22/2013,On Demand Movie,-8.47,CA
7338,3/22/2013,Taxi,-97.37,CA
7338,3/23/2013,Pet Smart,-28.19,CA
7338,3/23/2013,Pet Smart,-95.22,CA
7338,3/23/2013,Food Delivery - Uber Eats,-26.61,CA
7338,3/23/2013,PlayStation Membership,-15.04,CA
7338,3/23/2013,On Demand TV,-101.28,CA
7338,3/23/2013,Pet Supply - Cat Food,-19,CA
7338,3/23/2013,Restaurant - Steakhouse,-26.19,CA
7338,3/23/2013,Red Box DVD Rental,-35.62,CA
7338,3/24/2013,Food Delivery - GrubHub,-29.61,CA
7338,3/25/2013,Pet Smart,-99.41,CA
7338,3/25/2013,Red Box DVD Rental,-11.75,CA
7338,3/25/2013,Food Delivery - GrubHub,-18.23,CA
7338,3/25/2013,Pet Supply - Cat Food,-33.62,CA
7338,3/25/2013,Pet Smart,-20.08,CA
7338,3/25/2013,On Demand TV,-9.98,CA
7338,3/26/2013,Taxi,-38.51,CA
7338,3/26/2013,Public Transportation - Bus Pass,-28.05,CA
7338,3/26/2013,Restaurant - Burgers,-33.63,CA
7338,3/27/2013,PlayStation Membership,-0.24,CA
7338,3/27/2013,Sprouts Market,-17.49,CA
7338,3/28/2013,Wine Delivery,-7.82,CA
7338,3/28/2013,Sprouts Market,-25.56,CA
7338,3/28/2013,Pet Supply - Cat Food,-33.65,CA
7338,3/28/2013,On Demand TV,-36.82,CA
7338,3/28/2013,On Demand TV,-43.23,CA
7338,3/28/2013,Public Transportation - Bus Pass,-15.77,CA
7338,3/29/2013,PlayStation Membership,-29.13,CA
7338,3/30/2013,On Demand TV,-11.96,CA
7338,3/30/2013,Whole Foods,-29.32,CA
7338,4/2/2013,Housing Rent,-732,CA
7338,4/2/2013,Credit Card Payment,-154,CA
7338,4/2/2013,Time Warner Cable,-25,CA
7338,4/2/2013,Whole Foods,-91.77,CA
7338,4/2/2013,Public Transportation - Bus Pass,-28.81,CA
7338,4/2/2013,Pet Smart,-16.7,CA
7338,4/3/2013,Food Delivery - GrubHub,-23.34,CA
7338,4/3/2013,Red Box DVD Rental,-31.5,CA
7338,4/3/2013,Wine Delivery,-100.81,CA
7338,4/3/2013,Restaurant - Burgers,-5.49,CA
7338,4/4/2013,Pet Smart,-40.45,CA
7338,4/5/2013,Food Delivery - Uber Eats,-15.69,CA
7338,4/5/2013,PlayStation Membership,-0.97,CA
7338,4/6/2013,Restaurant - Burgers,-0.75,CA
7338,4/6/2013,Uber,-23.14,CA
7338,4/7/2013,Uber,-5.09,CA
7338,4/7/2013,Restaurant - Pizza,-31.63,CA
7338,4/7/2013,On Demand Movie,-39.72,CA
7338,4/7/2013,Red Box DVD Rental,-31.76,CA
7338,4/7/2013,Wine Delivery,-31.31,CA
7338,4/7/2013,Food Delivery - GrubHub,-56.47,CA
7338,4/7/2013,Podcast Subscription,-15.53,CA
7338,4/8/2013,Taxi,-29.96,CA
7338,4/9/2013,On Demand Movie,-51.54,CA
7338,4/9/2013,Restaurant - Burgers,-90.47,CA
7338,4/9/2013,Pet Supply - Cat Food,-108.47,CA
7338,4/10/2013,Restaurant - Burgers,-1.53,CA
7338,4/10/2013,Whole Foods,-12.31,CA
7338,4/11/2013,Podcast Subscription,-5.2,CA
7338,4/11/2013,Red Box DVD Rental,-11.48,CA
7338,4/12/2013,On Demand TV,-20.83,CA
7338,4/12/2013,Public Transportation - Train Pass,-0.28,CA
7338,4/12/2013,Uber,-8.91,CA
7338,4/13/2013,Restaurant - Chinese,-31.42,CA
7338,4/13/2013,Uber,-23.47,CA
7338,4/13/2013,Sprouts Market,-5.19,CA
7338,4/14/2013,Uber,-57.05,CA
7338,4/15/2013,Pet Supply - Cat Food,-9.18,CA
7338,4/16/2013,Ralph's Grocery Store,-0.44,CA
7338,4/16/2013,Public Transportation - Train Pass,-19.26,CA
7338,4/17/2013,Public Transportation - Train Pass,-19.43,CA
7338,4/17/2013,Pet Supply - Cat Food,-53.95,CA
7338,4/17/2013,Wine Delivery,-116.04,CA
7338,4/17/2013,On Demand TV,-20.61,CA
7338,4/17/2013,Pet Smart,-6.12,CA
7338,4/18/2013,Podcast Subscription,-31.86,CA
7338,4/18/2013,Von's Groceries,-7.69,CA
7338,4/18/2013,Pet Supply - Cat Food,-4.23,CA
7338,4/18/2013,Pet Supply - Cat Food,-39.63,CA
7338,4/18/2013,Red Box DVD Rental,-7.95,CA
7338,4/18/2013,Public Transportation - Train Pass,-24.72,CA
7338,4/18/2013,Food Delivery - Uber Eats,-16.11,CA
7338,4/18/2013,Red Box DVD Rental,-20.66,CA
7338,4/18/2013,Wine Delivery,-29.23,CA
7338,4/18/2013,Starbucks Coffee,-105.25,CA
7338,4/19/2013,Public Transportation - Train Pass,-114.06,CA
7338,4/20/2013,Red Box DVD Rental,-5.14,CA
7338,4/20/2013,Wine Delivery,-7.4,CA
7338,4/21/2013,Mark's Movers,-9.74,CA
7338,4/21/2013,FedEx Shipping,-20.95,CA
7338,4/21/2013,Jerome's Furniture,-40.65,CA
7338,4/21/2013,Home Depot,-28.5,CA
7338,4/21/2013,Refrigerator Depot,-0.65,CA
7338,4/21/2013,Hamilton Move & Storage,-110.99,CA
7338,4/22/2013,Restaurant - Steakhouse,-30.67,CA
7338,4/22/2013,On Demand Movie,-2.41,CA
7338,4/22/2013,Food Delivery - GrubHub,-30.17,CA
7338,4/22/2013,Restaurant - Burgers,-36.21,CA
7338,4/22/2013,Podcast Subscription,-6.34,CA
7338,4/22/2013,Red Box DVD Rental,-30.79,CA
7338,4/22/2013,Food Delivery - GrubHub,-28.84,CA
7338,4/22/2013,Pet Supply - Cat Food,-38.21,CA
7338,4/23/2013,Uber,-17.36,CA
7338,4/23/2013,Whole Foods,-2.89,CA
7338,4/23/2013,On Demand TV,-14.79,CA
7338,4/24/2013,On Demand Movie,-21.01,CA
7338,4/24/2013,Food Delivery - GrubHub,-17.87,CA
7338,4/25/2013,PlayStation Membership,-109.42,CA
7338,4/25/2013,Red Box DVD Rental,-37.26,CA
7338,4/25/2013,Red Box DVD Rental,-35.6,CA
7338,4/26/2013,Podcast Subscription,-69.63,CA
7338,4/26/2013,Public Transportation - Bus Pass,-2.25,CA
7338,4/26/2013,Public Transportation - Train Pass,-12.17,CA
7338,4/26/2013,Starbucks Coffee,-19.25,CA
7338,4/26/2013,PlayStation Membership,-0.05,CA
7338,4/27/2013,On Demand TV,-39.1,CA
7338,4/27/2013,On Demand Movie,-32.51,CA
7338,4/27/2013,Pet Smart,-20.25,CA
7338,4/27/2013,On Demand Movie,-34.92,CA
7338,4/27/2013,Pet Supply - Cat Food,-0.03,CA
7338,4/27/2013,Public Transportation - Train Pass,-28.99,CA
7338,4/27/2013,Restaurant - Chinese,-31.22,CA
7338,4/27/2013,Von's Groceries,-56.45,CA
7338,4/27/2013,Podcast Subscription,-26.77,CA
7338,4/27/2013,Uber,-5.38,CA
7338,4/27/2013,Red Box DVD Rental,-36.02,CA
7338,4/27/2013,Pet Smart,-20.6,CA
7338,4/27/2013,Pet Supply - Cat Food,-37.22,CA
7338,4/27/2013,Restaurant - Chinese,-109.55,CA
7338,4/27/2013,On Demand Movie,-5.79,CA
7338,4/28/2013,Food Delivery - GrubHub,-23.87,CA
7338,4/28/2013,Restaurant - Chinese,-60.47,CA
7338,4/28/2013,Restaurant - Chinese,-20.3,CA
7338,4/29/2013,Food Delivery - Uber Eats,-22.25,CA
7338,4/30/2013,PlayStation Membership,-39.41,CA
7338,4/30/2013,Food Delivery - Uber Eats,-23.39,CA
7338,4/30/2013,Podcast Subscription,-39.47,CA
7338,4/30/2013,Ralph's Grocery Store,-15.65,CA
7338,4/30/2013,Von's Groceries,-25.77,CA
7338,5/2/2013,Housing Rent,-1080,CA
7338,5/2/2013,Credit Card Payment,-154,CA
7338,5/2/2013,Time Warner Cable,-25,CA
7338,5/2/2013,Public Transportation - Train Pass,-96.2,CA
7338,5/2/2013,Pet Supply - Cat Food,-86.08,CA
7338,5/3/2013,Restaurant - Steakhouse,-100.71,CA
7338,5/3/2013,Pet Supply - Cat Food,-33.39,CA
7338,5/3/2013,Lyft,-88.12,CA
7338,5/3/2013,On Demand Movie,-33.03,CA
7338,5/3/2013,Sprouts Market,-39.75,CA
7338,5/3/2013,Red Box DVD Rental,-76.99,CA
7338,5/4/2013,Pet Supply - Cat Food,-7.73,CA
7338,5/4/2013,Restaurant - Pizza,-91.08,CA
7338,5/4/2013,On Demand TV,-36.08,CA
7338,5/4/2013,Von's Groceries,-33.28,CA
7338,5/4/2013,Podcast Subscription,-9.69,CA
7338,5/5/2013,Podcast Subscription,-8.9,CA
7338,5/5/2013,Von's Groceries,-11.35,CA
7338,5/6/2013,On Demand Movie,-26.85,CA
7338,5/6/2013,Sprouts Market,-3.29,CA
7338,5/6/2013,Food Delivery - GrubHub,-9.48,CA
7338,5/7/2013,Taxi,-71.46,CA
7338,5/7/2013,Restaurant - Pizza,-66.21,CA
7338,5/8/2013,Restaurant - Chinese,-15.94,CA
7338,5/9/2013,Podcast Subscription,-7.17,CA
7338,5/9/2013,Pet Smart,-2.99,CA
7338,5/9/2013,Podcast Subscription,-31.3,CA
7338,5/9/2013,Red Box DVD Rental,-21.14,CA
7338,5/9/2013,Wine Delivery,-33.95,CA
7338,5/9/2013,Ralph's Grocery Store,-38.38,CA
7338,5/9/2013,Lyft,-99.72,CA
7338,5/10/2013,Pet Smart,-31.23,CA
7338,5/10/2013,Restaurant - Chinese,-3.24,CA
7338,5/11/2013,Public Transportation - Bus Pass,-29.65,CA
7338,5/12/2013,Ralph's Grocery Store,-2.45,CA
7338,5/12/2013,Restaurant - Chinese,-2.11,CA
7338,5/12/2013,On Demand TV,-95.83,CA
7338,5/13/2013,Pet Smart,-29.28,CA
7338,5/13/2013,PlayStation Membership,-4.58,CA
7338,5/13/2013,Ralph's Grocery Store,-5.06,CA
7338,5/13/2013,Food Delivery - Uber Eats,-118.04,CA
7338,5/13/2013,Wine Delivery,-116.75,CA
7338,5/13/2013,Podcast Subscription,-8.46,CA
7338,5/14/2013,Von's Groceries,-30.23,CA
7338,5/15/2013,On Demand Movie,-2.38,CA
7338,5/15/2013,Restaurant - Pizza,-12.92,CA
7338,5/15/2013,Podcast Subscription,-21.53,CA
7338,5/16/2013,Wine Delivery,-21.88,CA
7338,5/16/2013,Pet Supply - Cat Food,-101.7,CA
7338,5/16/2013,Restaurant - Steakhouse,-35.8,CA
7338,5/16/2013,Red Box DVD Rental,-38.19,CA
7338,5/17/2013,Taxi,-1.7,CA
7338,5/18/2013,Pet Smart,-27.18,CA
7338,5/18/2013,Uber,-39.74,CA
7338,5/19/2013,Food Delivery - GrubHub,-20.31,CA
7338,5/19/2013,On Demand TV,-8.7,CA
7338,5/19/2013,On Demand Movie,-24.24,CA
7338,5/19/2013,Uber,-5.26,CA
7338,5/20/2013,Food Delivery - GrubHub,-16.06,CA
7338,5/21/2013,Restaurant - Pizza,-27.07,CA
7338,5/22/2013,Ralph's Grocery Store,-4.5,CA
7338,5/22/2013,Wine Delivery,-26.33,CA
7338,5/22/2013,Public Transportation - Train Pass,-10.82,CA
7338,5/22/2013,Wine Delivery,-7.17,CA
7338,5/22/2013,Restaurant - Steakhouse,-23.61,CA
7338,5/23/2013,Podcast Subscription,-86.39,CA
7338,5/23/2013,Public Transportation - Train Pass,-3.76,CA
7338,5/23/2013,Podcast Subscription,-5.22,CA
7338,5/23/2013,On Demand TV,-4.21,CA
7338,5/24/2013,Food Delivery - GrubHub,-48.64,CA
7338,5/24/2013,Taxi,-20.91,CA
7338,5/25/2013,Restaurant - Chinese,-86.36,CA
7338,5/25/2013,Restaurant - Chinese,-26.38,CA
7338,5/26/2013,Restaurant - Chinese,-53.58,CA
7338,5/26/2013,Public Transportation - Train Pass,-23.41,CA
7338,5/27/2013,Starbucks Coffee,-16.28,CA
7338,5/28/2013,Food Delivery - Uber Eats,-25.28,CA
7338,5/28/2013,Food Delivery - GrubHub,-10.7,CA
7338,5/28/2013,On Demand TV,-24.08,CA
7338,5/28/2013,Wine Delivery,-24.38,CA
7338,5/28/2013,Restaurant - Steakhouse,-4.73,CA
7338,5/29/2013,On Demand TV,-27.5,CA
7338,5/29/2013,On Demand Movie,-20.65,CA
7338,5/29/2013,Lyft,-17.4,CA
7338,5/29/2013,Lyft,-102.23,CA
7338,5/30/2013,Food Delivery - Uber Eats,-18.12,CA
7338,5/30/2013,Lyft,-19.27,CA
7338,5/30/2013,Restaurant - Pizza,-27.42,CA
7338,5/30/2013,On Demand TV,-69.77,CA
7338,5/30/2013,On Demand Movie,-6.74,CA
7338,5/30/2013,Restaurant - Steakhouse,-21.21,CA
7338,6/2/2013,Housing Rent,-1199,CA
7338,6/2/2013,Credit Card Payment,-154,CA
7338,6/2/2013,Time Warner Cable,-25,CA
7338,6/2/2013,Ralph's Grocery Store,-66.18,CA
7338,6/2/2013,Red Box DVD Rental,-39.99,CA
7338,6/2/2013,PlayStation Membership,-2.77,CA
7338,6/2/2013,Pet Smart,-16.33,CA
7338,6/2/2013,Whole Foods,-0.74,CA
7338,6/2/2013,Restaurant - Chinese,-65.26,CA
7338,6/2/2013,PlayStation Membership,-38.27,CA
7338,6/3/2013,On Demand TV,-19.86,CA
7338,6/3/2013,PlayStation Membership,-6.97,CA
7338,6/4/2013,Restaurant - Steakhouse,-38.24,CA
7338,6/4/2013,On Demand TV,-10.25,CA
7338,6/4/2013,Pet Supply - Cat Food,-6.64,CA
7338,6/4/2013,Pet Supply - Cat Food,-14.23,CA
7338,6/4/2013,Red Box DVD Rental,-93.95,CA
7338,6/4/2013,Von's Groceries,-20.78,CA
7338,6/4/2013,PlayStation Membership,-36.53,CA
7338,6/4/2013,On Demand Movie,-82.77,CA
7338,6/5/2013,Podcast Subscription,-16.94,CA
7338,6/6/2013,Public Transportation - Train Pass,-15.8,CA
7338,6/6/2013,Whole Foods,-102.85,CA
7338,6/6/2013,Kay Jewelry,-16.99,CA
7338,6/6/2013,Wedding Planner,-7.75,CA
7338,6/6/2013,Southwest Flights - Cancun,-7.88,CA
7338,6/6/2013,Cancun Beach Resort,-102.21,CA
7338,6/7/2013,Food Delivery - Uber Eats,-11.7,CA
7338,6/7/2013,Restaurant - Burgers,-84.36,CA
7338,6/7/2013,On Demand TV,-2.33,CA
7338,6/7/2013,Food Delivery - Uber Eats,-14.07,CA
7338,6/8/2013,Food Delivery - Uber Eats,-13.21,CA
7338,6/8/2013,Podcast Subscription,-19.49,CA
7338,6/8/2013,Public Transportation - Bus Pass,-24.75,CA
7338,6/8/2013,Public Transportation - Train Pass,-4.04,CA
7338,6/8/2013,Starbucks Coffee,-55.05,CA
7338,6/8/2013,PlayStation Membership,-27.72,CA
7338,6/8/2013,Taxi,-7.93,CA
7338,6/9/2013,Restaurant - Chinese,-0.98,CA
7338,6/9/2013,Pet Supply - Cat Food,-91.19,CA
7338,6/9/2013,On Demand TV,-6.37,CA
7338,6/9/2013,On Demand TV,-20.27,CA
7338,6/9/2013,Uber,-2.93,CA
7338,6/9/2013,Public Transportation - Train Pass,-24.02,CA
7338,6/10/2013,Podcast Subscription,-21.44,CA
7338,6/10/2013,Public Transportation - Bus Pass,-34.63,CA
7338,6/10/2013,Starbucks Coffee,-35.62,CA
7338,6/11/2013,Sprouts Market,-8.74,CA
7338,6/11/2013,PlayStation Membership,-13.39,CA
7338,6/12/2013,Restaurant - Burgers,-113.95,CA
7338,6/12/2013,Podcast Subscription,-99.64,CA
7338,6/13/2013,Restaurant - Burgers,-22.11,CA
7338,6/13/2013,Red Box DVD Rental,-13.73,CA
7338,6/14/2013,PlayStation Membership,-20.3,CA
7338,6/15/2013,Starbucks Coffee,-18.73,CA
7338,6/16/2013,Von's Groceries,-20.03,CA
7338,6/16/2013,Wine Delivery,-77.3,CA
7338,6/16/2013,On Demand Movie,-2.28,CA
7338,6/16/2013,Pet Smart,-13.52,CA
7338,6/17/2013,Red Box DVD Rental,-10.44,CA
7338,6/17/2013,Wine Delivery,-29.82,CA
7338,6/17/2013,Food Delivery - GrubHub,-25.55,CA
7338,6/18/2013,On Demand TV,-21.95,CA
7338,6/19/2013,Pet Smart,-2.58,CA
7338,6/20/2013,Pet Supply - Cat Food,-0.6,CA
7338,6/20/2013,Food Delivery - GrubHub,-12.16,CA
7338,6/20/2013,Food Delivery - Uber Eats,-31.36,CA
7338,6/20/2013,Pet Smart,-21.88,CA
7338,6/20/2013,Pet Smart,-22,CA
7338,6/20/2013,Lyft,-3.99,CA
7338,6/21/2013,Von's Groceries,-36.19,CA
7338,6/21/2013,On Demand Movie,-1.38,CA
7338,6/21/2013,Pet Supply - Cat Food,-32.63,CA
7338,6/21/2013,PlayStation Membership,-4.21,CA
7338,6/22/2013,Public Transportation - Bus Pass,-27.79,CA
7338,6/23/2013,On Demand TV,-24.54,CA
7338,6/23/2013,Food Delivery - GrubHub,-14.69,CA
7338,6/24/2013,Food Delivery - Uber Eats,-16.27,CA
7338,6/24/2013,On Demand Movie,-14.73,CA
7338,6/24/2013,Food Delivery - Uber Eats,-39.78,CA
7338,6/24/2013,Pet Supply - Cat Food,-24.41,CA
7338,6/24/2013,Red Box DVD Rental,-49.43,CA
7338,6/25/2013,Von's Groceries,-8.03,CA
7338,6/25/2013,Uber,-10.03,CA
7338,6/25/2013,Restaurant - Chinese,-21,CA
7338,6/25/2013,Pet Smart,-30.64,CA
7338,6/25/2013,On Demand Movie,-35.97,CA
7338,6/25/2013,Uber,-27.89,CA
7338,6/26/2013,Public Transportation - Train Pass,-3.28,CA
7338,6/26/2013,Restaurant - Burgers,-7.27,CA
7338,6/26/2013,Restaurant - Steakhouse,-39.15,CA
7338,6/26/2013,Podcast Subscription,-17.57,CA
7338,6/27/2013,Ralph's Grocery Store,-16.4,CA
7338,6/27/2013,Starbucks Coffee,-31.8,CA
7338,6/27/2013,Podcast Subscription,-27.27,CA
7338,6/27/2013,Uber,-58.25,CA
7338,6/27/2013,Public Transportation - Train Pass,-33.93,CA
7338,6/27/2013,Pet Smart,-9.09,CA
7338,6/27/2013,Von's Groceries,-15.91,CA
7338,6/27/2013,Red Box DVD Rental,-24.03,CA
7338,6/28/2013,Wine Delivery,-15.13,CA
7338,6/28/2013,Food Delivery - Uber Eats,-2.57,CA
7338,6/28/2013,Public Transportation - Train Pass,-21.12,CA
7338,6/28/2013,Food Delivery - GrubHub,-6.63,CA
7338,6/29/2013,Red Box DVD Rental,-84.15,CA
7338,6/29/2013,Von's Groceries,-5.97,CA
7338,6/30/2013,Starbucks Coffee,-9.25,CA
7338,7/2/2013,Housing Rent,-978,CA
7338,7/2/2013,Credit Card Payment,-154,CA
7338,7/2/2013,Time Warner Cable,-25,CA
7338,7/2/2013,Food Delivery - GrubHub,-26.07,CA
7338,7/3/2013,Taxi,-4.36,CA
7338,7/3/2013,Podcast Subscription,-5.05,CA
7338,7/3/2013,Uber,-25.89,CA
7338,7/3/2013,Red Box DVD Rental,-35.32,CA
7338,7/4/2013,Public Transportation - Bus Pass,-3.45,CA
7338,7/4/2013,Restaurant - Chinese,-21.55,CA
7338,7/4/2013,PlayStation Membership,-34.03,CA
7338,7/4/2013,Red Box DVD Rental,-24.25,CA
7338,7/5/2013,On Demand TV,-29.43,CA
7338,7/5/2013,Food Delivery - GrubHub,-28.86,CA
7338,7/5/2013,Red Box DVD Rental,-18.05,CA
7338,7/5/2013,Sprouts Market,-29.64,CA
7338,7/6/2013,Public Transportation - Bus Pass,-9.3,CA
7338,7/6/2013,Whole Foods,-33.61,CA
7338,7/7/2013,PlayStation Membership,-23.04,CA
7338,7/8/2013,Pet Supply - Cat Food,-8.41,CA
7338,7/9/2013,Public Transportation - Bus Pass,-111.3,CA
7338,7/9/2013,Red Box DVD Rental,-32.83,CA
7338,7/9/2013,Uber,-50.88,CA
7338,7/9/2013,Food Delivery - Uber Eats,-36.58,CA
7338,7/9/2013,Pet Smart,-25.2,CA
7338,7/9/2013,Restaurant - Steakhouse,-1.91,CA
7338,7/9/2013,Food Delivery - GrubHub,-36.63,CA
7338,7/9/2013,Food Delivery - GrubHub,-39.71,CA
7338,7/9/2013,Uber,0,CA
7338,7/9/2013,Von's Groceries,-29.03,CA
7338,7/10/2013,Podcast Subscription,-10.6,CA
7338,7/10/2013,PlayStation Membership,-30.25,CA
7338,7/10/2013,Red Box DVD Rental,-33.37,CA
7338,7/11/2013,Food Delivery - Uber Eats,-6.8,CA
7338,7/12/2013,Food Delivery - GrubHub,-23.11,CA
7338,7/12/2013,Public Transportation - Train Pass,-32.84,CA
7338,7/12/2013,Pet Supply - Cat Food,-29.62,CA
7338,7/13/2013,Food Delivery - Uber Eats,-31.43,CA
7338,7/13/2013,Food Delivery - Uber Eats,-13.49,CA
7338,7/13/2013,Public Transportation - Bus Pass,-7.74,CA
7338,7/13/2013,Red Box DVD Rental,-30.52,CA
7338,7/13/2013,Public Transportation - Train Pass,-31.19,CA
7338,7/13/2013,Sprouts Market,-32.13,CA
7338,7/14/2013,PlayStation Membership,-0.95,CA
7338,7/14/2013,Pet Supply - Cat Food,-15.88,CA
7338,7/14/2013,On Demand TV,-26.04,CA
7338,7/14/2013,Wine Delivery,-5.36,CA
7338,7/14/2013,Ralph's Grocery Store,-18.35,CA
7338,7/15/2013,Food Delivery - Uber Eats,-9.37,CA
7338,7/15/2013,Food Delivery - GrubHub,-14.68,CA
7338,7/16/2013,Food Delivery - Uber Eats,-18.4,CA
7338,7/17/2013,Podcast Subscription,-9.82,CA
7338,7/18/2013,Food Delivery - Uber Eats,-16.11,CA
7338,7/18/2013,Wine Delivery,-4.94,CA
7338,7/19/2013,Food Delivery - Uber Eats,-60.73,CA
7338,7/20/2013,On Demand TV,-22.64,CA
7338,7/20/2013,On Demand TV,-34.56,CA
7338,7/21/2013,Red Box DVD Rental,-106.37,CA
7338,7/22/2013,Food Delivery - GrubHub,-18.71,CA
7338,7/23/2013,Taxi,-3.31,CA
7338,7/24/2013,Food Delivery - Uber Eats,-45.69,CA
7338,7/24/2013,Restaurant - Pizza,-8.15,CA
7338,7/24/2013,Food Delivery - Uber Eats,-97.55,CA
7338,7/24/2013,Uber,-5.89,CA
7338,7/24/2013,On Demand TV,-29.08,CA
7338,7/25/2013,Red Box DVD Rental,-32.69,CA
7338,7/25/2013,Food Delivery - GrubHub,-26.38,CA
7338,7/25/2013,Pet Smart,-27.8,CA
7338,7/26/2013,Food Delivery - GrubHub,-34.53,CA
7338,7/26/2013,Podcast Subscription,-13.34,CA
7338,7/26/2013,Pet Supply - Cat Food,-38.68,CA
7338,7/26/2013,On Demand Movie,-23.04,CA
7338,7/27/2013,Podcast Subscription,-18.06,CA
7338,7/28/2013,Ralph's Grocery Store,-15.95,CA
7338,7/28/2013,Food Delivery - GrubHub,-23.85,CA
7338,7/29/2013,PlayStation Membership,-21.62,CA
7338,7/29/2013,Red Box DVD Rental,-15.26,CA
7338,7/29/2013,On Demand TV,-7.96,CA
7338,7/30/2013,Uber,-27.14,CA
7338,8/2/2013,Housing Rent,-1351,CA
7338,8/2/2013,Credit Card Payment,-154,CA
7338,8/2/2013,Time Warner Cable,-25,CA
7338,8/2/2013,Public Transportation - Train Pass,-77.31,CA
7338,8/3/2013,Podcast Subscription,-1.07,CA
7338,8/3/2013,Public Transportation - Bus Pass,-110.96,CA
7338,8/4/2013,Food Delivery - GrubHub,-19.82,CA
7338,8/4/2013,Starbucks Coffee,-21.24,CA
7338,8/4/2013,Sprouts Market,-27.24,CA
7338,8/5/2013,Wine Delivery,-13.73,CA
7338,8/5/2013,PlayStation Membership,-13.46,CA
7338,8/6/2013,Amazon Order - Baby Crib,-12.04,CA
7338,8/6/2013,Hospital - Prenatal Care,-8.69,CA
7338,8/6/2013,Babies "R" Us,-17.55,CA
7338,8/6/2013,BuyBuyBaby.com,-0.5,CA
7338,8/7/2013,Lyft,-36.1,CA
7338,8/7/2013,On Demand Movie,-22.77,CA
7338,8/8/2013,Restaurant - Burgers,-34.35,CA
7338,8/9/2013,Lyft,-2.42,CA
7338,8/9/2013,Red Box DVD Rental,-31.95,CA
7338,8/9/2013,On Demand Movie,-27.44,CA
7338,8/9/2013,On Demand TV,-47.88,CA
7338,8/9/2013,Von's Groceries,-23.61,CA
7338,8/9/2013,Starbucks Coffee,-34.81,CA
7338,8/10/2013,Sprouts Market,-25.4,CA
7338,8/10/2013,Pet Smart,-12.93,CA
7338,8/10/2013,Podcast Subscription,-37.92,CA
7338,8/10/2013,Sprouts Market,-66.44,CA
7338,8/10/2013,Restaurant - Chinese,-7.33,CA
7338,8/10/2013,Food Delivery - Uber Eats,-33.86,CA
7338,8/11/2013,On Demand Movie,-39.65,CA
7338,8/11/2013,Red Box DVD Rental,-15.26,CA
7338,8/11/2013,Public Transportation - Bus Pass,-6.09,CA
7338,8/12/2013,Public Transportation - Bus Pass,-32.12,CA
7338,8/12/2013,Restaurant - Chinese,-11.63,CA
7338,8/13/2013,Food Delivery - GrubHub,-74.59,CA
7338,8/14/2013,Ralph's Grocery Store,-13.47,CA
7338,8/14/2013,Food Delivery - GrubHub,-21.56,CA
7338,8/15/2013,Red Box DVD Rental,-39.98,CA
7338,8/15/2013,Food Delivery - Uber Eats,-15.52,CA
7338,8/16/2013,Public Transportation - Train Pass,-37.06,CA
7338,8/16/2013,Wine Delivery,-33.01,CA
7338,8/16/2013,Red Box DVD Rental,-9.35,CA
7338,8/16/2013,Uber,-4.38,CA
7338,8/16/2013,Uber,-23.24,CA
7338,8/16/2013,Pet Smart,-25.99,CA
7338,8/16/2013,Wine Delivery,-72.56,CA
7338,8/16/2013,Restaurant - Pizza,-21.29,CA
7338,8/16/2013,Taxi,-23.91,CA
7338,8/17/2013,On Demand Movie,-19.28,CA
7338,8/17/2013,Podcast Subscription,-53.17,CA
7338,8/17/2013,Wine Delivery,-30.93,CA
7338,8/17/2013,Wine Delivery,-12.26,CA
7338,8/17/2013,Pet Smart,-39.61,CA
7338,8/17/2013,Pet Smart,-18.96,CA
7338,8/17/2013,On Demand Movie,-19.07,CA
7338,8/17/2013,Public Transportation - Train Pass,-35.76,CA
7338,8/17/2013,Food Delivery - Uber Eats,-10.85,CA
7338,8/18/2013,Uber,-1.69,CA
7338,8/19/2013,Food Delivery - GrubHub,-49.07,CA
7338,8/20/2013,Public Transportation - Train Pass,-54.44,CA
7338,8/20/2013,Red Box DVD Rental,-22.23,CA
7338,8/21/2013,On Demand Movie,-17.23,CA
7338,8/21/2013,Von's Groceries,-2.55,CA
7338,8/22/2013,Wine Delivery,-95.91,CA
7338,8/22/2013,Public Transportation - Bus Pass,-39.49,CA
7338,8/22/2013,Uber,-15.94,CA
7338,8/22/2013,Uber,-21.78,CA
7338,8/22/2013,Pet Smart,-15.4,CA
7338,8/22/2013,Sprouts Market,-27.33,CA
7338,8/23/2013,Red Box DVD Rental,-75.45,CA
7338,8/23/2013,Pet Supply - Cat Food,-27.15,CA
7338,8/23/2013,Restaurant - Chinese,-14.64,CA
7338,8/24/2013,Restaurant - Pizza,-63.25,CA
7338,8/24/2013,Podcast Subscription,-3.19,CA
7338,8/25/2013,On Demand TV,-63.91,CA
7338,8/25/2013,Podcast Subscription,-26.82,CA
7338,8/25/2013,Ralph's Grocery Store,-1,CA
7338,8/25/2013,Food Delivery - Uber Eats,-37.05,CA
7338,8/25/2013,PlayStation Membership,-82.84,CA
7338,8/25/2013,Pet Smart,-6.06,CA
7338,8/25/2013,Public Transportation - Bus Pass,-7.6,CA
7338,8/26/2013,On Demand TV,-27.44,CA
7338,8/26/2013,Uber,-24.77,CA
7338,8/26/2013,Wine Delivery,-66.91,CA
7338,8/26/2013,Restaurant - Chinese,-30.85,CA
7338,8/27/2013,Taxi,-24.74,CA
7338,8/27/2013,Food Delivery - Uber Eats,-10.81,CA
7338,8/27/2013,Restaurant - Pizza,-34.82,CA
7338,8/27/2013,Pet Smart,-113.53,CA
7338,8/27/2013,Food Delivery - GrubHub,-29.09,CA
7338,8/27/2013,Podcast Subscription,-30.28,CA
7338,8/27/2013,Ralph's Grocery Store,-16.75,CA
7338,8/27/2013,Public Transportation - Train Pass,-39.21,CA
7338,8/27/2013,On Demand Movie,-35.73,CA
7338,8/28/2013,Restaurant - Steakhouse,-27.07,CA
7338,8/29/2013,Wine Delivery,-14.29,CA
7338,8/29/2013,PlayStation Membership,-72.86,CA
7338,8/30/2013,Food Delivery - Uber Eats,-32.86,CA
7338,9/2/2013,Housing Rent,-802,CA
7338,9/2/2013,Credit Card Payment,-154,CA
7338,9/2/2013,Time Warner Cable,-25,CA
7338,9/2/2013,Food Delivery - Uber Eats,-31.05,CA
7338,9/2/2013,Pet Smart,-18.75,CA
7338,9/3/2013,Food Delivery - GrubHub,-8.87,CA
7338,9/3/2013,Red Box DVD Rental,-59.23,CA
7338,9/4/2013,PlayStation Membership,-14.81,CA
7338,9/4/2013,Uber,-19.62,CA
7338,9/4/2013,Starbucks Coffee,-4.26,CA
7338,9/4/2013,Food Delivery - Uber Eats,-32.04,CA
7338,9/4/2013,Food Delivery - GrubHub,-16.46,CA
7338,9/4/2013,Restaurant - Burgers,-118.08,CA
7338,9/4/2013,On Demand Movie,-11.51,CA
7338,9/4/2013,Red Box DVD Rental,-28.94,CA
7338,9/5/2013,Lyft,-108.18,CA
7338,9/5/2013,Taxi,-3.84,CA
7338,9/5/2013,Restaurant - Steakhouse,-25.97,CA
7338,9/5/2013,On Demand Movie,-5.51,CA
7338,9/5/2013,Starbucks Coffee,-20.93,CA
7338,9/6/2013,Von's Groceries,-102.99,CA
7338,9/7/2013,Food Delivery - Uber Eats,-45.94,CA
7338,9/7/2013,On Demand Movie,-30.06,CA
7338,9/7/2013,Restaurant - Chinese,-4.25,CA
7338,9/7/2013,Taxi,-22.95,CA
7338,9/7/2013,On Demand Movie,-20.87,CA
7338,9/7/2013,Pet Supply - Cat Food,-22.03,CA
7338,9/8/2013,Public Transportation - Train Pass,-12.06,CA
7338,9/8/2013,Food Delivery - GrubHub,-24.33,CA
7338,9/8/2013,PlayStation Membership,-97.5,CA
7338,9/9/2013,Public Transportation - Train Pass,-35.37,CA
7338,9/10/2013,Pet Supply - Cat Food,-12.19,CA
7338,9/10/2013,Food Delivery - Uber Eats,-24.17,CA
7338,9/10/2013,Uber,-65.15,CA
7338,9/10/2013,Uber,-50.7,CA
7338,9/11/2013,Pet Smart,-31.89,CA
7338,9/12/2013,Red Box DVD Rental,-9.57,CA
7338,9/12/2013,Wine Delivery,-78.02,CA
7338,9/12/2013,Wine Delivery,-11.94,CA
7338,9/13/2013,Food Delivery - Uber Eats,-27.81,CA
7338,9/13/2013,Red Box DVD Rental,-7.44,CA
7338,9/13/2013,Whole Foods,-20.14,CA
7338,9/14/2013,Pet Supply - Cat Food,-29.09,CA
7338,9/15/2013,Food Delivery - GrubHub,-61.25,CA
7338,9/15/2013,Pet Smart,-39.47,CA
7338,9/15/2013,Food Delivery - GrubHub,-23.54,CA
7338,9/15/2013,Food Delivery - GrubHub,-28.05,CA
7338,9/15/2013,Red Box DVD Rental,-10.23,CA
7338,9/16/2013,Food Delivery - Uber Eats,-70.85,CA
7338,9/17/2013,Wine Delivery,-3.06,CA
7338,9/17/2013,Wine Delivery,-109.31,CA
7338,9/18/2013,Food Delivery - Uber Eats,-61.1,CA
7338,9/18/2013,Uber,-5.87,CA
7338,9/18/2013,Podcast Subscription,-19.5,CA
7338,9/18/2013,Lyft,-19.51,CA
7338,9/19/2013,Whole Foods,-72.62,CA
7338,9/20/2013,Red Box DVD Rental,-30.5,CA
7338,9/21/2013,Public Transportation - Train Pass,-58.14,CA
7338,9/21/2013,PlayStation Membership,-5.88,CA
7338,9/22/2013,Public Transportation - Train Pass,-38.95,CA
7338,9/23/2013,Uber,-28.25,CA
7338,9/23/2013,Restaurant - Pizza,-26.64,CA
7338,9/23/2013,PlayStation Membership,-34.62,CA
7338,9/23/2013,Pet Supply - Cat Food,-33.9,CA
7338,9/23/2013,Whole Foods,-33.17,CA
7338,9/23/2013,Lyft,-1.51,CA
7338,9/24/2013,Taxi,-32.1,CA
7338,9/24/2013,Uber,-15.57,CA
7338,9/24/2013,Food Delivery - Uber Eats,-25.31,CA
7338,9/24/2013,Podcast Subscription,-27.39,CA
7338,9/24/2013,On Demand Movie,-35.27,CA
7338,9/24/2013,Food Delivery - GrubHub,-21.13,CA
7338,9/25/2013,Taxi,-39.79,CA
7338,9/25/2013,Pet Supply - Cat Food,-37.9,CA
7338,9/25/2013,Whole Foods,-14.35,CA
7338,9/26/2013,Taxi,-110.27,CA
7338,9/26/2013,Restaurant - Steakhouse,-12.21,CA
7338,9/26/2013,PlayStation Membership,-26.18,CA
7338,9/27/2013,Red Box DVD Rental,-24.71,CA
7338,9/27/2013,On Demand TV,-22.61,CA
7338,9/28/2013,On Demand TV,-30.14,CA
7338,9/29/2013,On Demand Movie,-5.68,CA
7338,9/30/2013,Pet Supply - Cat Food,-33.25,CA
7338,9/30/2013,Red Box DVD Rental,-3.33,CA
7338,9/30/2013,Podcast Subscription,-37.69,CA
7338,9/30/2013,Food Delivery - Uber Eats,-25.12,CA
7338,9/30/2013,Food Delivery - GrubHub,-35.29,CA
7338,10/2/2013,Housing Rent,-1168,CA
7338,10/2/2013,Credit Card Payment,-154,CA
7338,10/2/2013,Time Warner Cable,-25,CA
7338,10/2/2013,Pet Supply - Cat Food,-102.18,CA
7338,10/2/2013,Public Transportation - Train Pass,-18.11,CA
7338,10/2/2013,Food Delivery - Uber Eats,-38.76,CA
7338,10/2/2013,Podcast Subscription,-55.33,CA
7338,10/3/2013,Lyft,-9.56,CA
7338,10/3/2013,Public Transportation - Train Pass,-27.98,CA
7338,10/3/2013,On Demand TV,-9.54,CA
7338,10/3/2013,Food Delivery - GrubHub,-9.44,CA
7338,10/3/2013,Pet Supply - Cat Food,-45.78,CA
7338,10/4/2013,Red Box DVD Rental,-98.01,CA
7338,10/4/2013,PlayStation Membership,-0.49,CA
7338,10/4/2013,Podcast Subscription,-38.7,CA
7338,10/4/2013,Wine Delivery,-19.53,CA
7338,10/4/2013,Sprouts Market,-4.78,CA
7338,10/4/2013,Public Transportation - Train Pass,-18.5,CA
7338,10/4/2013,Public Transportation - Bus Pass,-17.61,CA
7338,10/4/2013,On Demand TV,-37.56,CA
7338,10/5/2013,Restaurant - Steakhouse,-54.31,CA
7338,10/6/2013,Restaurant - Pizza,-24.56,CA
7338,10/6/2013,Public Transportation - Train Pass,-8.38,CA
7338,10/6/2013,Restaurant - Chinese,-118.91,CA
7338,10/7/2013,PlayStation Membership,-21.3,CA
7338,10/8/2013,Wine Delivery,-18.14,CA
7338,10/8/2013,On Demand TV,-6.53,CA
7338,10/8/2013,Restaurant - Steakhouse,-18.25,CA
7338,10/8/2013,Podcast Subscription,-29.12,CA
7338,10/8/2013,Lyft,-4.52,CA
7338,10/8/2013,Food Delivery - Uber Eats,-4.25,CA
7338,10/8/2013,Food Delivery - Uber Eats,-28.45,CA
7338,10/9/2013,Red Box DVD Rental,-28.56,CA
7338,10/9/2013,Taxi,-10.52,CA
7338,10/10/2013,PlayStation Membership,-86.36,CA
7338,10/10/2013,Starbucks Coffee,-37.25,CA
7338,10/10/2013,Public Transportation - Train Pass,-6.89,CA
7338,10/11/2013,On Demand TV,-8.33,CA
7338,10/11/2013,Sprouts Market,-38.44,CA
7338,10/12/2013,PlayStation Membership,-16.12,CA
7338,10/13/2013,Public Transportation - Bus Pass,-4.05,CA
7338,10/14/2013,Podcast Subscription,-27.45,CA
7338,10/15/2013,On Demand TV,-2.44,CA
7338,10/16/2013,On Demand TV,-7.65,CA
7338,10/16/2013,Food Delivery - Uber Eats,-60.6,CA
7338,10/16/2013,Pet Supply - Cat Food,-31.64,CA
7338,10/17/2013,Wine Delivery,-4.4,CA
7338,10/18/2013,Restaurant - Pizza,-23.32,CA
7338,10/18/2013,Ralph's Grocery Store,-37.49,CA
7338,10/18/2013,On Demand Movie,-19.44,CA
7338,10/18/2013,Wine Delivery,-3.97,CA
7338,10/18/2013,Food Delivery - Uber Eats,-4.55,CA
7338,10/19/2013,On Demand TV,-119.11,CA
7338,10/19/2013,Pet Supply - Cat Food,-34.59,CA
7338,10/19/2013,Red Box DVD Rental,-20.35,CA
7338,10/19/2013,Food Delivery - GrubHub,-11.6,CA
7338,10/19/2013,Pet Smart,-15.52,CA
7338,10/19/2013,Red Box DVD Rental,-16.33,CA
7338,10/19/2013,Uber,-80.05,CA
7338,10/19/2013,Red Box DVD Rental,-7.5,CA
7338,10/20/2013,Red Box DVD Rental,-24.6,CA
7338,10/20/2013,Public Transportation - Train Pass,-7.75,CA
7338,10/20/2013,Pet Smart,-59.54,CA
7338,10/21/2013,Uber,-113.13,CA
7338,10/21/2013,Taxi,-15.12,CA
7338,10/22/2013,Restaurant - Chinese,-27.04,CA
7338,10/22/2013,Pet Supply - Cat Food,-46.49,CA
7338,10/22/2013,On Demand TV,-0.31,CA
7338,10/22/2013,Pet Supply - Cat Food,-81.13,CA
7338,10/22/2013,Pet Smart,-4.64,CA
7338,10/23/2013,Pet Smart,-16.68,CA
7338,10/23/2013,Food Delivery - GrubHub,-23.91,CA
7338,10/24/2013,On Demand Movie,-22.66,CA
7338,10/24/2013,On Demand TV,-1.9,CA
7338,10/25/2013,Pet Supply - Cat Food,-112.42,CA
7338,10/25/2013,Pet Supply - Cat Food,-83.29,CA
7338,10/25/2013,Food Delivery - Uber Eats,-34.51,CA
7338,10/25/2013,Food Delivery - Uber Eats,-70.05,CA
7338,10/25/2013,Podcast Subscription,-9.08,CA
7338,10/25/2013,Podcast Subscription,-19.41,CA
7338,10/25/2013,Lyft,-21.8,CA
7338,10/25/2013,Restaurant - Chinese,-32.05,CA
7338,10/25/2013,Pet Supply - Cat Food,-17.47,CA
7338,10/26/2013,Wine Delivery,-39.08,CA
7338,10/26/2013,Food Delivery - Uber Eats,-49.51,CA
7338,10/26/2013,Public Transportation - Bus Pass,-32.8,CA
7338,10/26/2013,PlayStation Membership,-65.79,CA
7338,10/27/2013,On Demand TV,-28.7,CA
7338,10/27/2013,Pet Supply - Cat Food,-19.83,CA
7338,10/28/2013,Von's Groceries,-2.9,CA
7338,10/28/2013,Lyft,-16.22,CA
7338,10/28/2013,Public Transportation - Train Pass,-25.03,CA
7338,10/28/2013,On Demand Movie,-13.34,CA
7338,10/29/2013,Restaurant - Chinese,-16.9,CA
7338,10/30/2013,Uber,-16.25,CA
7338,11/2/2013,Housing Rent,-1138,CA
7338,11/2/2013,Credit Card Payment,-154,CA
7338,11/2/2013,Time Warner Cable,-25,CA
7338,11/2/2013,Pet Supply - Cat Food,-15.97,CA
7338,11/2/2013,On Demand Movie,-25.74,CA
7338,11/2/2013,On Demand TV,-33.73,CA
7338,11/2/2013,On Demand Movie,-34.73,CA
7338,11/2/2013,Pet Supply - Cat Food,-32.49,CA
7338,11/2/2013,On Demand TV,-6.69,CA
7338,11/2/2013,PlayStation Membership,-16.28,CA
7338,11/3/2013,Restaurant - Burgers,-33.37,CA
7338,11/3/2013,Uber,-2.21,CA
7338,11/3/2013,Restaurant - Burgers,-32.05,CA
7338,11/3/2013,On Demand Movie,-1.16,CA
7338,11/3/2013,Podcast Subscription,-17.15,CA
7338,11/4/2013,Food Delivery - Uber Eats,-2.56,CA
7338,11/4/2013,Red Box DVD Rental,-0.58,CA
7338,11/4/2013,On Demand Movie,-32.6,CA
7338,11/4/2013,Food Delivery - GrubHub,-23.07,CA
7338,11/4/2013,On Demand Movie,-30.84,CA
7338,11/5/2013,Pet Supply - Cat Food,-3.37,CA
7338,11/5/2013,Food Delivery - Uber Eats,-38.65,CA
7338,11/5/2013,On Demand TV,-7.5,CA
7338,11/5/2013,Lyft,-6.72,CA
7338,11/5/2013,On Demand Movie,-83.11,CA
7338,11/5/2013,Ralph's Grocery Store,-51.98,CA
7338,11/5/2013,Lyft,-17.95,CA
7338,11/5/2013,Food Delivery - GrubHub,-81.36,CA
7338,11/5/2013,On Demand TV,-37.78,CA
7338,11/5/2013,Red Box DVD Rental,-0.56,CA
7338,11/5/2013,Podcast Subscription,-27.31,CA
7338,11/5/2013,Wine Delivery,-38.32,CA
7338,11/6/2013,Restaurant - Pizza,-6.81,CA
7338,11/7/2013,Red Box DVD Rental,-2.26,CA
7338,11/8/2013,Restaurant - Burgers,-8.88,CA
7338,11/9/2013,Pet Smart,-19.78,CA
7338,11/10/2013,Food Delivery - Uber Eats,-34.13,CA
7338,11/10/2013,Taxi,-19.05,CA
7338,11/10/2013,Sprouts Market,-39.52,CA
7338,11/10/2013,Podcast Subscription,-31.22,CA
7338,11/10/2013,Sprouts Market,-4.01,CA
7338,11/10/2013,Taxi,-0.26,CA
7338,11/10/2013,Food Delivery - GrubHub,-2.2,CA
7338,11/10/2013,Whole Foods,-50.6,CA
7338,11/10/2013,PlayStation Membership,-6.86,CA
7338,11/10/2013,On Demand Movie,-1.23,CA
7338,11/10/2013,On Demand TV,-104.35,CA
7338,11/10/2013,Taxi,-18.62,CA
7338,11/10/2013,Pet Smart,-12.14,CA
7338,11/11/2013,Restaurant - Burgers,-38.6,CA
7338,11/12/2013,Public Transportation - Bus Pass,-5.7,CA
7338,11/13/2013,Public Transportation - Bus Pass,-98.62,CA
7338,11/14/2013,On Demand TV,-73.89,CA
7338,11/14/2013,Whole Foods,-42.7,CA
7338,11/14/2013,Red Box DVD Rental,-37.35,CA
7338,11/14/2013,Wine Delivery,-73.42,CA
7338,11/14/2013,Sprouts Market,-25.64,CA
7338,11/14/2013,Lyft,-23.86,CA
7338,11/14/2013,Food Delivery - Uber Eats,-1.04,CA
7338,11/15/2013,Red Box DVD Rental,-4.22,CA
7338,11/15/2013,On Demand TV,-10.73,CA
7338,11/15/2013,Red Box DVD Rental,-27.53,CA
7338,11/16/2013,Restaurant - Burgers,-17.39,CA
7338,11/16/2013,Red Box DVD Rental,-39.56,CA
7338,11/16/2013,Public Transportation - Bus Pass,-114.57,CA
7338,11/16/2013,Pet Smart,-35.58,CA
7338,11/16/2013,Food Delivery - Uber Eats,-2.87,CA
7338,11/16/2013,Uber,-10.16,CA
7338,11/16/2013,Public Transportation - Train Pass,-13.87,CA
7338,11/16/2013,Food Delivery - GrubHub,-9.64,CA
7338,11/17/2013,Pet Smart,-21.59,CA
7338,11/18/2013,On Demand Movie,-33.84,CA
7338,11/18/2013,Public Transportation - Bus Pass,-64.41,CA
7338,11/19/2013,Starbucks Coffee,-48.18,CA
7338,11/19/2013,Pet Supply - Cat Food,-9.85,CA
7338,11/19/2013,Lyft,-18.41,CA
7338,11/20/2013,Lyft,-14.38,CA
7338,11/20/2013,PlayStation Membership,-18.78,CA
7338,11/20/2013,On Demand TV,-11.53,CA
7338,11/20/2013,Restaurant - Burgers,-33.1,CA
7338,11/20/2013,Starbucks Coffee,-116.07,CA
7338,11/20/2013,Von's Groceries,-110.12,CA
7338,11/20/2013,Red Box DVD Rental,-95.86,CA
7338,11/20/2013,Wine Delivery,-34.43,CA
7338,11/20/2013,Lyft,-28.88,CA
7338,11/20/2013,Food Delivery - Uber Eats,-118.15,CA
7338,11/20/2013,Public Transportation - Train Pass,-9.94,CA
7338,11/20/2013,Food Delivery - GrubHub,-4.06,CA
7338,11/20/2013,Podcast Subscription,-20.87,CA
7338,11/20/2013,Food Delivery - GrubHub,-31.69,CA
7338,11/20/2013,Food Delivery - Uber Eats,-12.62,CA
7338,11/20/2013,Pet Smart,-23.43,CA
7338,11/20/2013,Wine Delivery,-7.99,CA
7338,11/20/2013,On Demand TV,-26.82,CA
7338,11/20/2013,On Demand TV,-51.11,CA
7338,11/20/2013,Pet Supply - Cat Food,-20.7,CA
7338,11/20/2013,Podcast Subscription,-15.69,CA
7338,11/20/2013,Pet Smart,-0.61,CA
7338,11/20/2013,On Demand TV,-18.33,CA
7338,11/20/2013,Pet Smart,-3.67,CA
7338,11/20/2013,Uber,-77.62,CA
7338,11/20/2013,PlayStation Membership,-28.62,CA
7338,11/20/2013,PlayStation Membership,-14.28,CA
7338,11/20/2013,Public Transportation - Bus Pass,-15.29,CA
7338,11/20/2013,Podcast Subscription,-81.14,CA
7338,11/20/2013,PlayStation Membership,-23.88,CA
7338,11/20/2013,Restaurant - Burgers,-3.93,CA
7338,11/20/2013,Uber,-68.1,CA
7338,11/20/2013,Food Delivery - GrubHub,-39.43,CA
7338,11/20/2013,On Demand Movie,-14.38,CA
7338,11/21/2013,Wine Delivery,-30.98,CA
7338,11/21/2013,Whole Foods,-117.53,CA
7338,11/21/2013,Pet Supply - Cat Food,-21.31,CA
7338,11/22/2013,Wine Delivery,-2.57,CA
7338,11/22/2013,Red Box DVD Rental,-64.88,CA
7338,11/22/2013,Public Transportation - Train Pass,-5.44,CA
7338,11/22/2013,Podcast Subscription,-11.02,CA
7338,11/23/2013,Pet Supply - Cat Food,-5.2,CA
7338,11/23/2013,PlayStation Membership,-6.59,CA
7338,11/23/2013,Taxi,-21.97,CA
7338,11/24/2013,Red Box DVD Rental,-9.44,CA
7338,11/25/2013,Restaurant - Chinese,-35.87,CA
7338,11/25/2013,Restaurant - Pizza,-23.02,CA
7338,11/25/2013,Pet Supply - Cat Food,-38.92,CA
7338,11/25/2013,Taxi,-17.53,CA
7338,11/26/2013,Lyft,-18.99,CA
7338,11/26/2013,On Demand Movie,-19.15,CA
7338,11/26/2013,Starbucks Coffee,-5.35,CA
7338,11/26/2013,Pet Supply - Cat Food,-17.47,CA
7338,11/26/2013,Von's Groceries,-12.9,CA
7338,11/26/2013,Von's Groceries,-20.32,CA
7338,11/27/2013,Public Transportation - Bus Pass,-22.3,CA
7338,11/28/2013,Food Delivery - GrubHub,-27.78,CA
7338,11/28/2013,On Demand Movie,-72.35,CA
7338,11/28/2013,Pet Smart,-4.22,CA
7338,11/28/2013,Lyft,-70.38,CA
7338,11/29/2013,On Demand TV,-22.12,CA
7338,11/29/2013,Starbucks Coffee,-10.96,CA
7338,11/29/2013,Von's Groceries,-3.27,CA
7338,11/29/2013,Food Delivery - Uber Eats,-35.98,CA
7338,11/29/2013,On Demand TV,-46.43,CA
7338,11/29/2013,On Demand Movie,-39.35,CA
7338,11/29/2013,Ralph's Grocery Store,-15.32,CA
7338,11/29/2013,Wine Delivery,-37.78,CA
7338,11/29/2013,Taxi,-7.23,CA
7338,11/29/2013,Podcast Subscription,-25.97,CA
7338,11/30/2013,On Demand TV,-95.07,CA
7338,12/2/2013,Housing Rent,-1048,CA
7338,12/2/2013,Credit Card Payment,-154,CA
7338,12/2/2013,Time Warner Cable,-25,CA
7338,12/2/2013,Podcast Subscription,-38.76,CA
7338,12/3/2013,PlayStation Membership,-7.23,CA
7338,12/3/2013,Red Box DVD Rental,-34.31,CA
7338,12/4/2013,Pet Smart,-2.47,CA
7338,12/4/2013,Wine Delivery,-27.91,CA
7338,12/4/2013,Food Delivery - GrubHub,-36.86,CA
7338,12/5/2013,On Demand TV,-22.74,CA
7338,12/5/2013,On Demand TV,-16.57,CA
7338,12/6/2013,Lyft,-25.64,CA
7338,12/6/2013,Public Transportation - Bus Pass,-13.09,CA
7338,12/6/2013,Von's Groceries,-23.24,CA
7338,12/6/2013,Pet Smart,-71.3,CA
7338,12/6/2013,Wine Delivery,-16.79,CA
7338,12/6/2013,Restaurant - Chinese,-16.38,CA
7338,12/7/2013,Pet Smart,-12.06,CA
7338,12/7/2013,PlayStation Membership,-107.98,CA
7338,12/7/2013,Food Delivery - GrubHub,-16.96,CA
7338,12/7/2013,Food Delivery - GrubHub,-22.21,CA
7338,12/8/2013,Pet Supply - Cat Food,-16.14,CA
7338,12/9/2013,Restaurant - Pizza,-32.25,CA
7338,12/9/2013,Red Box DVD Rental,-23.97,CA
7338,12/9/2013,Wine Delivery,-54.22,CA
7338,12/9/2013,Food Delivery - GrubHub,-71.82,CA
7338,12/9/2013,Public Transportation - Bus Pass,-16.87,CA
7338,12/9/2013,Starbucks Coffee,-5.29,CA
7338,12/9/2013,Public Transportation - Train Pass,-16.25,CA
7338,12/9/2013,Whole Foods,-5.99,CA
7338,12/9/2013,Wine Delivery,-27.08,CA
7338,12/9/2013,Restaurant - Steakhouse,-9.27,CA
7338,12/9/2013,Starbucks Coffee,-37.69,CA
7338,12/9/2013,Food Delivery - GrubHub,-39.04,CA
7338,12/10/2013,Food Delivery - Uber Eats,-3.8,CA
7338,12/11/2013,Uber,-12.55,CA
7338,12/11/2013,Public Transportation - Bus Pass,-0.77,CA
7338,12/12/2013,Podcast Subscription,-68.99,CA
7338,12/12/2013,Food Delivery - Uber Eats,-12.29,CA
7338,12/12/2013,Taxi,-30.53,CA
7338,12/12/2013,On Demand Movie,-38.29,CA
7338,12/12/2013,Uber,-1.2,CA
7338,12/13/2013,Red Box DVD Rental,-0.49,CA
7338,12/14/2013,Public Transportation - Bus Pass,-4.24,CA
7338,12/14/2013,Pet Smart,-35.29,CA
7338,12/15/2013,On Demand Movie,-22.03,CA
7338,12/15/2013,Restaurant - Burgers,-1.51,CA
7338,12/15/2013,Lyft,-37.49,CA
7338,12/16/2013,Public Transportation - Train Pass,-19.38,CA
7338,12/16/2013,Red Box DVD Rental,-6.28,CA
7338,12/16/2013,On Demand TV,-60.51,CA
7338,12/16/2013,Wine Delivery,-18.65,CA
7338,12/16/2013,Ralph's Grocery Store,-7.72,CA
7338,12/16/2013,PlayStation Membership,-35.53,CA
7338,12/16/2013,Red Box DVD Rental,-36.63,CA
7338,12/16/2013,Taxi,-119.87,CA
7338,12/16/2013,On Demand TV,-16.74,CA
7338,12/16/2013,Food Delivery - GrubHub,-0.73,CA
7338,12/16/2013,Ralph's Grocery Store,-7.93,CA
7338,12/16/2013,Lyft,-26.18,CA
7338,12/17/2013,Starbucks Coffee,-11.41,CA
7338,12/18/2013,On Demand TV,-18.24,CA
7338,12/18/2013,Lyft,-39.95,CA
7338,12/18/2013,Restaurant - Burgers,-73.34,CA
7338,12/19/2013,Food Delivery - Uber Eats,-22.68,CA
7338,12/19/2013,Taxi,-10.6,CA
7338,12/19/2013,PlayStation Membership,-27.66,CA
7338,12/19/2013,Pet Smart,-24.08,CA
7338,12/20/2013,Pet Supply - Cat Food,-14.52,CA
7338,12/20/2013,Ralph's Grocery Store,-1.78,CA
7338,12/20/2013,Uber,-33.83,CA
7338,12/20/2013,Pet Supply - Cat Food,-1.95,CA
7338,12/20/2013,Podcast Subscription,-13.22,CA
7338,12/21/2013,Restaurant - Burgers,-5.48,CA
7338,12/21/2013,On Demand Movie,-14.86,CA
7338,12/21/2013,Podcast Subscription,-20.29,CA
7338,12/21/2013,Lyft,-33.27,CA
7338,12/21/2013,Food Delivery - GrubHub,-91.54,CA
7338,12/21/2013,Food Delivery - Uber Eats,-7.93,CA
7338,12/21/2013,Sprouts Market,-27.63,CA
7338,12/21/2013,Pet Smart,-61.72,CA
7338,12/22/2013,On Demand TV,-4.63,CA
7338,12/22/2013,Restaurant - Chinese,-63.17,CA
7338,12/22/2013,On Demand Movie,-36.63,CA
7338,12/22/2013,Food Delivery - Uber Eats,-4.85,CA
7338,12/22/2013,Lyft,-93.11,CA
7338,12/22/2013,Taxi,-6.22,CA
7338,12/22/2013,Restaurant - Steakhouse,-34.19,CA
7338,12/22/2013,Von's Groceries,-5.28,CA
7338,12/22/2013,Podcast Subscription,-36.87,CA
7338,12/22/2013,PlayStation Membership,-17.51,CA
7338,12/22/2013,Food Delivery - GrubHub,-21.31,CA
7338,12/22/2013,Pet Supply - Cat Food,-27.8,CA
7338,12/22/2013,Podcast Subscription,-5.57,CA
7338,12/22/2013,Wine Delivery,-34.16,CA
7338,12/23/2013,Ralph's Grocery Store,-26.58,CA
7338,12/23/2013,Pet Supply - Cat Food,-37.97,CA
7338,12/23/2013,PlayStation Membership,-11.65,CA
7338,12/23/2013,Lyft,-10.3,CA
7338,12/23/2013,On Demand TV,-4.65,CA
7338,12/23/2013,On Demand TV,-18.47,CA
7338,12/23/2013,On Demand Movie,-37.25,CA
7338,12/24/2013,Pet Supply - Cat Food,-5.27,CA
7338,12/24/2013,On Demand TV,-77.14,CA
7338,12/24/2013,Pet Smart,-40.03,CA
7338,12/24/2013,Public Transportation - Train Pass,-27.16,CA
7338,12/24/2013,Restaurant - Steakhouse,-27.78,CA
7338,12/24/2013,Whole Foods,-18.79,CA
7338,12/25/2013,Public Transportation - Bus Pass,-8.4,CA
7338,12/26/2013,Restaurant - Chinese,-17.52,CA
7338,12/26/2013,On Demand TV,-16.53,CA
7338,12/27/2013,Public Transportation - Train Pass,-32.31,CA
7338,12/28/2013,Restaurant - Burgers,-26.44,CA
7338,12/28/2013,PlayStation Membership,-32.69,CA
7338,12/28/2013,Red Box DVD Rental,-17.56,CA
7338,12/28/2013,Uber,-29.93,CA
7338,12/29/2013,Taxi,-27.08,CA
7338,12/29/2013,Von's Groceries,-4.49,CA
7338,12/29/2013,Food Delivery - GrubHub,-5.9,CA
7338,12/29/2013,Food Delivery - GrubHub,-24.08,CA
7338,12/29/2013,Podcast Subscription,-47.12,CA
7338,12/29/2013,Uber,-13.42,CA
7338,12/29/2013,Uber,-47.71,CA
7338,12/29/2013,Podcast Subscription,-1.47,CA
7338,12/29/2013,On Demand TV,-11,CA
7338,12/29/2013,On Demand TV,-34.78,CA
7338,12/29/2013,Restaurant - Steakhouse,-19.22,CA
7338,12/29/2013,On Demand TV,-35.12,CA
7338,12/29/2013,Podcast Subscription,-20.07,CA
7338,12/30/2013,On Demand Movie,-27,CA
7338,12/30/2013,Lyft,-90.49,CA
7338,12/32/2013,Public Transportation - Train Pass,-70.59,CA
7338,12/32/2013,On Demand Movie,-53.83,CA
7338,12/32/2013,Food Delivery - Uber Eats,-11.1,CA
7338,1/2/2014,Food Delivery - Uber Eats,-54.04,CA
7338,1/2/2014,On Demand Movie,-2.17,CA
7338,1/3/2014,Public Transportation - Bus Pass,-37.1,CA
7338,1/4/2014,Red Box DVD Rental,-15.41,CA
7338,1/5/2014,Food Delivery - Uber Eats,-16.58,CA
7338,1/6/2014,Public Transportation - Train Pass,-34.5,CA
7338,1/6/2014,Public Transportation - Bus Pass,-4.59,CA
7338,1/7/2014,Red Box DVD Rental,-0.82,CA
7338,1/7/2014,Pet Supply - Cat Food,-10.9,CA
7338,1/7/2014,Podcast Subscription,-30.51,CA
7338,1/7/2014,Taxi,-27.44,CA
7338,1/7/2014,Whole Foods,-2.4,CA
7338,1/7/2014,Public Transportation - Train Pass,-8.9,CA
7338,1/8/2014,Taxi,-5.97,CA
7338,1/9/2014,Von's Groceries,-27.91,CA
7338,1/9/2014,PlayStation Membership,-0.73,CA
7338,1/9/2014,PlayStation Membership,-101.71,CA
7338,1/10/2014,On Demand Movie,-102.67,CA
7338,1/10/2014,Podcast Subscription,-38.99,CA
7338,1/10/2014,Podcast Subscription,-4.81,CA
7338,1/10/2014,Food Delivery - GrubHub,-35.02,CA
7338,1/11/2014,On Demand TV,-13.83,CA
7338,1/12/2014,Public Transportation - Train Pass,-16.69,CA
7338,1/13/2014,Food Delivery - Uber Eats,-14.23,CA
7338,1/14/2014,Food Delivery - Uber Eats,-38.53,CA
7338,1/14/2014,Podcast Subscription,-5.48,CA
7338,1/14/2014,Podcast Subscription,-11.42,CA
7338,1/15/2014,Uber,-63.95,CA
7338,1/16/2014,Starbucks Coffee,-36.28,CA
7338,1/16/2014,On Demand Movie,-3.43,CA
7338,1/16/2014,Von's Groceries,-50.37,CA
7338,1/16/2014,Red Box DVD Rental,-19.38,CA
7338,1/17/2014,Red Box DVD Rental,-4.2,CA
7338,1/17/2014,Restaurant - Steakhouse,-0.48,CA
7338,1/17/2014,Lyft,-37.38,CA
7338,1/18/2014,PlayStation Membership,-14.87,CA
7338,1/18/2014,Food Delivery - GrubHub,-24.91,CA
7338,1/18/2014,Public Transportation - Bus Pass,-24.6,CA
7338,1/18/2014,Restaurant - Pizza,-18.47,CA
7338,1/19/2014,On Demand Movie,-16.61,CA
7338,1/19/2014,On Demand TV,-10.22,CA
7338,1/19/2014,Lyft,-31.71,CA
7338,1/20/2014,On Demand Movie,-13.52,CA
7338,1/21/2014,On Demand Movie,-77.77,CA
7338,1/22/2014,Red Box DVD Rental,-65.09,CA
7338,1/22/2014,Von's Groceries,-33.34,CA
7338,1/23/2014,Pet Smart,-36.55,CA
7338,1/23/2014,Whole Foods,-27.02,CA
7338,1/23/2014,Podcast Subscription,-3.39,CA
7338,1/23/2014,Pet Smart,-15.44,CA
7338,1/23/2014,Taxi,-8.88,CA
7338,1/24/2014,Red Box DVD Rental,-3.04,CA
7338,1/24/2014,Restaurant - Chinese,-24.54,CA
7338,1/25/2014,Food Delivery - Uber Eats,-10.93,CA
7338,1/26/2014,Pet Supply - Cat Food,-98.27,CA
7338,1/27/2014,PlayStation Membership,-26.53,CA
7338,1/28/2014,Red Box DVD Rental,-23.39,CA
7338,1/29/2014,Lyft,-53.97,CA
7338,1/29/2014,PlayStation Membership,-15.8,CA
7338,1/29/2014,On Demand Movie,-33.93,CA
7338,1/29/2014,Sprouts Market,-39.32,CA
7338,1/29/2014,Podcast Subscription,-29.55,CA
7338,1/29/2014,On Demand Movie,-38.19,CA
7338,1/29/2014,PlayStation Membership,-6.37,CA
7338,1/30/2014,Von's Groceries,-34.99,CA
7338,1/30/2014,Public Transportation - Train Pass,-30.34,CA
7338,3/2/2014,Housing Rent,-883,CA
7338,3/2/2014,Credit Card Payment,-154,CA
7338,3/2/2014,Time Warner Cable,-25,CA
7338,3/2/2014,Restaurant - Pizza,-106.5,CA
7338,3/2/2014,Restaurant - Steakhouse,-22.58,CA
7338,3/3/2014,Pet Supply - Cat Food,-27.37,CA
7338,3/3/2014,Red Box DVD Rental,-34.49,CA
7338,3/4/2014,On Demand TV,-103.85,CA
7338,3/5/2014,Whole Foods,-12.42,CA
7338,3/5/2014,Starbucks Coffee,-23.43,CA
7338,3/5/2014,On Demand TV,-96.7,CA
7338,3/5/2014,Pet Smart,-16.75,CA
7338,3/5/2014,Uber,-19.3,CA
7338,3/5/2014,Ralph's Grocery Store,-52.83,CA
7338,3/5/2014,Food Delivery - Uber Eats,-35.81,CA
7338,3/6/2014,On Demand TV,-18.18,CA
7338,3/7/2014,Red Box DVD Rental,-30.68,CA
7338,3/8/2014,Lyft,-37.84,CA
7338,3/9/2014,Podcast Subscription,-38.01,CA
7338,3/10/2014,Red Box DVD Rental,-24.05,CA
7338,3/10/2014,Lyft,-10.29,CA
7338,3/10/2014,Food Delivery - GrubHub,-23.12,CA
7338,3/11/2014,PlayStation Membership,-29.73,CA
7338,3/11/2014,Restaurant - Chinese,-11.4,CA
7338,3/11/2014,Uber,-12.14,CA
7338,3/12/2014,Pet Supply - Cat Food,-38.78,CA
7338,3/12/2014,Ralph's Grocery Store,-85.2,CA
7338,3/12/2014,Food Delivery - GrubHub,-63.5,CA
7338,3/12/2014,Restaurant - Steakhouse,-25.8,CA
7338,3/12/2014,Restaurant - Pizza,-26.08,CA
7338,3/12/2014,Uber,-36.03,CA
7338,3/12/2014,Ralph's Grocery Store,-39.92,CA
7338,3/12/2014,Restaurant - Pizza,-114.3,CA
7338,3/12/2014,Pet Supply - Cat Food,-2.91,CA
7338,3/12/2014,Taxi,0,CA
7338,3/12/2014,Public Transportation - Bus Pass,-24.61,CA
7338,3/12/2014,Uber,-32.99,CA
7338,3/12/2014,Podcast Subscription,-38.08,CA
7338,3/12/2014,Food Delivery - GrubHub,-28.46,CA
7338,3/13/2014,Sprouts Market,-9.05,CA
7338,3/13/2014,Pet Smart,-25.69,CA
7338,3/13/2014,Lyft,-15.07,CA
7338,3/13/2014,Uber,-33.93,CA
7338,3/14/2014,On Demand Movie,-28.2,CA
7338,3/14/2014,Lyft,-23.89,CA
7338,3/14/2014,Wine Delivery,-38.04,CA
7338,3/15/2014,On Demand TV,-15.03,CA
7338,3/16/2014,Lyft,-33.47,CA
7338,3/17/2014,On Demand TV,-20.77,CA
7338,3/17/2014,Restaurant - Burgers,-16.78,CA
7338,3/18/2014,Public Transportation - Train Pass,-30.11,CA
7338,3/18/2014,Podcast Subscription,-14.76,CA
7338,3/19/2014,On Demand TV,-15.5,CA
7338,3/20/2014,Von's Groceries,-29.9,CA
7338,3/20/2014,Pet Smart,-5.3,CA
7338,3/21/2014,Uber,-31.28,CA
7338,3/22/2014,Food Delivery - Uber Eats,-18.37,CA
7338,3/22/2014,Restaurant - Burgers,-33.63,CA
7338,3/23/2014,Podcast Subscription,-2.59,CA
7338,3/23/2014,Restaurant - Steakhouse,-31.73,CA
7338,3/23/2014,Restaurant - Chinese,-10.02,CA
7338,3/24/2014,Podcast Subscription,-15.43,CA
7338,3/24/2014,Red Box DVD Rental,-6.96,CA
7338,3/24/2014,Pet Smart,-20.62,CA
7338,3/24/2014,Podcast Subscription,-16.86,CA
7338,3/24/2014,Pet Supply - Cat Food,-18.1,CA
7338,3/25/2014,Pet Supply - Cat Food,-113.42,CA
7338,3/26/2014,Uber,-24.12,CA
7338,3/26/2014,Food Delivery - Uber Eats,-18.2,CA
7338,3/26/2014,Food Delivery - Uber Eats,-1.58,CA
7338,3/27/2014,PlayStation Membership,-17.09,CA
7338,3/28/2014,Starbucks Coffee,-90.17,CA
7338,3/28/2014,Pet Supply - Cat Food,-32.82,CA
7338,3/28/2014,On Demand Movie,-18.83,CA
7338,3/29/2014,Restaurant - Pizza,-31.39,CA
7338,3/29/2014,Lyft,-17.55,CA
7338,3/29/2014,Pet Smart,-15.77,CA
7338,3/29/2014,Public Transportation - Train Pass,-56.56,CA
7338,3/30/2014,Food Delivery - GrubHub,-8.02,CA
7338,3/30/2014,Public Transportation - Bus Pass,-10.73,CA
7338,3/30/2014,Food Delivery - GrubHub,-104.65,CA
7338,3/30/2014,Von's Groceries,-57.42,CA
7338,4/2/2014,Housing Rent,-1340,CA
7338,4/2/2014,Credit Card Payment,-154,CA
7338,4/2/2014,Time Warner Cable,-25,CA
7338,4/2/2014,Pet Smart,-82.19,CA
7338,4/3/2014,Red Box DVD Rental,-27.95,CA
7338,4/4/2014,Public Transportation - Bus Pass,-16.14,CA
7338,4/4/2014,Whole Foods,-13.15,CA
7338,4/4/2014,Uber,-12.89,CA
7338,4/4/2014,Food Delivery - Uber Eats,-28.82,CA
7338,4/4/2014,Taxi,-31.66,CA
7338,4/5/2014,On Demand Movie,-8.56,CA
7338,4/5/2014,Whole Foods,-15.43,CA
7338,4/6/2014,Pet Smart,-8.9,CA
7338,4/6/2014,Pet Smart,-13.82,CA
7338,4/6/2014,On Demand TV,-37.1,CA
7338,4/7/2014,Uber,-39.77,CA
7338,4/8/2014,Food Delivery - GrubHub,-1.13,CA
7338,4/8/2014,Uber,-11.24,CA
7338,4/9/2014,Food Delivery - GrubHub,-10.34,CA
7338,4/9/2014,Public Transportation - Bus Pass,-11.8,CA
7338,4/9/2014,Pet Smart,-20.96,CA
7338,4/9/2014,On Demand Movie,-21.58,CA
7338,4/10/2014,Podcast Subscription,-16.12,CA
7338,4/10/2014,Podcast Subscription,-27.71,CA
7338,4/11/2014,Podcast Subscription,-15.39,CA
7338,4/11/2014,Restaurant - Steakhouse,-16.72,CA
7338,4/12/2014,PlayStation Membership,-63.78,CA
7338,4/13/2014,On Demand Movie,-107.07,CA
7338,4/13/2014,Pet Smart,-34.81,CA
7338,4/13/2014,Restaurant - Chinese,-24.83,CA
7338,4/13/2014,Podcast Subscription,-20.31,CA
7338,4/13/2014,Food Delivery - GrubHub,-19.64,CA
7338,4/14/2014,Podcast Subscription,-31.86,CA
7338,4/14/2014,Food Delivery - Uber Eats,-24.07,CA
7338,4/15/2014,Pet Supply - Cat Food,-25.44,CA
7338,4/15/2014,On Demand TV,-15.07,CA
7338,4/15/2014,Sprouts Market,-32.7,CA
7338,4/16/2014,Taxi,-32.12,CA
7338,4/17/2014,Restaurant - Chinese,-43.58,CA
7338,4/17/2014,Lyft,-14.97,CA
7338,4/18/2014,Taxi,-46.27,CA
7338,4/19/2014,Public Transportation - Bus Pass,-3.89,CA
7338,4/20/2014,Podcast Subscription,-5.76,CA
7338,4/21/2014,Food Delivery - Uber Eats,-23.34,CA
7338,4/21/2014,Pet Supply - Cat Food,-85.88,CA
7338,4/22/2014,Uber,-80.35,CA
7338,4/22/2014,Food Delivery - Uber Eats,-38.75,CA
7338,4/22/2014,Restaurant - Burgers,-2.44,CA
7338,4/22/2014,Von's Groceries,-31.7,CA
7338,4/22/2014,On Demand TV,-80.03,CA
7338,4/23/2014,Podcast Subscription,-18.12,CA
7338,4/24/2014,Public Transportation - Train Pass,-0.19,CA
7338,4/24/2014,Podcast Subscription,-2.51,CA
7338,4/25/2014,Red Box DVD Rental,-66.78,CA
7338,4/25/2014,Pet Supply - Cat Food,-37.17,CA
7338,4/25/2014,Von's Groceries,-33.22,CA
7338,4/25/2014,Pet Supply - Cat Food,-11.39,CA
7338,4/25/2014,Sprouts Market,-14.57,CA
7338,4/26/2014,Lyft,-81.47,CA
7338,4/27/2014,PlayStation Membership,-15.96,CA
7338,4/28/2014,Pet Supply - Cat Food,-12.39,CA
7338,4/28/2014,Podcast Subscription,-39.71,CA
7338,4/28/2014,Pet Smart,-68.91,CA
7338,4/28/2014,Wine Delivery,-1.03,CA
7338,4/29/2014,Restaurant - Chinese,-1.09,CA
7338,4/30/2014,Food Delivery - GrubHub,-112.89,CA
7338,5/2/2014,Housing Rent,-1336,CA
7338,5/2/2014,Credit Card Payment,-154,CA
7338,5/2/2014,Time Warner Cable,-25,CA
7338,5/2/2014,Pet Supply - Cat Food,-9.98,CA
7338,5/3/2014,Podcast Subscription,-23.01,CA
7338,5/4/2014,Whole Foods,-50.2,CA
7338,5/5/2014,On Demand TV,-8.73,CA
7338,5/6/2014,Uber,-17.84,CA
7338,5/7/2014,Food Delivery - Uber Eats,-19.32,CA
7338,5/7/2014,Red Box DVD Rental,-45.88,CA
7338,5/7/2014,Lyft,-27.97,CA
7338,5/7/2014,Uber,-30.06,CA
7338,5/8/2014,Red Box DVD Rental,-37.54,CA
7338,5/8/2014,Food Delivery - GrubHub,-99.99,CA
7338,5/9/2014,Lyft,-14.28,CA
7338,5/10/2014,Pet Supply - Cat Food,-56.17,CA
7338,5/11/2014,Restaurant - Steakhouse,-18.02,CA
7338,5/12/2014,Red Box DVD Rental,-1.11,CA
7338,5/12/2014,Ralph's Grocery Store,-35.03,CA
7338,5/12/2014,Pet Supply - Cat Food,-19.21,CA
7338,5/13/2014,Wine Delivery,-3.73,CA
7338,5/14/2014,Restaurant - Steakhouse,-116.2,CA
7338,5/14/2014,Pet Supply - Cat Food,-13.11,CA
7338,5/14/2014,Restaurant - Burgers,-9.28,CA
7338,5/15/2014,Podcast Subscription,-94.84,CA
7338,5/16/2014,Podcast Subscription,-33.56,CA
7338,5/17/2014,Restaurant - Pizza,-30.45,CA
7338,5/17/2014,Food Delivery - Uber Eats,-6.49,CA
7338,5/17/2014,Food Delivery - Uber Eats,-27.38,CA
7338,5/17/2014,Taxi,-15.37,CA
7338,5/17/2014,Red Box DVD Rental,-16.2,CA
7338,5/17/2014,Public Transportation - Bus Pass,-23.14,CA
7338,5/17/2014,Podcast Subscription,-81.86,CA
7338,5/17/2014,Sprouts Market,-13.37,CA
7338,5/18/2014,Pet Supply - Cat Food,-27.89,CA
7338,5/18/2014,Public Transportation - Train Pass,-22.41,CA
7338,5/19/2014,Food Delivery - GrubHub,-14.21,CA
7338,5/20/2014,Food Delivery - GrubHub,-14.31,CA
7338,5/20/2014,Pet Supply - Cat Food,-18.37,CA
7338,5/20/2014,Food Delivery - GrubHub,-82.19,CA
7338,5/20/2014,Wine Delivery,-13.16,CA
7338,5/20/2014,Starbucks Coffee,-14.8,CA
7338,5/20/2014,Red Box DVD Rental,-29.69,CA
7338,5/20/2014,Public Transportation - Train Pass,-12.91,CA
7338,5/21/2014,PlayStation Membership,-10.34,CA
7338,5/22/2014,Food Delivery - GrubHub,-15.94,CA
7338,5/22/2014,Food Delivery - GrubHub,-3.06,CA
7338,5/23/2014,Public Transportation - Bus Pass,-37.31,CA
7338,5/23/2014,On Demand TV,-45.83,CA
7338,5/23/2014,Pet Supply - Cat Food,-11.6,CA
7338,5/23/2014,On Demand TV,-49,CA
7338,5/23/2014,Starbucks Coffee,-11.16,CA
7338,5/23/2014,Wine Delivery,-6.51,CA
7338,5/24/2014,Public Transportation - Bus Pass,-24.44,CA
7338,5/24/2014,On Demand Movie,-20.72,CA
7338,5/24/2014,Red Box DVD Rental,-63.74,CA
7338,5/25/2014,Food Delivery - GrubHub,-23.9,CA
7338,5/25/2014,Food Delivery - Uber Eats,-37.2,CA
7338,5/25/2014,Restaurant - Chinese,-38.57,CA
7338,5/26/2014,Pet Smart,-57.71,CA
7338,5/26/2014,Podcast Subscription,-31.16,CA
7338,5/26/2014,On Demand TV,-98,CA
7338,5/26/2014,Podcast Subscription,-26.93,CA
7338,5/27/2014,Food Delivery - GrubHub,-10.79,CA
7338,5/27/2014,Pet Supply - Cat Food,-33.72,CA
7338,5/27/2014,Pet Supply - Cat Food,-29.37,CA
7338,5/27/2014,Pet Smart,-26.42,CA
7338,5/28/2014,Restaurant - Chinese,-16.55,CA
7338,5/28/2014,Von's Groceries,-0.51,CA
7338,5/28/2014,On Demand TV,-19.82,CA
7338,5/28/2014,Taxi,-36.5,CA
7338,5/28/2014,Podcast Subscription,-17.99,CA
7338,5/29/2014,On Demand TV,-11.81,CA
7338,5/30/2014,Starbucks Coffee,-71.42,CA
7338,5/30/2014,Public Transportation - Train Pass,-36.38,CA
7338,5/30/2014,Lyft,-10.44,CA
7338,5/30/2014,On Demand TV,-10.38,CA
7338,6/2/2014,Housing Rent,-985,CA
7338,6/2/2014,Credit Card Payment,-154,CA
7338,6/2/2014,Time Warner Cable,-25,CA
7338,6/2/2014,On Demand TV,-5.23,CA
7338,6/2/2014,Wine Delivery,-4.55,CA
7338,6/2/2014,Pet Smart,-12.91,CA
7338,6/3/2014,Von's Groceries,-4.44,CA
7338,6/3/2014,Public Transportation - Bus Pass,-36.53,CA
7338,6/4/2014,Sprouts Market,-17.29,CA
7338,6/4/2014,Public Transportation - Bus Pass,-34.88,CA
7338,6/4/2014,Uber,-19.3,CA
7338,6/4/2014,On Demand Movie,-21.97,CA
7338,6/4/2014,Uber,-58.91,CA
7338,6/4/2014,Starbucks Coffee,-43.22,CA
7338,6/4/2014,Food Delivery - GrubHub,-3.11,CA
7338,6/4/2014,Food Delivery - GrubHub,-20.31,CA
7338,6/4/2014,Taxi,-116.44,CA
7338,6/4/2014,Uber,-12.34,CA
7338,6/5/2014,Restaurant - Pizza,-15,CA
7338,6/5/2014,Uber,-31.95,CA
7338,6/5/2014,Starbucks Coffee,-25.92,CA
7338,6/5/2014,On Demand Movie,-6.86,CA
7338,6/5/2014,Red Box DVD Rental,-77.16,CA
7338,6/5/2014,Pet Smart,-70.74,CA
7338,6/6/2014,Food Delivery - GrubHub,-6.57,CA
7338,6/6/2014,Restaurant - Steakhouse,-16.37,CA
7338,6/6/2014,Pet Supply - Cat Food,-74.35,CA
7338,6/6/2014,Pet Smart,-34.3,CA
7338,6/6/2014,Uber,-34.36,CA
7338,6/6/2014,PlayStation Membership,-84.04,CA
7338,6/6/2014,Food Delivery - GrubHub,-8.9,CA
7338,6/6/2014,PlayStation Membership,-37.92,CA
7338,6/6/2014,Restaurant - Pizza,-19.27,CA
7338,6/6/2014,Food Delivery - Uber Eats,-57.18,CA
7338,6/6/2014,Wine Delivery,-20.83,CA
7338,6/7/2014,Sprouts Market,-15.92,CA
7338,6/8/2014,Food Delivery - Uber Eats,-21.8,CA
7338,6/8/2014,On Demand Movie,-14.64,CA
7338,6/9/2014,Wine Delivery,-101.53,CA
7338,6/9/2014,PlayStation Membership,-29.68,CA
7338,6/10/2014,Pet Supply - Cat Food,-13.12,CA
7338,6/10/2014,Taxi,-25.83,CA
7338,6/10/2014,On Demand TV,-5.44,CA
7338,6/10/2014,Food Delivery - Uber Eats,-6.91,CA
7338,6/10/2014,Von's Groceries,-10.65,CA
7338,6/10/2014,Uber,-36.01,CA
7338,6/10/2014,Food Delivery - Uber Eats,-19.51,CA
7338,6/11/2014,Pet Smart,-4.28,CA
7338,6/11/2014,Restaurant - Chinese,-87.77,CA
7338,6/11/2014,Red Box DVD Rental,-11.4,CA
7338,6/12/2014,PlayStation Membership,-31.44,CA
7338,6/13/2014,Food Delivery - Uber Eats,-85.94,CA
7338,6/13/2014,Lyft,-29.85,CA
7338,6/13/2014,Food Delivery - GrubHub,-37.37,CA
7338,6/14/2014,Public Transportation - Bus Pass,-7.8,CA
7338,6/14/2014,Food Delivery - GrubHub,-7.04,CA
7338,6/15/2014,Public Transportation - Train Pass,-34.22,CA
7338,6/15/2014,Food Delivery - Uber Eats,-18.12,CA
7338,6/15/2014,Lyft,-14.82,CA
7338,6/16/2014,Public Transportation - Bus Pass,-15.36,CA
7338,6/16/2014,Lyft,-29.41,CA
7338,6/16/2014,Red Box DVD Rental,-7.79,CA
7338,6/17/2014,Red Box DVD Rental,-35.37,CA
7338,6/17/2014,Pet Supply - Cat Food,-14.76,CA
7338,6/17/2014,On Demand Movie,-116.51,CA
7338,6/17/2014,Lyft,-38.28,CA
7338,6/18/2014,Podcast Subscription,-33.53,CA
7338,6/19/2014,Lyft,-18.11,CA
7338,6/19/2014,Red Box DVD Rental,-10.27,CA
7338,6/20/2014,Podcast Subscription,-90.39,CA
7338,6/20/2014,Taxi,-20.34,CA
7338,6/21/2014,On Demand Movie,-8.72,CA
7338,6/21/2014,On Demand TV,-14.47,CA
7338,6/22/2014,Pet Smart,-14.97,CA
7338,6/22/2014,Restaurant - Pizza,-88,CA
7338,6/22/2014,Food Delivery - Uber Eats,-2.95,CA
7338,6/22/2014,On Demand Movie,-68.52,CA
7338,6/23/2014,On Demand Movie,-18.35,CA
7338,6/23/2014,Public Transportation - Bus Pass,-14.13,CA
7338,6/24/2014,Podcast Subscription,-6.32,CA
7338,6/24/2014,Pet Supply - Cat Food,-13.48,CA
7338,6/24/2014,Wine Delivery,-12.45,CA
7338,6/25/2014,Wine Delivery,-29.66,CA
7338,6/25/2014,Food Delivery - Uber Eats,-7.37,CA
7338,6/25/2014,PlayStation Membership,-32.08,CA
7338,6/26/2014,Pet Smart,-22.38,CA
7338,6/26/2014,PlayStation Membership,-18.73,CA
7338,6/27/2014,Food Delivery - GrubHub,-14.32,CA
7338,6/27/2014,Restaurant - Steakhouse,-27.25,CA
7338,6/27/2014,Taxi,-10.27,CA
7338,6/27/2014,Pet Smart,-23.51,CA
7338,6/27/2014,PlayStation Membership,-17.52,CA
7338,6/27/2014,On Demand TV,-35.21,CA
7338,6/28/2014,Pet Smart,-117.42,CA
7338,6/29/2014,Food Delivery - GrubHub,-9.03,CA
7338,6/29/2014,Sprouts Market,-39.87,CA
7338,6/29/2014,Public Transportation - Train Pass,-62.83,CA
7338,6/29/2014,Food Delivery - GrubHub,-45.69,CA
7338,6/30/2014,On Demand Movie,-24.07,CA
7338,6/30/2014,Starbucks Coffee,-6.03,CA
7338,6/30/2014,Food Delivery - GrubHub,-18.4,CA
7338,6/30/2014,Von's Groceries,-14.06,CA
7338,6/30/2014,Starbucks Coffee,-2.41,CA
7338,6/30/2014,Pet Supply - Cat Food,-14.25,CA
7338,6/30/2014,Public Transportation - Bus Pass,-53.24,CA
7338,6/30/2014,Ralph's Grocery Store,-41.03,CA
7338,6/30/2014,Red Box DVD Rental,-60.94,CA
7338,6/30/2014,Public Transportation - Train Pass,-18.47,CA
7338,6/30/2014,Pet Smart,-36.79,CA
7338,6/30/2014,Taxi,-17.73,CA
7338,6/30/2014,Restaurant - Pizza,-29.3,CA
7338,6/30/2014,Restaurant - Chinese,-9.32,CA
7338,6/30/2014,PlayStation Membership,-63.57,CA
7338,7/2/2014,Housing Rent,-1033,CA
7338,7/2/2014,Credit Card Payment,-154,CA
7338,7/2/2014,Time Warner Cable,-25,CA
7338,7/2/2014,PlayStation Membership,-6.81,CA
7338,7/2/2014,Pet Smart,-20.82,CA
7338,7/2/2014,Lyft,-58.29,CA
7338,7/3/2014,Food Delivery - Uber Eats,-17,CA
7338,7/3/2014,Food Delivery - Uber Eats,-1.86,CA
7338,7/4/2014,On Demand TV,-92.72,CA
7338,7/4/2014,Food Delivery - GrubHub,-81.93,CA
7338,7/4/2014,Podcast Subscription,-9.48,CA
7338,7/5/2014,On Demand TV,-3.69,CA
7338,7/5/2014,Food Delivery - GrubHub,-32.86,CA
7338,7/5/2014,Food Delivery - Uber Eats,-17.87,CA
7338,7/5/2014,Public Transportation - Bus Pass,-99.93,CA
7338,7/6/2014,Lyft,-24.51,CA
7338,7/6/2014,Podcast Subscription,-5.88,CA
7338,7/7/2014,PlayStation Membership,-66.6,CA
7338,7/7/2014,Public Transportation - Bus Pass,-21.52,CA
7338,7/7/2014,On Demand Movie,-10.95,CA
7338,7/8/2014,PlayStation Membership,-0.67,CA
7338,7/8/2014,Podcast Subscription,-102.91,CA
7338,7/8/2014,Food Delivery - GrubHub,-39.1,CA
7338,7/9/2014,Food Delivery - GrubHub,-31.51,CA
7338,7/9/2014,Restaurant - Steakhouse,-39.15,CA
7338,7/9/2014,Podcast Subscription,-0.71,CA
7338,7/9/2014,Red Box DVD Rental,-13.1,CA
7338,7/9/2014,Food Delivery - GrubHub,-23.97,CA
7338,7/9/2014,Pet Supply - Cat Food,-11.67,CA
7338,7/9/2014,Pet Smart,-39.43,CA
7338,7/10/2014,Food Delivery - Uber Eats,-4.69,CA
7338,7/10/2014,On Demand TV,-21.98,CA
7338,7/10/2014,PlayStation Membership,-82.58,CA
7338,7/10/2014,Taxi,-25.72,CA
7338,7/10/2014,Pet Smart,-25.66,CA
7338,7/10/2014,Pet Supply - Cat Food,-1.12,CA
7338,7/10/2014,On Demand Movie,-23.31,CA
7338,7/10/2014,PlayStation Membership,-26.1,CA
7338,7/10/2014,Food Delivery - GrubHub,-116.76,CA
7338,7/11/2014,Red Box DVD Rental,-11.68,CA
7338,7/11/2014,Podcast Subscription,-32.95,CA
7338,7/11/2014,On Demand Movie,-35.44,CA
7338,7/11/2014,On Demand Movie,-22.47,CA
7338,7/11/2014,Red Box DVD Rental,-14.2,CA
7338,7/11/2014,Public Transportation - Bus Pass,-32.58,CA
7338,7/11/2014,Starbucks Coffee,-30.92,CA
7338,7/12/2014,Food Delivery - Uber Eats,-32.87,CA
7338,7/12/2014,On Demand Movie,-33.89,CA
7338,7/12/2014,Podcast Subscription,-18.28,CA
7338,7/13/2014,Taxi,-99.4,CA
7338,7/13/2014,Uber,-77.34,CA
7338,7/13/2014,On Demand TV,-117.59,CA
7338,7/14/2014,Pet Supply - Cat Food,-2.75,CA
7338,7/15/2014,Starbucks Coffee,-19.42,CA
7338,7/16/2014,On Demand Movie,-36.18,CA
7338,7/16/2014,Uber,-77.01,CA
7338,7/16/2014,Restaurant - Pizza,-19.7,CA
7338,7/17/2014,Food Delivery - GrubHub,-119.41,CA
7338,7/17/2014,Public Transportation - Train Pass,-14.26,CA
7338,7/17/2014,Podcast Subscription,-32.88,CA
7338,7/17/2014,Starbucks Coffee,-53.25,CA
7338,7/17/2014,On Demand TV,-5.31,CA
7338,7/17/2014,Public Transportation - Bus Pass,-51.18,CA
7338,7/18/2014,Food Delivery - GrubHub,-31.76,CA
7338,7/18/2014,Pet Supply - Cat Food,-34.96,CA
7338,7/18/2014,Restaurant - Chinese,-38.55,CA
7338,7/18/2014,Pet Supply - Cat Food,-50.63,CA
7338,7/18/2014,Public Transportation - Train Pass,-36.88,CA
7338,7/18/2014,Red Box DVD Rental,-29.7,CA
7338,7/18/2014,Restaurant - Pizza,-1.32,CA
7338,7/18/2014,Public Transportation - Bus Pass,-97.41,CA
7338,7/18/2014,Food Delivery - Uber Eats,-29.43,CA
7338,7/18/2014,Red Box DVD Rental,-93.81,CA
7338,7/19/2014,Wine Delivery,-12.71,CA
7338,7/20/2014,Restaurant - Burgers,-35.85,CA
7338,7/20/2014,Pet Smart,-29.45,CA
7338,7/20/2014,Taxi,-64.31,CA
7338,7/21/2014,Podcast Subscription,-1.02,CA
7338,7/22/2014,Sprouts Market,-3.21,CA
7338,7/22/2014,Uber,-17.07,CA
7338,7/23/2014,Food Delivery - Uber Eats,-9.98,CA
7338,7/23/2014,Red Box DVD Rental,-7.38,CA
7338,7/24/2014,On Demand Movie,-11.11,CA
7338,7/25/2014,Pet Smart,-113.17,CA
7338,7/26/2014,Food Delivery - GrubHub,-27.72,CA
7338,7/27/2014,Public Transportation - Bus Pass,-13.02,CA
7338,7/27/2014,Food Delivery - GrubHub,-10.18,CA
7338,7/27/2014,Von's Groceries,-18.87,CA
7338,7/27/2014,Pet Smart,-32.87,CA
7338,7/27/2014,Lyft,-118.21,CA
7338,7/28/2014,Food Delivery - GrubHub,-93.46,CA
7338,7/29/2014,Food Delivery - GrubHub,-39.6,CA
7338,7/29/2014,PlayStation Membership,-6.72,CA
7338,7/29/2014,Podcast Subscription,-23.84,CA
7338,7/29/2014,Lyft,-18.43,CA
7338,7/29/2014,Pet Supply - Cat Food,-28.04,CA
7338,7/30/2014,Food Delivery - GrubHub,-37.27,CA
7338,7/30/2014,Public Transportation - Bus Pass,-39.42,CA
7338,7/30/2014,Starbucks Coffee,-7.44,CA
7338,7/30/2014,PlayStation Membership,-84.75,CA
7338,7/30/2014,Public Transportation - Train Pass,-29.62,CA
7338,7/30/2014,Pet Supply - Cat Food,-13.14,CA
7338,8/2/2014,Housing Rent,-1321,CA
7338,8/2/2014,Credit Card Payment,-154,CA
7338,8/2/2014,Time Warner Cable,-25,CA
7338,8/2/2014,On Demand TV,-18.28,CA
7338,8/2/2014,Ralph's Grocery Store,-13.49,CA
7338,8/2/2014,Food Delivery - Uber Eats,-2.08,CA
7338,8/2/2014,Food Delivery - Uber Eats,-34.21,CA
7338,8/2/2014,Food Delivery - Uber Eats,-34.57,CA
7338,8/2/2014,Pet Supply - Cat Food,-39.28,CA
7338,8/2/2014,Podcast Subscription,-104.99,CA
7338,8/3/2014,Sprouts Market,-8.7,CA
7338,8/3/2014,Red Box DVD Rental,-22.95,CA
7338,8/3/2014,Food Delivery - Uber Eats,-2.45,CA
7338,8/3/2014,Restaurant - Chinese,-71.65,CA
7338,8/3/2014,Whole Foods,-0.46,CA
7338,8/4/2014,Food Delivery - Uber Eats,-42.84,CA
7338,8/5/2014,PlayStation Membership,-85.23,CA
7338,8/5/2014,Taxi,-0.53,CA
7338,8/6/2014,PlayStation Membership,-27.81,CA
7338,8/6/2014,Pet Smart,-43.62,CA
7338,8/6/2014,Food Delivery - Uber Eats,-15.03,CA
7338,8/7/2014,Sprouts Market,-5.6,CA
7338,8/7/2014,On Demand Movie,-26.2,CA
7338,8/7/2014,Pet Smart,-4.84,CA
7338,8/7/2014,Pet Supply - Cat Food,-29.82,CA
7338,8/7/2014,Wine Delivery,-37.18,CA
7338,8/8/2014,Red Box DVD Rental,-29.21,CA
7338,8/8/2014,Von's Groceries,-16.24,CA
7338,8/8/2014,Restaurant - Pizza,-95.54,CA
7338,8/8/2014,Public Transportation - Bus Pass,-27.18,CA
7338,8/8/2014,On Demand Movie,-20.89,CA
7338,8/8/2014,On Demand Movie,-26.24,CA
7338,8/8/2014,Wine Delivery,-3.54,CA
7338,8/8/2014,Public Transportation - Bus Pass,-5.6,CA
7338,8/8/2014,Public Transportation - Train Pass,-12.56,CA
7338,8/9/2014,Food Delivery - Uber Eats,-26.6,CA
7338,8/10/2014,Pet Supply - Cat Food,-5.86,CA
7338,8/10/2014,Podcast Subscription,-2.17,CA
7338,8/10/2014,Pet Smart,-26.25,CA
7338,8/10/2014,Red Box DVD Rental,-31.96,CA
7338,8/11/2014,Food Delivery - GrubHub,-0.85,CA
7338,8/11/2014,Food Delivery - GrubHub,-58.08,CA
7338,8/11/2014,Food Delivery - GrubHub,-77.6,CA
7338,8/12/2014,Whole Foods,-2.46,CA
7338,8/13/2014,Red Box DVD Rental,-30.46,CA
7338,8/14/2014,PlayStation Membership,-5.22,CA
7338,8/14/2014,Food Delivery - GrubHub,-20.46,CA
7338,8/14/2014,Restaurant - Burgers,-13.68,CA
7338,8/15/2014,On Demand TV,-11.91,CA
7338,8/15/2014,Pet Smart,-38.52,CA
7338,8/15/2014,Food Delivery - GrubHub,-7.14,CA
7338,8/16/2014,On Demand Movie,-18.3,CA
7338,8/16/2014,Red Box DVD Rental,-33.34,CA
7338,8/17/2014,Whole Foods,-7.63,CA
7338,8/17/2014,Pet Supply - Cat Food,-25.52,CA
7338,8/17/2014,Food Delivery - GrubHub,-34.94,CA
7338,8/18/2014,Wine Delivery,-12.38,CA
7338,8/18/2014,Ralph's Grocery Store,-31.64,CA
7338,8/19/2014,Sprouts Market,-76.72,CA
7338,8/19/2014,Taxi,-27.21,CA
7338,8/19/2014,Lyft,-27.62,CA
7338,8/19/2014,Food Delivery - GrubHub,-27.53,CA
7338,8/19/2014,PlayStation Membership,-38.39,CA
7338,8/20/2014,Pet Supply - Cat Food,-39.14,CA
7338,8/21/2014,Pet Smart,-43.79,CA
7338,8/22/2014,Starbucks Coffee,-13.16,CA
7338,8/22/2014,Pet Smart,-16.2,CA
7338,8/23/2014,On Demand Movie,-27.39,CA
7338,8/23/2014,Food Delivery - Uber Eats,-34.2,CA
7338,8/23/2014,Ralph's Grocery Store,-26.34,CA
7338,8/23/2014,Food Delivery - Uber Eats,-10.44,CA
7338,8/23/2014,Food Delivery - GrubHub,-32.11,CA
7338,8/23/2014,Public Transportation - Train Pass,-9.44,CA
7338,8/23/2014,On Demand Movie,-17.15,CA
7338,8/24/2014,Pet Supply - Cat Food,-6.99,CA
7338,8/25/2014,On Demand TV,-15.83,CA
7338,8/26/2014,Pet Supply - Cat Food,-19.22,CA
7338,8/27/2014,Wine Delivery,-39.23,CA
7338,8/28/2014,PlayStation Membership,-29.68,CA
7338,8/29/2014,Ralph's Grocery Store,-23.48,CA
7338,8/29/2014,Taxi,-39.75,CA
7338,8/29/2014,Sprouts Market,-0.04,CA
7338,8/30/2014,Whole Foods,-35.93,CA
7338,8/30/2014,Pet Smart,-7.26,CA
7338,9/2/2014,Housing Rent,-928,CA
7338,9/2/2014,Credit Card Payment,-154,CA
7338,9/2/2014,Time Warner Cable,-25,CA
7338,9/2/2014,On Demand Movie,-36.85,CA
7338,9/2/2014,Whole Foods,-19.81,CA
7338,9/2/2014,Restaurant - Steakhouse,-29.48,CA
7338,9/3/2014,PlayStation Membership,-52.37,CA
7338,9/3/2014,On Demand TV,-100.37,CA
7338,9/4/2014,On Demand TV,-34.85,CA
7338,9/4/2014,Pet Smart,-36.66,CA
7338,9/5/2014,Food Delivery - GrubHub,-109.47,CA
7338,9/6/2014,PlayStation Membership,-36.2,CA
7338,9/6/2014,Uber,-35.53,CA
7338,9/6/2014,Podcast Subscription,-14.87,CA
7338,9/6/2014,PlayStation Membership,-17.85,CA
7338,9/6/2014,Food Delivery - Uber Eats,-35.11,CA
7338,9/6/2014,Restaurant - Chinese,-23.87,CA
7338,9/6/2014,Food Delivery - Uber Eats,-22.17,CA
7338,9/6/2014,On Demand TV,-37.22,CA
7338,9/6/2014,Food Delivery - Uber Eats,-60.68,CA
7338,9/6/2014,Wine Delivery,-27.56,CA
7338,9/7/2014,Podcast Subscription,-16.7,CA
7338,9/7/2014,Red Box DVD Rental,-12.76,CA
7338,9/7/2014,Wine Delivery,-91.76,CA
7338,9/7/2014,Uber,-89.05,CA
7338,9/8/2014,Restaurant - Burgers,-28.7,CA
7338,9/9/2014,On Demand TV,-26.23,CA
7338,9/9/2014,Pet Supply - Cat Food,-111.48,CA
7338,9/9/2014,Uber,-3.84,CA
7338,9/9/2014,Podcast Subscription,-24.21,CA
7338,9/9/2014,On Demand TV,-7.63,CA
7338,9/9/2014,Starbucks Coffee,-13.13,CA
7338,9/9/2014,Public Transportation - Bus Pass,-34.05,CA
7338,9/10/2014,Red Box DVD Rental,-36.51,CA
7338,9/10/2014,Food Delivery - GrubHub,-3.56,CA
7338,9/10/2014,Restaurant - Burgers,-17.08,CA
7338,9/10/2014,Food Delivery - Uber Eats,-32.65,CA
7338,9/10/2014,Starbucks Coffee,-40.93,CA
7338,9/10/2014,Uber,-32.31,CA
7338,9/10/2014,Restaurant - Burgers,-65.77,CA
7338,9/10/2014,Pet Smart,-2.46,CA
7338,9/11/2014,Public Transportation - Bus Pass,-5.03,CA
7338,9/11/2014,Taxi,-108.25,CA
7338,9/11/2014,On Demand TV,-27.71,CA
7338,9/12/2014,Restaurant - Burgers,-29.23,CA
7338,9/12/2014,Red Box DVD Rental,-26.27,CA
7338,9/13/2014,Public Transportation - Train Pass,-7.24,CA
7338,9/13/2014,Public Transportation - Train Pass,-32.48,CA
7338,9/13/2014,Food Delivery - GrubHub,-27.92,CA
7338,9/14/2014,On Demand Movie,-14.83,CA
7338,9/14/2014,Food Delivery - GrubHub,-72.7,CA
7338,9/14/2014,Food Delivery - Uber Eats,-28.03,CA
7338,9/14/2014,Taxi,-12.16,CA
7338,9/15/2014,Podcast Subscription,-36.97,CA
7338,9/15/2014,On Demand Movie,-13.13,CA
7338,9/16/2014,PlayStation Membership,-6.1,CA
7338,9/17/2014,Lyft,-38.69,CA
7338,9/18/2014,Whole Foods,-17.13,CA
7338,9/18/2014,Taxi,-38.2,CA
7338,9/18/2014,Sprouts Market,-10.1,CA
7338,9/18/2014,Pet Smart,-25.44,CA
7338,9/19/2014,Pet Supply - Cat Food,-14.24,CA
7338,9/19/2014,Public Transportation - Bus Pass,-73.21,CA
7338,9/20/2014,Pet Supply - Cat Food,-17.3,CA
7338,9/20/2014,On Demand Movie,-9.81,CA
7338,9/20/2014,On Demand TV,-104.13,CA
7338,9/21/2014,Wine Delivery,-22.28,CA
7338,9/21/2014,Wine Delivery,-21.95,CA
7338,9/22/2014,Pet Smart,-72.82,CA
7338,9/22/2014,Restaurant - Pizza,-117.94,CA
7338,9/23/2014,Food Delivery - GrubHub,-0.04,CA
7338,9/24/2014,PlayStation Membership,-105.63,CA
7338,9/24/2014,Restaurant - Pizza,-71.09,CA
7338,9/24/2014,On Demand TV,-37.62,CA
7338,9/24/2014,On Demand TV,-0.43,CA
7338,9/24/2014,Uber,-2.46,CA
7338,9/24/2014,Public Transportation - Bus Pass,-31.28,CA
7338,9/24/2014,Public Transportation - Train Pass,-28.48,CA
7338,9/24/2014,Lyft,-21.15,CA
7338,9/25/2014,Wine Delivery,-18.29,CA
7338,9/25/2014,Ralph's Grocery Store,-0.28,CA
7338,9/26/2014,Podcast Subscription,-34.26,CA
7338,9/27/2014,Public Transportation - Train Pass,-84.75,CA
7338,9/28/2014,Sprouts Market,-32.43,CA
7338,9/28/2014,On Demand TV,-11.88,CA
7338,9/28/2014,Lyft,-70.97,CA
7338,9/29/2014,Red Box DVD Rental,-8.85,CA
7338,9/29/2014,On Demand Movie,-1.95,CA
7338,9/29/2014,Public Transportation - Train Pass,-109.92,CA
7338,9/30/2014,Pet Supply - Cat Food,-8.82,CA
7338,9/30/2014,Podcast Subscription,-17.04,CA
7338,9/30/2014,PlayStation Membership,-112.14,CA
7338,9/30/2014,Sprouts Market,-82.87,CA
7338,10/2/2014,Paycheck,3198,CA
7338,10/2/2014,Housing Rent,-1337,CA
7338,10/2/2014,Credit Card Payment,-154,CA
7338,10/2/2014,Time Warner Cable,-25,CA
7338,10/2/2014,PlayStation Membership,-11.47,CA
7338,10/2/2014,Restaurant - Chinese,-4.74,CA
7338,10/2/2014,Pet Smart,-9.4,CA
7338,10/2/2014,Pet Supply - Cat Food,-35.83,CA
7338,10/2/2014,Restaurant - Steakhouse,-37.18,CA
7338,10/2/2014,Lyft,-60.37,CA
7338,10/3/2014,Pet Supply - Cat Food,-2.28,CA
7338,10/4/2014,Food Delivery - GrubHub,-116.25,CA
7338,10/5/2014,Food Delivery - Uber Eats,-5.32,CA
7338,10/6/2014,PlayStation Membership,-39.2,CA
7338,10/7/2014,Lyft,-8.06,CA
7338,10/7/2014,Public Transportation - Bus Pass,-22.99,CA
7338,10/8/2014,Restaurant - Steakhouse,-14.84,CA
7338,10/9/2014,Wine Delivery,-65.26,CA
7338,10/9/2014,On Demand Movie,-6.09,CA
7338,10/9/2014,Red Box DVD Rental,-118.17,CA
7338,10/10/2014,Lyft,-24.93,CA
7338,10/11/2014,Pet Supply - Cat Food,-17.16,CA
7338,10/12/2014,Taxi,-39.82,CA
7338,10/12/2014,Sprouts Market,-11.41,CA
7338,10/12/2014,Food Delivery - GrubHub,-11.34,CA
7338,10/12/2014,Pet Smart,-25.62,CA
7338,10/13/2014,Lyft,-36.94,CA
7338,10/13/2014,Pet Smart,-6.01,CA
7338,10/14/2014,Lyft,-42.03,CA
7338,10/14/2014,Wine Delivery,-30.19,CA
7338,10/14/2014,Food Delivery - GrubHub,-12.39,CA
7338,10/14/2014,On Demand Movie,-16.11,CA
7338,10/15/2014,Wine Delivery,-14.39,CA
7338,10/15/2014,Ralph's Grocery Store,-97.06,CA
7338,10/16/2014,Restaurant - Pizza,-34.12,CA
7338,10/16/2014,Taxi,-36.64,CA
7338,10/17/2014,On Demand TV,-49.06,CA
7338,10/17/2014,On Demand Movie,-37.15,CA
7338,10/17/2014,Taxi,-104.2,CA
7338,10/18/2014,Pet Supply - Cat Food,-37.58,CA
7338,10/19/2014,Restaurant - Chinese,-19.49,CA
7338,10/20/2014,Uber,-13.52,CA
7338,10/20/2014,Von's Groceries,-38.07,CA
7338,10/20/2014,Food Delivery - GrubHub,-26.38,CA
7338,10/20/2014,Wine Delivery,-31.01,CA
7338,10/20/2014,Red Box DVD Rental,-94.02,CA
7338,10/20/2014,On Demand Movie,-31.22,CA
7338,10/20/2014,Pet Supply - Cat Food,-24.17,CA
7338,10/21/2014,Food Delivery - GrubHub,-66.89,CA
7338,10/21/2014,Red Box DVD Rental,-2.72,CA
7338,10/22/2014,On Demand Movie,-13.69,CA
7338,10/22/2014,Public Transportation - Train Pass,-9.19,CA
7338,10/23/2014,Public Transportation - Bus Pass,-19.61,CA
7338,10/23/2014,On Demand Movie,-15.92,CA
7338,10/24/2014,Podcast Subscription,-17.8,CA
7338,10/24/2014,Taxi,-7.87,CA
7338,10/25/2014,Restaurant - Pizza,-20.95,CA
7338,10/25/2014,Restaurant - Burgers,-40.26,CA
7338,10/26/2014,On Demand TV,-18.26,CA
7338,10/27/2014,On Demand TV,-19.2,CA
7338,10/28/2014,Restaurant - Steakhouse,-53.52,CA
7338,10/28/2014,Public Transportation - Train Pass,-36.93,CA
7338,10/28/2014,Podcast Subscription,-1.62,CA
7338,10/28/2014,Food Delivery - GrubHub,-41.48,CA
7338,10/28/2014,Food Delivery - GrubHub,-35.16,CA
7338,10/28/2014,Uber,-76.94,CA
7338,10/28/2014,Whole Foods,-35.79,CA
7338,10/28/2014,Pet Smart,-15.58,CA
7338,10/28/2014,Restaurant - Burgers,-25.15,CA
7338,10/28/2014,Public Transportation - Bus Pass,-16.77,CA
7338,10/29/2014,On Demand TV,-36.94,CA
7338,10/30/2014,On Demand TV,-6.5,CA
7338,10/30/2014,Red Box DVD Rental,-13.28,CA
7338,10/30/2014,Red Box DVD Rental,-19.53,CA
7338,10/30/2014,Uber,-63.9,CA
7338,11/2/2014,Paycheck,3198,CA
7338,11/2/2014,Housing Rent,-1014,CA
7338,11/2/2014,Credit Card Payment,-154,CA
7338,11/2/2014,Time Warner Cable,-25,CA
7338,11/2/2014,PlayStation Membership,-26.5,CA
7338,11/2/2014,Red Box DVD Rental,-19.81,CA
7338,11/3/2014,On Demand Movie,-22.38,CA
7338,11/3/2014,Wine Delivery,-6.31,CA
7338,11/3/2014,Ralph's Grocery Store,-75.16,CA
7338,11/3/2014,Uber,-2.79,CA
7338,11/3/2014,Food Delivery - Uber Eats,-14.06,CA
7338,11/3/2014,Public Transportation - Bus Pass,-8.74,CA
7338,11/4/2014,Restaurant - Steakhouse,-60.65,CA
7338,11/4/2014,On Demand TV,-38.73,CA
7338,11/5/2014,Uber,-14.74,CA
7338,11/5/2014,Von's Groceries,-26.92,CA
7338,11/6/2014,On Demand TV,-67.47,CA
7338,11/7/2014,Public Transportation - Train Pass,-24.09,CA
7338,11/7/2014,Food Delivery - GrubHub,-0.6,CA
7338,11/7/2014,Starbucks Coffee,-30.7,CA
7338,11/8/2014,On Demand TV,-17.03,CA
7338,11/9/2014,Food Delivery - GrubHub,-37.73,CA
7338,11/10/2014,Public Transportation - Train Pass,-9.56,CA
7338,11/11/2014,Restaurant - Chinese,-1.77,CA
7338,11/12/2014,Red Box DVD Rental,-20.33,CA
7338,11/12/2014,Pet Supply - Cat Food,-1.36,CA
7338,11/12/2014,Food Delivery - GrubHub,-38.71,CA
7338,11/13/2014,On Demand TV,-13.72,CA
7338,11/13/2014,Sprouts Market,-27.59,CA
7338,11/14/2014,On Demand TV,-53.08,CA
7338,11/14/2014,Food Delivery - GrubHub,-34.37,CA
7338,11/14/2014,Wine Delivery,-37.42,CA
7338,11/14/2014,Wine Delivery,-24.67,CA
7338,11/14/2014,Podcast Subscription,-10.14,CA
7338,11/15/2014,PlayStation Membership,-0.2,CA
7338,11/15/2014,Taxi,-22.91,CA
7338,11/15/2014,Ralph's Grocery Store,-13.25,CA
7338,11/15/2014,Pet Smart,-8.51,CA
7338,11/15/2014,Pet Smart,-4.78,CA
7338,11/15/2014,On Demand Movie,-48.73,CA
7338,11/15/2014,Pet Smart,-114,CA
7338,11/15/2014,Food Delivery - Uber Eats,-36.22,CA
7338,11/16/2014,On Demand TV,-73.17,CA
7338,11/16/2014,On Demand Movie,-12.26,CA
7338,11/16/2014,Pet Supply - Cat Food,-26.55,CA
7338,11/17/2014,Pet Supply - Cat Food,-37.78,CA
7338,11/17/2014,On Demand TV,-3.49,CA
7338,11/18/2014,Podcast Subscription,-29.15,CA
7338,11/18/2014,Food Delivery - Uber Eats,-11.42,CA
7338,11/19/2014,PlayStation Membership,-103.8,CA
7338,11/19/2014,Pet Smart,-85.36,CA
7338,11/19/2014,Wine Delivery,-13.96,CA
7338,11/20/2014,Red Box DVD Rental,-33.21,CA
7338,11/20/2014,Pet Smart,-5,CA
7338,11/20/2014,PlayStation Membership,-35.65,CA
7338,11/20/2014,On Demand Movie,-37.04,CA
7338,11/21/2014,Wine Delivery,-13.49,CA
7338,11/21/2014,Food Delivery - GrubHub,-115.6,CA
7338,11/21/2014,Ralph's Grocery Store,-16.65,CA
7338,11/21/2014,On Demand TV,-17.59,CA
7338,11/22/2014,PlayStation Membership,-21.8,CA
7338,11/22/2014,Restaurant - Chinese,-9.11,CA
7338,11/22/2014,Taxi,-98.84,CA
7338,11/22/2014,Lyft,-11.09,CA
7338,11/22/2014,Wine Delivery,-1.64,CA
7338,11/23/2014,Red Box DVD Rental,-98.9,CA
7338,11/24/2014,Von's Groceries,-9.66,CA
7338,11/24/2014,PlayStation Membership,-30.17,CA
7338,11/25/2014,Red Box DVD Rental,-6,CA
7338,11/26/2014,Red Box DVD Rental,-16.7,CA
7338,11/26/2014,On Demand Movie,-39.96,CA
7338,11/27/2014,Restaurant - Burgers,-4.08,CA
7338,11/27/2014,Wine Delivery,-28.27,CA
7338,11/27/2014,Sprouts Market,-71.13,CA
7338,11/27/2014,Food Delivery - Uber Eats,-71.3,CA
7338,11/27/2014,Pet Supply - Cat Food,-35.01,CA
7338,11/28/2014,Food Delivery - GrubHub,-46.45,CA
7338,11/28/2014,Food Delivery - Uber Eats,-9.04,CA
7338,11/28/2014,PlayStation Membership,-35.78,CA
7338,11/28/2014,Wine Delivery,-96.2,CA
7338,11/28/2014,Pet Smart,-28.44,CA
7338,11/28/2014,On Demand Movie,-28.85,CA
7338,11/28/2014,Sprouts Market,-11.57,CA
7338,11/28/2014,Uber,-25.41,CA
7338,11/28/2014,Food Delivery - GrubHub,-18.41,CA
7338,11/28/2014,Von's Groceries,-17.51,CA
7338,11/28/2014,Food Delivery - Uber Eats,-16.79,CA
7338,11/28/2014,PlayStation Membership,-33.69,CA
7338,11/29/2014,Taxi,-30.37,CA
7338,11/29/2014,Podcast Subscription,-2.3,CA
7338,11/29/2014,Food Delivery - Uber Eats,-22.49,CA
7338,11/29/2014,Lyft,-20.77,CA
7338,11/30/2014,Taxi,-37.6,CA
7338,12/2/2014,Paycheck,3198,CA
7338,12/2/2014,Housing Rent,-1059,CA
7338,12/2/2014,Credit Card Payment,-154,CA
7338,12/2/2014,Time Warner Cable,-25,CA
7338,12/2/2014,Food Delivery - GrubHub,-14.57,CA
7338,12/2/2014,Lyft,-5.06,CA
7338,12/2/2014,Public Transportation - Bus Pass,-42.93,CA
7338,12/2/2014,Red Box DVD Rental,-35.81,CA
7338,12/2/2014,Podcast Subscription,-39.79,CA
7338,12/2/2014,Lyft,-57.8,CA
7338,12/2/2014,Public Transportation - Bus Pass,-35.27,CA
7338,12/3/2014,On Demand TV,-9.47,CA
7338,12/3/2014,On Demand TV,-27.25,CA
7338,12/3/2014,PlayStation Membership,-38.78,CA
7338,12/3/2014,Pet Smart,-11.71,CA
7338,12/3/2014,Red Box DVD Rental,-26.85,CA
7338,12/3/2014,Food Delivery - Uber Eats,-31.1,CA
7338,12/3/2014,Pet Smart,-39.76,CA
7338,12/4/2014,On Demand Movie,-23.12,CA
7338,12/5/2014,On Demand TV,-8.86,CA
7338,12/5/2014,Food Delivery - Uber Eats,-36.71,CA
7338,12/5/2014,Lyft,-25.82,CA
7338,12/5/2014,Uber,-12.14,CA
7338,12/6/2014,On Demand TV,-37.27,CA
7338,12/6/2014,Podcast Subscription,-1.45,CA
7338,12/6/2014,PlayStation Membership,-18.69,CA
7338,12/6/2014,Public Transportation - Bus Pass,-32.81,CA
7338,12/6/2014,Pet Supply - Cat Food,-18.04,CA
7338,12/6/2014,Restaurant - Pizza,-30.09,CA
7338,12/7/2014,Red Box DVD Rental,-31.7,CA
7338,12/8/2014,Pet Supply - Cat Food,-14.69,CA
7338,12/9/2014,On Demand Movie,-20.71,CA
7338,12/9/2014,On Demand Movie,-6.42,CA
7338,12/9/2014,Starbucks Coffee,-31.87,CA
7338,12/9/2014,Food Delivery - GrubHub,-89.88,CA
7338,12/9/2014,Red Box DVD Rental,-36.79,CA
7338,12/9/2014,Pet Smart,-39.97,CA
7338,12/9/2014,Whole Foods,-6.11,CA
7338,12/9/2014,Pet Smart,-3.71,CA
7338,12/9/2014,Food Delivery - Uber Eats,-31.33,CA
7338,12/9/2014,Taxi,-9.88,CA
7338,12/9/2014,Pet Supply - Cat Food,-30.19,CA
7338,12/9/2014,Red Box DVD Rental,-23.78,CA
7338,12/9/2014,On Demand Movie,-22.56,CA
7338,12/10/2014,Pet Supply - Cat Food,-29.5,CA
7338,12/11/2014,On Demand TV,-3.61,CA
7338,12/11/2014,PlayStation Membership,-29.21,CA
7338,12/11/2014,On Demand TV,-9.51,CA
7338,12/11/2014,Wine Delivery,-35.63,CA
7338,12/11/2014,Food Delivery - GrubHub,-2.12,CA
7338,12/11/2014,Sprouts Market,-11.29,CA
7338,12/12/2014,Food Delivery - GrubHub,-10.15,CA
7338,12/13/2014,Pet Smart,-20.8,CA
7338,12/14/2014,On Demand TV,-63.71,CA
7338,12/14/2014,Pet Smart,-19.87,CA
7338,12/14/2014,Pet Supply - Cat Food,-55.23,CA
7338,12/14/2014,Pet Smart,-31.83,CA
7338,12/14/2014,Pet Supply - Cat Food,-23.97,CA
7338,12/14/2014,Starbucks Coffee,-12.81,CA
7338,12/15/2014,PlayStation Membership,-9.04,CA
7338,12/16/2014,Public Transportation - Bus Pass,-39.41,CA
7338,12/16/2014,On Demand Movie,-9.01,CA
7338,12/16/2014,Pet Smart,-14.77,CA
7338,12/16/2014,Von's Groceries,-26.41,CA
7338,12/17/2014,Pet Smart,-24.7,CA
7338,12/18/2014,PlayStation Membership,-35.44,CA
7338,12/18/2014,Food Delivery - GrubHub,-34.49,CA
7338,12/18/2014,Red Box DVD Rental,-25.08,CA
7338,12/19/2014,Pet Supply - Cat Food,-3.61,CA
7338,12/20/2014,Podcast Subscription,-18.29,CA
7338,12/20/2014,On Demand TV,-53.12,CA
7338,12/21/2014,PlayStation Membership,-31.01,CA
7338,12/21/2014,Pet Smart,-34.83,CA
7338,12/21/2014,Food Delivery - Uber Eats,-37.96,CA
7338,12/21/2014,Podcast Subscription,-29.09,CA
7338,12/22/2014,Whole Foods,-26.12,CA
7338,12/23/2014,Whole Foods,-6.66,CA
7338,12/23/2014,Food Delivery - Uber Eats,-10.88,CA
7338,12/24/2014,Ralph's Grocery Store,-62.4,CA
7338,12/24/2014,On Demand TV,-25.46,CA
7338,12/24/2014,Ralph's Grocery Store,-12.81,CA
7338,12/24/2014,Red Box DVD Rental,-116.5,CA
7338,12/24/2014,Podcast Subscription,-7.16,CA
7338,12/24/2014,On Demand Movie,-32.22,CA
7338,12/24/2014,Restaurant - Burgers,-5.85,CA
7338,12/24/2014,Podcast Subscription,-7.78,CA
7338,12/25/2014,On Demand TV,-5.19,CA
7338,12/25/2014,On Demand TV,-10,CA
7338,12/26/2014,Food Delivery - GrubHub,-35.64,CA
7338,12/27/2014,Red Box DVD Rental,-5.5,CA
7338,12/27/2014,Taxi,-5.39,CA
7338,12/28/2014,Uber,-11.4,CA
7338,12/28/2014,Pet Smart,-14.08,CA
7338,12/28/2014,Food Delivery - GrubHub,-35.43,CA
7338,12/29/2014,On Demand TV,-86.17,CA
7338,12/29/2014,Wine Delivery,-21.38,CA
7338,12/30/2014,Public Transportation - Train Pass,-4.67,CA
7338,12/30/2014,Pet Supply - Cat Food,-6.07,CA
7338,12/32/2014,Pet Supply - Cat Food,-3.48,CA
7338,12/32/2014,Pet Supply - Cat Food,-8.73,CA
7338,12/32/2014,Sprouts Market,-39.5,CA
