auth_id, Date, Vendor, Amount, Location 
1882,1/2/2013,Rodriguez's Bar and Grill,-6.56,CA
1882,1/2/2013,Public Transportation - Bus Pass,-35.69,CA
1882,1/2/2013,John's Bar & Restaurant,-13.85,CA
1882,1/2/2013,Public Transportation - Bus Pass,-32.06,CA
1882,1/2/2013,Taxi,-3.99,CA
1882,1/3/2013,Ice Skating Rink,-72.11,CA
1882,1/3/2013,Ice Skating Rink,-3.69,CA
1882,1/3/2013,Starbucks Coffee,-32.89,CA
1882,1/3/2013,Green Flash Brewery,-16.22,CA
1882,1/3/2013,Restaurant - Steakhouse,-16.92,CA
1882,1/4/2013,Seaside Bar,-20.82,CA
1882,1/5/2013,Wine Bar,-22.43,CA
1882,1/5/2013,Owl Night Club,-3.45,CA
1882,1/6/2013,Green Flash Brewery,-116.96,CA
1882,1/7/2013,Rodriguez's Bar and Grill,-4.33,CA
1882,1/8/2013,Taxi,-22.43,CA
1882,1/9/2013,Fisker Night Club,-18.29,CA
1882,1/9/2013,Uber,-33.49,CA
1882,1/9/2013,Whole Foods,-17.14,CA
1882,1/9/2013,Seaside Bar,-32.02,CA
1882,1/9/2013,Ralph's Grocery Store,-31.65,CA
1882,1/9/2013,Concert Ticket,-13.34,CA
1882,1/10/2013,Bowling,-25.02,CA
1882,1/10/2013,Public Transportation - Bus Pass,-61.39,CA
1882,1/11/2013,Concert Ticket,-26.47,CA
1882,1/11/2013,Ice Skating Rink,-29.51,CA
1882,1/11/2013,Owl Night Club,-95.63,CA
1882,1/11/2013,John's Bar & Restaurant,-32.3,CA
1882,1/12/2013,Seaside Bar,-8.8,CA
1882,1/12/2013,Concert Ticket,-15.1,CA
1882,1/12/2013,Food Delivery - GrubHub,-9.98,CA
1882,1/12/2013,Public Transportation - Bus Pass,-36.79,CA
1882,1/12/2013,Public Transportation - Train Pass,-35.29,CA
1882,1/12/2013,Restaurant - Chinese,-18.89,CA
1882,1/12/2013,Ice Skating Rink,-35.93,CA
1882,1/12/2013,Rodriguez's Bar and Grill,-6.1,CA
1882,1/13/2013,Uber,-60.6,CA
1882,1/14/2013,Whole Foods,-18.42,CA
1882,1/14/2013,Rodriguez's Bar and Grill,-34.16,CA
1882,1/14/2013,Public Transportation - Bus Pass,-92.59,CA
1882,1/14/2013,Public Transportation - Bus Pass,-19.41,CA
1882,1/14/2013,Whole Foods,-34.65,CA
1882,1/14/2013,John's Bar & Restaurant,-21.38,CA
1882,1/14/2013,Concert Ticket,-8.52,CA
1882,1/14/2013,Concert Ticket,-10.41,CA
1882,1/14/2013,Restaurant - Chinese,-16.13,CA
1882,1/14/2013,Owl Night Club,-20.12,CA
1882,1/14/2013,Green Flash Brewery,-111.2,CA
1882,1/14/2013,Bowling,-100.12,CA
1882,1/14/2013,Wine Bar,-3.41,CA
1882,1/14/2013,Ice Skating Rink,-25.22,CA
1882,1/15/2013,Sprouts Market,-30.91,CA
1882,1/16/2013,Sprouts Market,-39.78,CA
1882,1/16/2013,Starbucks Coffee,-9.82,CA
1882,1/17/2013,Bowling,-24.28,CA
1882,1/17/2013,Green Flash Brewery,-22.08,CA
1882,1/18/2013,Ralph's Grocery Store,-102.54,CA
1882,1/18/2013,Concert Ticket,-23.26,CA
1882,1/18/2013,Uber,-33.57,CA
1882,1/18/2013,Wine Bar,-32.8,CA
1882,1/19/2013,Restaurant - Pizza,-26.66,CA
1882,1/20/2013,Rodriguez's Bar and Grill,-28.68,CA
1882,1/21/2013,Lyft,-10.14,CA
1882,1/22/2013,Green Flash Brewery,-72.69,CA
1882,1/23/2013,Ralph's Grocery Store,-21.72,CA
1882,1/23/2013,Ice Skating Rink,-18.24,CA
1882,1/24/2013,Restaurant - Steakhouse,-38.98,CA
1882,1/24/2013,Green Flash Brewery,-83.23,CA
1882,1/24/2013,Ice Skating Rink,-0.34,CA
1882,1/24/2013,Whole Foods,-35.12,CA
1882,1/24/2013,Fisker Night Club,-35.76,CA
1882,1/24/2013,Whole Foods,-14.34,CA
1882,1/25/2013,Fisker Night Club,-2.89,CA
1882,1/26/2013,Wine Bar,-35.63,CA
1882,1/27/2013,Restaurant - Pizza,-37.21,CA
1882,1/27/2013,Public Transportation - Train Pass,-10.01,CA
1882,1/28/2013,Green Flash Brewery,-18.33,CA
1882,1/28/2013,Restaurant - Steakhouse,-22.01,CA
1882,1/29/2013,Bowling,-17.42,CA
1882,1/30/2013,Movie Ticket,-6.37,CA
1882,1/30/2013,Karaoke Bar,-12.99,CA
1882,1/30/2013,Movie Ticket,-19.98,CA
1882,1/30/2013,Rodriguez's Bar and Grill,-6.92,CA
1882,1/30/2013,Seaside Bar,-24.66,CA
1882,1/30/2013,Wine Bar,-43.43,CA
1882,3/2/2013,Housing Rent,-1250,CA
1882,3/2/2013,Navient - Student Loans,-197,CA
1882,3/2/2013,Credit Card Payment,-154,CA
1882,3/2/2013,Time Warner Cable,-25,CA
1882,3/2/2013,Netflix Subscription,-4.99,CA
1882,3/2/2013,Water & Sewer,-53,CA
1882,3/2/2013,ACS - Student Loans,-135,CA
1882,3/2/2013,Gas & Electric,-32,CA
1882,3/2/2013,Ralph's Grocery Store,-39.56,CA
1882,3/3/2013,Fisker Night Club,-113.43,CA
1882,3/4/2013,Lyft,-5.2,CA
1882,3/4/2013,Concert Ticket,-2.68,CA
1882,3/4/2013,Whole Foods,-27.79,CA
1882,3/4/2013,Public Transportation - Train Pass,-33.67,CA
1882,3/5/2013,Sprouts Market,-97.94,CA
1882,3/5/2013,Owl Night Club,-112.96,CA
1882,3/5/2013,Lyft,-64.21,CA
1882,3/6/2013,Karaoke Bar,-29.36,CA
1882,3/7/2013,Restaurant - Pizza,-18.65,CA
1882,3/7/2013,Wine Bar,-26.61,CA
1882,3/8/2013,Starbucks Coffee,-6.36,CA
1882,3/9/2013,Restaurant - Burgers,-104.37,CA
1882,3/10/2013,Bowling,-27.25,CA
1882,3/10/2013,Seaside Bar,-36.86,CA
1882,3/10/2013,Ralph's Grocery Store,-16.19,CA
1882,3/11/2013,Ice Skating Rink,-33.48,CA
1882,3/11/2013,Ralph's Grocery Store,-4,CA
1882,3/11/2013,Rodriguez's Bar and Grill,-21.32,CA
1882,3/12/2013,Fisker Night Club,-50.2,CA
1882,3/12/2013,Concert Ticket,-22.4,CA
1882,3/12/2013,Food Delivery - GrubHub,-24.35,CA
1882,3/12/2013,Restaurant - Chinese,-12.92,CA
1882,3/13/2013,Public Transportation - Train Pass,-31.44,CA
1882,3/14/2013,Movie Ticket,-35.89,CA
1882,3/14/2013,Karaoke Bar,-2.64,CA
1882,3/14/2013,Ralph's Grocery Store,-18.49,CA
1882,3/14/2013,Wine Bar,-33.27,CA
1882,3/14/2013,Ice Skating Rink,-83.09,CA
1882,3/14/2013,Rodriguez's Bar and Grill,-15.75,CA
1882,3/14/2013,Taxi,-36.36,CA
1882,3/14/2013,Restaurant - Steakhouse,-87.09,CA
1882,3/14/2013,Restaurant - Chinese,-30.91,CA
1882,3/14/2013,Fisker Night Club,-29.55,CA
1882,3/15/2013,Wine Bar,-15.51,CA
1882,3/15/2013,Wine Bar,-9.79,CA
1882,3/16/2013,Public Transportation - Train Pass,-24.68,CA
1882,3/17/2013,Public Transportation - Bus Pass,-38.03,CA
1882,3/17/2013,Seaside Bar,-3.79,CA
1882,3/18/2013,Movie Ticket,-27.89,CA
1882,3/18/2013,Taxi,-105.29,CA
1882,3/18/2013,John's Bar & Restaurant,-28.65,CA
1882,3/19/2013,Karaoke Bar,-33.6,CA
1882,3/20/2013,Wine Bar,-2.65,CA
1882,3/20/2013,Taxi,-72.45,CA
1882,3/20/2013,Uber,-79.37,CA
1882,3/20/2013,Food Delivery - GrubHub,-38.37,CA
1882,3/20/2013,Karaoke Bar,-0.68,CA
1882,3/20/2013,Green Flash Brewery,-65.35,CA
1882,3/21/2013,Owl Night Club,-8.63,CA
1882,3/21/2013,Ice Skating Rink,-23.43,CA
1882,3/21/2013,Green Flash Brewery,-0.1,CA
1882,3/21/2013,Taxi,-46.63,CA
1882,3/21/2013,Concert Ticket,-1.46,CA
1882,3/21/2013,Wine Bar,-27.57,CA
1882,3/21/2013,Ralph's Grocery Store,-12.04,CA
1882,3/22/2013,Whole Foods,-65.22,CA
1882,3/22/2013,Seaside Bar,-33.34,CA
1882,3/22/2013,Movie Ticket,-24.33,CA
1882,3/22/2013,Movie Ticket,-3.2,CA
1882,3/22/2013,Wine Bar,-36.77,CA
1882,3/23/2013,Ralph's Grocery Store,-23.51,CA
1882,3/23/2013,Green Flash Brewery,-39.79,CA
1882,3/23/2013,Movie Ticket,-18.68,CA
1882,3/23/2013,Concert Ticket,-8.36,CA
1882,3/24/2013,Restaurant - Steakhouse,-39.74,CA
1882,3/25/2013,Seaside Bar,-34.9,CA
1882,3/26/2013,Ice Skating Rink,-8.87,CA
1882,3/26/2013,Movie Ticket,-30.62,CA
1882,3/26/2013,Uber,-35.65,CA
1882,3/26/2013,Seaside Bar,-37.42,CA
1882,3/26/2013,Public Transportation - Train Pass,-15.25,CA
1882,3/27/2013,Restaurant - Chinese,-42.33,CA
1882,3/27/2013,Owl Night Club,-3.43,CA
1882,3/27/2013,Green Flash Brewery,-13.9,CA
1882,3/28/2013,Green Flash Brewery,-13.12,CA
1882,3/29/2013,Seaside Bar,-97.47,CA
1882,3/29/2013,Fisker Night Club,-3.91,CA
1882,3/30/2013,John's Bar & Restaurant,-39.38,CA
1882,3/30/2013,Taxi,-8.57,CA
1882,3/30/2013,Fisker Night Club,-24.16,CA
1882,3/30/2013,Whole Foods,-29.41,CA
1882,3/30/2013,Restaurant - Chinese,-21.72,CA
1882,3/30/2013,Concert Ticket,-21.95,CA
1882,3/30/2013,Bowling,-15.81,CA
1882,3/30/2013,Public Transportation - Bus Pass,-115.77,CA
1882,3/30/2013,Bowling,-77.67,CA
1882,3/30/2013,Owl Night Club,-115.24,CA
1882,3/30/2013,Movie Ticket,-0.73,CA
1882,4/2/2013,Housing Rent,-1395,CA
1882,4/2/2013,Navient - Student Loans,-197,CA
1882,4/2/2013,Credit Card Payment,-154,CA
1882,4/2/2013,Time Warner Cable,-25,CA
1882,4/2/2013,Netflix Subscription,-4.99,CA
1882,4/2/2013,Water & Sewer,-53,CA
1882,4/2/2013,ACS - Student Loans,-135,CA
1882,4/2/2013,Gas & Electric,-32,CA
1882,4/2/2013,Public Transportation - Bus Pass,-0.98,CA
1882,4/2/2013,Restaurant - Chinese,-14.95,CA
1882,4/2/2013,Ice Skating Rink,-27.8,CA
1882,4/2/2013,Seaside Bar,-26.97,CA
1882,4/2/2013,Green Flash Brewery,-0.79,CA
1882,4/3/2013,Public Transportation - Bus Pass,-29.96,CA
1882,4/3/2013,Fisker Night Club,-27.76,CA
1882,4/3/2013,Seaside Bar,-18.04,CA
1882,4/4/2013,Restaurant - Burgers,-13.88,CA
1882,4/4/2013,Lyft,-13.83,CA
1882,4/5/2013,Sprouts Market,-3.94,CA
1882,4/5/2013,Uber,-40.53,CA
1882,4/5/2013,Wine Bar,-38.74,CA
1882,4/6/2013,Movie Ticket,-12.37,CA
1882,4/6/2013,Public Transportation - Bus Pass,-18.44,CA
1882,4/7/2013,Wine Bar,-1.02,CA
1882,4/7/2013,Green Flash Brewery,-4.88,CA
1882,4/8/2013,Ralph's Grocery Store,-11.5,CA
1882,4/8/2013,Bowling,-4.53,CA
1882,4/9/2013,Bowling,-37.42,CA
1882,4/9/2013,Concert Ticket,-0.93,CA
1882,4/9/2013,Lyft,-16.73,CA
1882,4/9/2013,Public Transportation - Train Pass,-22.11,CA
1882,4/10/2013,Bowling,-0.22,CA
1882,4/11/2013,Movie Ticket,-103.07,CA
1882,4/12/2013,Concert Ticket,-25.21,CA
1882,4/13/2013,Fisker Night Club,-32.53,CA
1882,4/13/2013,Taxi,-2.38,CA
1882,4/13/2013,Seaside Bar,-30.6,CA
1882,4/13/2013,Fisker Night Club,-72.46,CA
1882,4/14/2013,Public Transportation - Bus Pass,-26.71,CA
1882,4/15/2013,Lyft,-2.46,CA
1882,4/16/2013,John's Bar & Restaurant,-8.09,CA
1882,4/16/2013,Food Delivery - GrubHub,-30.83,CA
1882,4/16/2013,John's Bar & Restaurant,-0.2,CA
1882,4/16/2013,Restaurant - Chinese,-99.06,CA
1882,4/17/2013,Owl Night Club,-96.46,CA
1882,4/18/2013,Fisker Night Club,-15.11,CA
1882,4/18/2013,Public Transportation - Train Pass,-114.28,CA
1882,4/18/2013,Concert Ticket,-37.67,CA
1882,4/18/2013,Seaside Bar,-0.67,CA
1882,4/18/2013,Green Flash Brewery,-64.44,CA
1882,4/19/2013,Owl Night Club,-23.94,CA
1882,4/19/2013,Uber,-22.91,CA
1882,4/20/2013,Food Delivery - GrubHub,-27.2,CA
1882,4/20/2013,Seaside Bar,-34.02,CA
1882,4/20/2013,Public Transportation - Bus Pass,-21.79,CA
1882,4/20/2013,Uber,-7.74,CA
1882,4/20/2013,Ice Skating Rink,-33.81,CA
1882,4/20/2013,Uber,-28.36,CA
1882,4/20/2013,Seaside Bar,-74.86,CA
1882,4/20/2013,Bowling,-28.91,CA
1882,4/20/2013,Lyft,-10.92,CA
1882,4/20/2013,Wine Bar,-54.84,CA
1882,4/20/2013,Fisker Night Club,-76.23,CA
1882,4/21/2013,Owl Night Club,-17.23,CA
1882,4/22/2013,Karaoke Bar,-25.26,CA
1882,4/22/2013,Bowling,-19.28,CA
1882,4/22/2013,Uber,-29.17,CA
1882,4/22/2013,Wine Bar,-21.96,CA
1882,4/22/2013,Lyft,-61.76,CA
1882,4/22/2013,Owl Night Club,-11.09,CA
1882,4/22/2013,Owl Night Club,-2.97,CA
1882,4/22/2013,Taxi,-38.41,CA
1882,4/22/2013,Lyft,-89.58,CA
1882,4/22/2013,Bowling,-26.75,CA
1882,4/23/2013,Restaurant - Pizza,-26.65,CA
1882,4/23/2013,Starbucks Coffee,-53.97,CA
1882,4/23/2013,Public Transportation - Train Pass,-66.79,CA
1882,4/23/2013,Owl Night Club,-20.77,CA
1882,4/23/2013,Whole Foods,-37.2,CA
1882,4/23/2013,Concert Ticket,-1.55,CA
1882,4/24/2013,Concert Ticket,-6.4,CA
1882,4/24/2013,Taxi,-30.86,CA
1882,4/24/2013,Sprouts Market,-27.24,CA
1882,4/25/2013,Seaside Bar,-0.28,CA
1882,4/26/2013,Restaurant - Pizza,-30.36,CA
1882,4/26/2013,Ice Skating Rink,-109.65,CA
1882,4/27/2013,Uber,-20.24,CA
1882,4/27/2013,Public Transportation - Bus Pass,-10.37,CA
1882,4/27/2013,Karaoke Bar,-35.55,CA
1882,4/27/2013,Lyft,-4.44,CA
1882,4/27/2013,Seaside Bar,-36.55,CA
1882,4/27/2013,Karaoke Bar,-93.64,CA
1882,4/27/2013,Owl Night Club,-17.8,CA
1882,4/28/2013,Green Flash Brewery,-22.72,CA
1882,4/28/2013,Starbucks Coffee,-106.49,CA
1882,4/29/2013,Von's Groceries,-0.76,CA
1882,4/30/2013,Green Flash Brewery,-12.76,CA
1882,4/30/2013,Uber,-31.67,CA
1882,4/30/2013,Fisker Night Club,-7.4,CA
1882,4/30/2013,Movie Ticket,-36.92,CA
1882,4/30/2013,Concert Ticket,-26.81,CA
1882,4/30/2013,Movie Ticket,-26.79,CA
1882,4/30/2013,Rodriguez's Bar and Grill,-25.68,CA
1882,5/2/2013,Housing Rent,-1270,CA
1882,5/2/2013,Navient - Student Loans,-197,CA
1882,5/2/2013,Credit Card Payment,-154,CA
1882,5/2/2013,Time Warner Cable,-25,CA
1882,5/2/2013,Netflix Subscription,-4.99,CA
1882,5/2/2013,Water & Sewer,-53,CA
1882,5/2/2013,ACS - Student Loans,-135,CA
1882,5/2/2013,Gas & Electric,-32,CA
1882,5/2/2013,Fisker Night Club,-20.93,CA
1882,5/3/2013,Lyft,-90.52,CA
1882,5/3/2013,Starbucks Coffee,-27.02,CA
1882,5/3/2013,Wine Bar,-22.71,CA
1882,5/3/2013,Karaoke Bar,-86.8,CA
1882,5/3/2013,Concert Ticket,-38.47,CA
1882,5/3/2013,Restaurant - Burgers,-30.21,CA
1882,5/4/2013,Lyft,-6.23,CA
1882,5/5/2013,Concert Ticket,-54.07,CA
1882,5/5/2013,Sprouts Market,-10.4,CA
1882,5/5/2013,Whole Foods,-106.3,CA
1882,5/5/2013,Bowling,-2.28,CA
1882,5/5/2013,Uber,-25.31,CA
1882,5/5/2013,John's Bar & Restaurant,-39.71,CA
1882,5/5/2013,Wine Bar,-7.54,CA
1882,5/5/2013,Seaside Bar,-34.44,CA
1882,5/5/2013,Karaoke Bar,-29.18,CA
1882,5/5/2013,Von's Groceries,-21.49,CA
1882,5/5/2013,Restaurant - Pizza,-81.35,CA
1882,5/5/2013,Sprouts Market,-6.93,CA
1882,5/6/2013,Bowling,-8.16,CA
1882,5/6/2013,Rodriguez's Bar and Grill,-28.82,CA
1882,5/6/2013,Green Flash Brewery,-4.6,CA
1882,5/6/2013,John's Bar & Restaurant,-101.23,CA
1882,5/6/2013,Movie Ticket,-9.76,CA
1882,5/6/2013,Restaurant - Pizza,-1.96,CA
1882,5/6/2013,Uber,-2.74,CA
1882,5/6/2013,Ralph's Grocery Store,-39.33,CA
1882,5/7/2013,Taxi,-36.83,CA
1882,5/8/2013,Uber,-7.62,CA
1882,5/8/2013,Owl Night Club,-50.04,CA
1882,5/8/2013,Public Transportation - Bus Pass,-34.27,CA
1882,5/8/2013,Seaside Bar,-31.8,CA
1882,5/9/2013,Ralph's Grocery Store,-6.87,CA
1882,5/9/2013,John's Bar & Restaurant,-23.11,CA
1882,5/9/2013,Bowling,-2.02,CA
1882,5/10/2013,Concert Ticket,-75.93,CA
1882,5/10/2013,Starbucks Coffee,-57.63,CA
1882,5/10/2013,Seaside Bar,-56.68,CA
1882,5/11/2013,Public Transportation - Bus Pass,-18.12,CA
1882,5/11/2013,Green Flash Brewery,-119.16,CA
1882,5/11/2013,Ice Skating Rink,-16.92,CA
1882,5/11/2013,Starbucks Coffee,-113.97,CA
1882,5/11/2013,Bowling,-39.76,CA
1882,5/11/2013,Ice Skating Rink,-33.91,CA
1882,5/12/2013,Movie Ticket,-0.02,CA
1882,5/13/2013,Public Transportation - Bus Pass,-19.8,CA
1882,5/14/2013,John's Bar & Restaurant,-20.59,CA
1882,5/15/2013,Movie Ticket,-15.79,CA
1882,5/15/2013,Seaside Bar,-23.45,CA
1882,5/15/2013,Movie Ticket,-6.47,CA
1882,5/15/2013,Taxi,-14.39,CA
1882,5/15/2013,Rodriguez's Bar and Grill,-103.82,CA
1882,5/16/2013,Von's Groceries,-3.93,CA
1882,5/16/2013,Seaside Bar,-33.96,CA
1882,5/16/2013,Restaurant - Chinese,-14.29,CA
1882,5/16/2013,Public Transportation - Bus Pass,-13.79,CA
1882,5/16/2013,Public Transportation - Bus Pass,-9.21,CA
1882,5/17/2013,Owl Night Club,-19.18,CA
1882,5/17/2013,Fisker Night Club,-32.89,CA
1882,5/17/2013,Wine Bar,-23.93,CA
1882,5/17/2013,Wine Bar,-43.01,CA
1882,5/17/2013,Concert Ticket,-14.79,CA
1882,5/17/2013,Rodriguez's Bar and Grill,-13.85,CA
1882,5/17/2013,Divorce Lawyer Fees,-4.92,CA
1882,5/17/2013,Comfort Inn,-13.37,CA
1882,5/17/2013,Best Western Hotel,-25.64,CA
1882,5/18/2013,Ralph's Grocery Store,-0.73,CA
1882,5/19/2013,Fisker Night Club,-95.5,CA
1882,5/20/2013,Lyft,-33,CA
1882,5/20/2013,Fisker Night Club,-36.76,CA
1882,5/20/2013,Von's Groceries,-22.74,CA
1882,5/20/2013,Restaurant - Steakhouse,-59.39,CA
1882,5/21/2013,John's Bar & Restaurant,-15.01,CA
1882,5/21/2013,Restaurant - Steakhouse,-38.72,CA
1882,5/21/2013,Restaurant - Burgers,-79.76,CA
1882,5/21/2013,Uber,-25.23,CA
1882,5/21/2013,Ralph's Grocery Store,-60.32,CA
1882,5/21/2013,Restaurant - Pizza,-16.96,CA
1882,5/21/2013,Public Transportation - Train Pass,-23.65,CA
1882,5/22/2013,Karaoke Bar,-8.16,CA
1882,5/23/2013,Restaurant - Pizza,-0.02,CA
1882,5/23/2013,Starbucks Coffee,-12.2,CA
1882,5/23/2013,Green Flash Brewery,-27.8,CA
1882,5/24/2013,Von's Groceries,-45.61,CA
1882,5/24/2013,Ralph's Grocery Store,-84.45,CA
1882,5/24/2013,Ice Skating Rink,-56.34,CA
1882,5/24/2013,Whole Foods,-4.43,CA
1882,5/25/2013,Seaside Bar,-38.52,CA
1882,5/25/2013,Wine Bar,-21.09,CA
1882,5/26/2013,Bowling,-19.19,CA
1882,5/27/2013,John's Bar & Restaurant,-22,CA
1882,5/27/2013,Restaurant - Burgers,-93.53,CA
1882,5/27/2013,Owl Night Club,-30.44,CA
1882,5/27/2013,Taxi,-39.2,CA
1882,5/27/2013,Uber,0,CA
1882,5/27/2013,Ice Skating Rink,-44.81,CA
1882,5/27/2013,Restaurant - Chinese,-12.99,CA
1882,5/27/2013,Starbucks Coffee,-9.14,CA
1882,5/27/2013,Karaoke Bar,-17.19,CA
1882,5/27/2013,Public Transportation - Bus Pass,-88.76,CA
1882,5/27/2013,Bowling,-37.03,CA
1882,5/28/2013,Taxi,-12.1,CA
1882,5/28/2013,Bowling,-6.83,CA
1882,5/28/2013,Food Delivery - GrubHub,-22.9,CA
1882,5/29/2013,Lyft,-1.58,CA
1882,5/30/2013,Lyft,-110.74,CA
1882,6/2/2013,Housing Rent,-912,CA
1882,6/2/2013,Navient - Student Loans,-197,CA
1882,6/2/2013,Credit Card Payment,-154,CA
1882,6/2/2013,Time Warner Cable,-25,CA
1882,6/2/2013,Netflix Subscription,-4.99,CA
1882,6/2/2013,Water & Sewer,-53,CA
1882,6/2/2013,ACS - Student Loans,-135,CA
1882,6/2/2013,Gas & Electric,-32,CA
1882,6/2/2013,Public Transportation - Bus Pass,-13.47,CA
1882,6/2/2013,Green Flash Brewery,-12.32,CA
1882,6/2/2013,Karaoke Bar,-116.31,CA
1882,6/3/2013,Movie Ticket,-1.37,CA
1882,6/3/2013,Rodriguez's Bar and Grill,-13.44,CA
1882,6/3/2013,Rodriguez's Bar and Grill,-10.49,CA
1882,6/4/2013,Bowling,-1.83,CA
1882,6/4/2013,Public Transportation - Train Pass,-105.72,CA
1882,6/5/2013,Bowling,-55.35,CA
1882,6/5/2013,Whole Foods,-4.66,CA
1882,6/6/2013,John's Bar & Restaurant,-6.62,CA
1882,6/6/2013,Restaurant - Steakhouse,-16.82,CA
1882,6/7/2013,Seaside Bar,-36.43,CA
1882,6/8/2013,Von's Groceries,-12.38,CA
1882,6/8/2013,Starbucks Coffee,-1.72,CA
1882,6/9/2013,Ice Skating Rink,-25.86,CA
1882,6/9/2013,Seaside Bar,-23.99,CA
1882,6/9/2013,Seaside Bar,-91.75,CA
1882,6/9/2013,Green Flash Brewery,-7.67,CA
1882,6/9/2013,Ralph's Grocery Store,-19.21,CA
1882,6/9/2013,Concert Ticket,-16.45,CA
1882,6/9/2013,Taxi,-19.29,CA
1882,6/9/2013,Owl Night Club,-117.85,CA
1882,6/10/2013,Wine Bar,-23.68,CA
1882,6/11/2013,Owl Night Club,-12.84,CA
1882,6/11/2013,Karaoke Bar,-7.23,CA
1882,6/11/2013,Whole Foods,-17.28,CA
1882,6/11/2013,Bowling,-30.3,CA
1882,6/11/2013,Concert Ticket,-20.46,CA
1882,6/11/2013,Rodriguez's Bar and Grill,-9.33,CA
1882,6/11/2013,Taxi,-10.67,CA
1882,6/11/2013,Von's Groceries,-33.26,CA
1882,6/11/2013,Owl Night Club,-26.23,CA
1882,6/11/2013,Movie Ticket,-1.47,CA
1882,6/11/2013,Public Transportation - Train Pass,-8.03,CA
1882,6/11/2013,Sprouts Market,-32.18,CA
1882,6/11/2013,Seaside Bar,-38.07,CA
1882,6/11/2013,Movie Ticket,-39.23,CA
1882,6/11/2013,Von's Groceries,-7.13,CA
1882,6/11/2013,Uber,-116.4,CA
1882,6/11/2013,Green Flash Brewery,-37.08,CA
1882,6/12/2013,Ralph's Grocery Store,-37.9,CA
1882,6/12/2013,Owl Night Club,-38.98,CA
1882,6/12/2013,Taxi,-33.75,CA
1882,6/13/2013,Amazon Order - Baby Crib,-32.32,CA
1882,6/13/2013,Hospital - Prenatal Care,-33.79,CA
1882,6/13/2013,Babies "R" Us,-16.07,CA
1882,6/13/2013,BuyBuyBaby.com,-31.19,CA
1882,6/13/2013,John's Bar & Restaurant,-18.69,CA
1882,6/13/2013,Food Delivery - GrubHub,-9.13,CA
1882,6/13/2013,Concert Ticket,-1.68,CA
1882,6/13/2013,Bowling,-14.03,CA
1882,6/13/2013,Taxi,-5.13,CA
1882,6/14/2013,Uber,-18.67,CA
1882,6/14/2013,Owl Night Club,-32.64,CA
1882,6/14/2013,Von's Groceries,-104.02,CA
1882,6/14/2013,Ice Skating Rink,-26.38,CA
1882,6/15/2013,Whole Foods,-28.57,CA
1882,6/16/2013,Fisker Night Club,-26.72,CA
1882,6/16/2013,Public Transportation - Train Pass,-17.9,CA
1882,6/16/2013,John's Bar & Restaurant,-0.98,CA
1882,6/16/2013,Restaurant - Chinese,-113.18,CA
1882,6/17/2013,Bowling,-24.78,CA
1882,6/18/2013,Restaurant - Pizza,-7.65,CA
1882,6/18/2013,Restaurant - Burgers,-1.14,CA
1882,6/19/2013,Fisker Night Club,-27.21,CA
1882,6/20/2013,Ice Skating Rink,-4.75,CA
1882,6/20/2013,Seaside Bar,-34.04,CA
1882,6/20/2013,Owl Night Club,-19.94,CA
1882,6/20/2013,Concert Ticket,-15.27,CA
1882,6/21/2013,Public Transportation - Bus Pass,-68.2,CA
1882,6/22/2013,Lyft,-47.96,CA
1882,6/22/2013,Von's Groceries,-30.3,CA
1882,6/23/2013,Seaside Bar,-10.48,CA
1882,6/23/2013,Lyft,-101.84,CA
1882,6/23/2013,Uber,-37.3,CA
1882,6/23/2013,Seaside Bar,-8.28,CA
1882,6/23/2013,Restaurant - Chinese,-42.31,CA
1882,6/23/2013,Wine Bar,-36.21,CA
1882,6/23/2013,Food Delivery - GrubHub,-4.26,CA
1882,6/23/2013,Restaurant - Chinese,-14.29,CA
1882,6/23/2013,Public Transportation - Bus Pass,-1.24,CA
1882,6/23/2013,Seaside Bar,-29.84,CA
1882,6/23/2013,Restaurant - Pizza,-32.37,CA
1882,6/24/2013,Wine Bar,-34.11,CA
1882,6/24/2013,Bowling,-43.11,CA
1882,6/24/2013,Concert Ticket,-0.51,CA
1882,6/25/2013,Seaside Bar,-32.4,CA
1882,6/25/2013,Owl Night Club,-28.29,CA
1882,6/25/2013,Seaside Bar,-2.76,CA
1882,6/25/2013,Public Transportation - Train Pass,-32.65,CA
1882,6/26/2013,Sprouts Market,-31.57,CA
1882,6/26/2013,Bowling,-71.68,CA
1882,6/27/2013,Public Transportation - Bus Pass,-11.99,CA
1882,6/27/2013,Taxi,-51.45,CA
1882,6/28/2013,Restaurant - Pizza,-47.71,CA
1882,6/28/2013,Sprouts Market,-4.88,CA
1882,6/28/2013,Owl Night Club,-19.59,CA
1882,6/29/2013,Food Delivery - GrubHub,-19.25,CA
1882,6/29/2013,Green Flash Brewery,-119.34,CA
1882,6/29/2013,Taxi,-26.58,CA
1882,6/30/2013,Bowling,-68.42,CA
1882,7/2/2013,Paycheck,3802,CA
1882,7/2/2013,Housing Rent,-936,CA
1882,7/2/2013,Navient - Student Loans,-197,CA
1882,7/2/2013,Credit Card Payment,-154,CA
1882,7/2/2013,Time Warner Cable,-25,CA
1882,7/2/2013,Netflix Subscription,-4.99,CA
1882,7/2/2013,Water & Sewer,-53,CA
1882,7/2/2013,ACS - Student Loans,-135,CA
1882,7/2/2013,Gas & Electric,-32,CA
1882,7/2/2013,Rodriguez's Bar and Grill,-11.14,CA
1882,7/2/2013,Owl Night Club,-65.21,CA
1882,7/3/2013,Owl Night Club,-37.68,CA
1882,7/3/2013,Owl Night Club,-1.09,CA
1882,7/3/2013,Uber,-31.62,CA
1882,7/3/2013,Owl Night Club,-7.84,CA
1882,7/3/2013,Concert Ticket,-2.01,CA
1882,7/3/2013,Taxi,-35.66,CA
1882,7/3/2013,Taxi,-32.83,CA
1882,7/3/2013,Bowling,-5.81,CA
1882,7/3/2013,Sprouts Market,-0.16,CA
1882,7/3/2013,Movie Ticket,-26.59,CA
1882,7/3/2013,Movie Ticket,-3.92,CA
1882,7/3/2013,Public Transportation - Bus Pass,-36.75,CA
1882,7/3/2013,Food Delivery - GrubHub,-20.09,CA
1882,7/3/2013,Whole Foods,-1,CA
1882,7/3/2013,Seaside Bar,-18.02,CA
1882,7/3/2013,Owl Night Club,-23.25,CA
1882,7/4/2013,Public Transportation - Bus Pass,-39.3,CA
1882,7/5/2013,Lyft,-57.98,CA
1882,7/6/2013,Seaside Bar,-18.64,CA
1882,7/7/2013,Green Flash Brewery,-15.89,CA
1882,7/7/2013,Ice Skating Rink,-13.18,CA
1882,7/8/2013,Owl Night Club,-11.67,CA
1882,7/8/2013,Public Transportation - Bus Pass,-109.69,CA
1882,7/8/2013,Movie Ticket,-3.58,CA
1882,7/8/2013,Rodriguez's Bar and Grill,-15.02,CA
1882,7/8/2013,Wine Bar,-87.04,CA
1882,7/8/2013,Public Transportation - Train Pass,-64.97,CA
1882,7/8/2013,Karaoke Bar,-24.49,CA
1882,7/8/2013,Movie Ticket,-27.16,CA
1882,7/8/2013,Bowling,-26.78,CA
1882,7/8/2013,Uber,-25.22,CA
1882,7/8/2013,Fisker Night Club,-34.63,CA
1882,7/9/2013,Food Delivery - GrubHub,-36.34,CA
1882,7/9/2013,Fisker Night Club,-20.79,CA
1882,7/9/2013,Movie Ticket,-4.29,CA
1882,7/10/2013,Lyft,-13.31,CA
1882,7/10/2013,Ice Skating Rink,-0.41,CA
1882,7/10/2013,Wine Bar,-14.86,CA
1882,7/11/2013,Starbucks Coffee,-23.51,CA
1882,7/11/2013,Karaoke Bar,-96.46,CA
1882,7/11/2013,Bowling,-67.76,CA
1882,7/11/2013,Bowling,-39.76,CA
1882,7/11/2013,Sprouts Market,-5.16,CA
1882,7/11/2013,John's Bar & Restaurant,-88.73,CA
1882,7/11/2013,Lyft,-28.49,CA
1882,7/11/2013,Uber,-1.38,CA
1882,7/11/2013,John's Bar & Restaurant,-5.59,CA
1882,7/11/2013,Sprouts Market,-12.03,CA
1882,7/11/2013,Taxi,-18.97,CA
1882,7/12/2013,John's Bar & Restaurant,-11.99,CA
1882,7/12/2013,Green Flash Brewery,-4.19,CA
1882,7/12/2013,Restaurant - Pizza,-27.31,CA
1882,7/13/2013,Seaside Bar,-61.22,CA
1882,7/13/2013,Seaside Bar,-30.95,CA
1882,7/13/2013,Restaurant - Burgers,-0.55,CA
1882,7/14/2013,Owl Night Club,-62.7,CA
1882,7/15/2013,Lyft,-24.42,CA
1882,7/15/2013,Restaurant - Chinese,-18.32,CA
1882,7/15/2013,John's Bar & Restaurant,-13.38,CA
1882,7/16/2013,Wine Bar,-5.64,CA
1882,7/16/2013,Von's Groceries,-20.32,CA
1882,7/16/2013,Whole Foods,-107.7,CA
1882,7/16/2013,Food Delivery - GrubHub,-35.14,CA
1882,7/16/2013,Green Flash Brewery,-10.28,CA
1882,7/17/2013,Fisker Night Club,-27.04,CA
1882,7/18/2013,Green Flash Brewery,-18.17,CA
1882,7/18/2013,Owl Night Club,-15.52,CA
1882,7/18/2013,Fisker Night Club,-13.71,CA
1882,7/18/2013,Public Transportation - Bus Pass,-48.61,CA
1882,7/18/2013,Sprouts Market,-28.56,CA
1882,7/19/2013,Owl Night Club,-35.72,CA
1882,7/20/2013,Wine Bar,-39.26,CA
1882,7/20/2013,Public Transportation - Train Pass,-37.47,CA
1882,7/20/2013,Bowling,-37.02,CA
1882,7/20/2013,Lyft,-10.05,CA
1882,7/20/2013,Taxi,-32.59,CA
1882,7/20/2013,Bowling,-11.45,CA
1882,7/20/2013,Rodriguez's Bar and Grill,-36.68,CA
1882,7/20/2013,Movie Ticket,-30.21,CA
1882,7/20/2013,Public Transportation - Train Pass,-35.5,CA
1882,7/21/2013,Seaside Bar,-9.19,CA
1882,7/22/2013,Lyft,-20.6,CA
1882,7/22/2013,Ralph's Grocery Store,-70.57,CA
1882,7/23/2013,Bowling,-34.86,CA
1882,7/23/2013,Restaurant - Steakhouse,-13.37,CA
1882,7/24/2013,Sprouts Market,-11.48,CA
1882,7/24/2013,Movie Ticket,-20.15,CA
1882,7/25/2013,Rodriguez's Bar and Grill,-21.89,CA
1882,7/25/2013,Seaside Bar,-100.4,CA
1882,7/25/2013,Ralph's Grocery Store,-99.57,CA
1882,7/25/2013,Ice Skating Rink,-116.52,CA
1882,7/26/2013,Public Transportation - Train Pass,-7.24,CA
1882,7/26/2013,Food Delivery - GrubHub,-6.77,CA
1882,7/26/2013,Concert Ticket,-14.12,CA
1882,7/26/2013,Wine Bar,-24.47,CA
1882,7/27/2013,Lyft,-119.04,CA
1882,7/27/2013,Fisker Night Club,-12.69,CA
1882,7/27/2013,Owl Night Club,-5.13,CA
1882,7/27/2013,Restaurant - Pizza,-43.93,CA
1882,7/28/2013,Rodriguez's Bar and Grill,-34.23,CA
1882,7/28/2013,Whole Foods,-17.18,CA
1882,7/28/2013,Seaside Bar,-57.17,CA
1882,7/28/2013,Lyft,-36.28,CA
1882,7/28/2013,Karaoke Bar,-29.88,CA
1882,7/28/2013,Concert Ticket,-16.71,CA
1882,7/28/2013,Rodriguez's Bar and Grill,-27.11,CA
1882,7/28/2013,Ice Skating Rink,-13.22,CA
1882,7/28/2013,Ice Skating Rink,-18.24,CA
1882,7/28/2013,Karaoke Bar,-110.62,CA
1882,7/29/2013,Public Transportation - Bus Pass,-92.75,CA
1882,7/30/2013,Fisker Night Club,-38.44,CA
1882,8/2/2013,Paycheck,3802,CA
1882,8/2/2013,Housing Rent,-926,CA
1882,8/2/2013,Navient - Student Loans,-197,CA
1882,8/2/2013,Credit Card Payment,-154,CA
1882,8/2/2013,Time Warner Cable,-25,CA
1882,8/2/2013,Netflix Subscription,-4.99,CA
1882,8/2/2013,Water & Sewer,-53,CA
1882,8/2/2013,ACS - Student Loans,-135,CA
1882,8/2/2013,Gas & Electric,-32,CA
1882,8/2/2013,Owl Night Club,-15.72,CA
1882,8/2/2013,Green Flash Brewery,-5.2,CA
1882,8/2/2013,Movie Ticket,-28.48,CA
1882,8/2/2013,Wine Bar,-19.34,CA
1882,8/2/2013,Concert Ticket,-25.55,CA
1882,8/3/2013,Fisker Night Club,-9.67,CA
1882,8/3/2013,Lyft,-25.77,CA
1882,8/4/2013,Uber,-0.5,CA
1882,8/4/2013,Whole Foods,-71.18,CA
1882,8/5/2013,Public Transportation - Train Pass,-35.92,CA
1882,8/5/2013,Food Delivery - GrubHub,-2.83,CA
1882,8/5/2013,Bowling,-24.38,CA
1882,8/6/2013,Restaurant - Burgers,-15.92,CA
1882,8/7/2013,Fisker Night Club,-1.24,CA
1882,8/7/2013,Fisker Night Club,-37.04,CA
1882,8/7/2013,Movie Ticket,-42.26,CA
1882,8/8/2013,Wine Bar,-33.46,CA
1882,8/9/2013,John's Bar & Restaurant,-21.38,CA
1882,8/9/2013,Whole Foods,-20.54,CA
1882,8/10/2013,Ice Skating Rink,-18.99,CA
1882,8/10/2013,Restaurant - Burgers,-12.42,CA
1882,8/11/2013,Lyft,-1.71,CA
1882,8/11/2013,Ice Skating Rink,-23.54,CA
1882,8/12/2013,Fisker Night Club,-32.25,CA
1882,8/12/2013,Taxi,-82.04,CA
1882,8/12/2013,John's Bar & Restaurant,-92.9,CA
1882,8/12/2013,Rodriguez's Bar and Grill,-9.92,CA
1882,8/12/2013,Green Flash Brewery,-37.15,CA
1882,8/12/2013,Fisker Night Club,-68.16,CA
1882,8/12/2013,Owl Night Club,-62.16,CA
1882,8/13/2013,Public Transportation - Bus Pass,-34.39,CA
1882,8/13/2013,Rodriguez's Bar and Grill,-22.91,CA
1882,8/13/2013,Public Transportation - Train Pass,-40.02,CA
1882,8/14/2013,John's Bar & Restaurant,-20.58,CA
1882,8/14/2013,Starbucks Coffee,-30.76,CA
1882,8/15/2013,Ralph's Grocery Store,-2.41,CA
1882,8/15/2013,Lyft,-23.96,CA
1882,8/15/2013,Karaoke Bar,-35.44,CA
1882,8/16/2013,Restaurant - Chinese,-81.71,CA
1882,8/16/2013,Karaoke Bar,-93.46,CA
1882,8/16/2013,Rodriguez's Bar and Grill,-36.75,CA
1882,8/16/2013,Rodriguez's Bar and Grill,-37.01,CA
1882,8/16/2013,John's Bar & Restaurant,-85.9,CA
1882,8/16/2013,Public Transportation - Bus Pass,-5.53,CA
1882,8/16/2013,Fisker Night Club,-35.72,CA
1882,8/16/2013,Taxi,-34.54,CA
1882,8/17/2013,Movie Ticket,-37.23,CA
1882,8/17/2013,Public Transportation - Train Pass,-26.48,CA
1882,8/18/2013,Food Delivery - GrubHub,-33.3,CA
1882,8/18/2013,Taxi,-13.75,CA
1882,8/19/2013,Restaurant - Burgers,-98.39,CA
1882,8/20/2013,Ralph's Grocery Store,-29.75,CA
1882,8/21/2013,Seaside Bar,-6.74,CA
1882,8/21/2013,Green Flash Brewery,-41.62,CA
1882,8/21/2013,Wine Bar,-102.28,CA
1882,8/22/2013,Karaoke Bar,-24.22,CA
1882,8/22/2013,Restaurant - Pizza,-13.96,CA
1882,8/22/2013,Lyft,-37.33,CA
1882,8/22/2013,Restaurant - Pizza,-24.64,CA
1882,8/23/2013,Bowling,-37.33,CA
1882,8/23/2013,Seaside Bar,-65.66,CA
1882,8/23/2013,Owl Night Club,-12.75,CA
1882,8/24/2013,Concert Ticket,-29.27,CA
1882,8/25/2013,Food Delivery - GrubHub,-32.69,CA
1882,8/26/2013,Uber,-23.19,CA
1882,8/26/2013,Restaurant - Burgers,-33.76,CA
1882,8/26/2013,Public Transportation - Bus Pass,-30.32,CA
1882,8/26/2013,Movie Ticket,-21.09,CA
1882,8/26/2013,Restaurant - Burgers,-25.76,CA
1882,8/26/2013,Restaurant - Chinese,-20.08,CA
1882,8/26/2013,Seaside Bar,-78.09,CA
1882,8/27/2013,Uber,-15.73,CA
1882,8/27/2013,Owl Night Club,-19.79,CA
1882,8/27/2013,Uber,-32.46,CA
1882,8/27/2013,Taxi,-10.14,CA
1882,8/28/2013,Taxi,-51.46,CA
1882,8/28/2013,Fisker Night Club,-98.54,CA
1882,8/28/2013,Karaoke Bar,-28.65,CA
1882,8/28/2013,Wine Bar,-0.54,CA
1882,8/28/2013,Owl Night Club,-12.44,CA
1882,8/29/2013,Concert Ticket,-30.82,CA
1882,8/29/2013,Kay Jewelry,-62.95,CA
1882,8/29/2013,Wedding Planner,-28.79,CA
1882,8/29/2013,Southwest Flights - Cancun,-6.81,CA
1882,8/29/2013,Cancun Beach Resort,-15.85,CA
1882,8/29/2013,Sprouts Market,-15.29,CA
1882,8/29/2013,Taxi,-90.71,CA
1882,8/29/2013,Rodriguez's Bar and Grill,-10.4,CA
1882,8/29/2013,Sprouts Market,-76.99,CA
1882,8/30/2013,Von's Groceries,-11.45,CA
1882,8/30/2013,Owl Night Club,-13.25,CA
1882,8/30/2013,Public Transportation - Bus Pass,-91.5,CA
1882,9/2/2013,Paycheck,3802,CA
1882,9/2/2013,Housing Rent,-1364,CA
1882,9/2/2013,Navient - Student Loans,-197,CA
1882,9/2/2013,Credit Card Payment,-154,CA
1882,9/2/2013,Time Warner Cable,-25,CA
1882,9/2/2013,Netflix Subscription,-4.99,CA
1882,9/2/2013,Water & Sewer,-53,CA
1882,9/2/2013,ACS - Student Loans,-135,CA
1882,9/2/2013,Gas & Electric,-32,CA
1882,9/2/2013,John's Bar & Restaurant,-15.16,CA
1882,9/3/2013,Whole Foods,-25.95,CA
1882,9/3/2013,Public Transportation - Train Pass,-113.41,CA
1882,9/3/2013,Fisker Night Club,-0.26,CA
1882,9/3/2013,Karaoke Bar,-4.74,CA
1882,9/3/2013,Owl Night Club,-19,CA
1882,9/3/2013,Karaoke Bar,-2.1,CA
1882,9/4/2013,Lyft,-60.56,CA
1882,9/4/2013,Restaurant - Pizza,-110.89,CA
1882,9/5/2013,Wine Bar,-1.24,CA
1882,9/6/2013,Bowling,-25.9,CA
1882,9/7/2013,Seaside Bar,-0.34,CA
1882,9/7/2013,Green Flash Brewery,-26.48,CA
1882,9/8/2013,Karaoke Bar,-12.02,CA
1882,9/8/2013,Green Flash Brewery,-37.5,CA
1882,9/9/2013,Seaside Bar,-20.25,CA
1882,9/10/2013,Von's Groceries,-24.25,CA
1882,9/10/2013,Concert Ticket,-2.4,CA
1882,9/10/2013,Concert Ticket,-13.18,CA
1882,9/10/2013,Sprouts Market,-3.41,CA
1882,9/10/2013,Public Transportation - Train Pass,-19.8,CA
1882,9/11/2013,Rodriguez's Bar and Grill,-35.49,CA
1882,9/11/2013,Ralph's Grocery Store,-7,CA
1882,9/12/2013,Ice Skating Rink,-5.03,CA
1882,9/12/2013,John's Bar & Restaurant,-29.41,CA
1882,9/12/2013,Movie Ticket,-22.92,CA
1882,9/13/2013,Seaside Bar,-50.31,CA
1882,9/14/2013,Taxi,-57.64,CA
1882,9/15/2013,Movie Ticket,-2.13,CA
1882,9/15/2013,Ice Skating Rink,-10.77,CA
1882,9/16/2013,Movie Ticket,-39.32,CA
1882,9/17/2013,Lyft,-34.09,CA
1882,9/17/2013,John's Bar & Restaurant,-8.96,CA
1882,9/18/2013,Owl Night Club,-35.97,CA
1882,9/18/2013,Food Delivery - GrubHub,-37.48,CA
1882,9/18/2013,Fisker Night Club,-15.77,CA
1882,9/18/2013,Von's Groceries,-23,CA
1882,9/18/2013,Uber,-39.87,CA
1882,9/18/2013,Taxi,-25.9,CA
1882,9/19/2013,Public Transportation - Train Pass,-34.35,CA
1882,9/19/2013,Owl Night Club,-101.34,CA
1882,9/19/2013,Uber,-28.91,CA
1882,9/19/2013,Taxi,-31.61,CA
1882,9/20/2013,Uber,-28.79,CA
1882,9/21/2013,Karaoke Bar,-18.08,CA
1882,9/22/2013,Restaurant - Chinese,-117.9,CA
1882,9/23/2013,Restaurant - Chinese,-36.43,CA
1882,9/23/2013,Ice Skating Rink,-16.83,CA
1882,9/23/2013,Food Delivery - GrubHub,-11.34,CA
1882,9/24/2013,Public Transportation - Train Pass,-27.98,CA
1882,9/24/2013,Karaoke Bar,-28.52,CA
1882,9/24/2013,Ralph's Grocery Store,-37.33,CA
1882,9/24/2013,Von's Groceries,-30.83,CA
1882,9/24/2013,Restaurant - Pizza,-1.31,CA
1882,9/24/2013,Wine Bar,-31.03,CA
1882,9/24/2013,Taxi,-31.73,CA
1882,9/24/2013,Uber,-24.68,CA
1882,9/24/2013,Wine Bar,-28.86,CA
1882,9/24/2013,Movie Ticket,-8.04,CA
1882,9/25/2013,Whole Foods,-32.6,CA
1882,9/25/2013,Restaurant - Chinese,-1.76,CA
1882,9/26/2013,Sprouts Market,-35.49,CA
1882,9/26/2013,John's Bar & Restaurant,-12.11,CA
1882,9/26/2013,Taxi,-34.04,CA
1882,9/26/2013,Von's Groceries,-55.89,CA
1882,9/26/2013,Lyft,-7.97,CA
1882,9/26/2013,Taxi,-62.74,CA
1882,9/27/2013,Uber,-31.12,CA
1882,9/27/2013,Rodriguez's Bar and Grill,-27.12,CA
1882,9/28/2013,Owl Night Club,-30.87,CA
1882,9/28/2013,Lyft,-36.99,CA
1882,9/28/2013,Restaurant - Chinese,-72.99,CA
1882,9/28/2013,John's Bar & Restaurant,-15.5,CA
1882,9/28/2013,Ice Skating Rink,-34.3,CA
1882,9/28/2013,Green Flash Brewery,-5.31,CA
1882,9/28/2013,Fisker Night Club,-2.54,CA
1882,9/28/2013,John's Bar & Restaurant,-26,CA
1882,9/28/2013,Green Flash Brewery,-1.47,CA
1882,9/28/2013,Concert Ticket,-28.99,CA
1882,9/29/2013,Concert Ticket,-1.91,CA
1882,9/29/2013,Green Flash Brewery,-27.67,CA
1882,9/29/2013,Wine Bar,-26.77,CA
1882,9/29/2013,Seaside Bar,-35.72,CA
1882,9/29/2013,Karaoke Bar,-8.69,CA
1882,9/29/2013,John's Bar & Restaurant,-18.42,CA
1882,9/29/2013,Green Flash Brewery,-38.09,CA
1882,9/29/2013,Karaoke Bar,-99.49,CA
1882,9/30/2013,Wine Bar,-14.65,CA
1882,9/30/2013,Restaurant - Pizza,-21.77,CA
1882,10/2/2013,Paycheck,3802,CA
1882,10/2/2013,Housing Rent,-1357,CA
1882,10/2/2013,Navient - Student Loans,-197,CA
1882,10/2/2013,Credit Card Payment,-154,CA
1882,10/2/2013,Time Warner Cable,-25,CA
1882,10/2/2013,Netflix Subscription,-4.99,CA
1882,10/2/2013,Water & Sewer,-53,CA
1882,10/2/2013,ACS - Student Loans,-135,CA
1882,10/2/2013,Gas & Electric,-32,CA
1882,10/2/2013,Restaurant - Pizza,-34.38,CA
1882,10/2/2013,Ice Skating Rink,-17.6,CA
1882,10/2/2013,Lyft,-39.77,CA
1882,10/2/2013,Ice Skating Rink,-19.26,CA
1882,10/3/2013,Lyft,-4.85,CA
1882,10/3/2013,Movie Ticket,-23.03,CA
1882,10/3/2013,Wine Bar,-23.38,CA
1882,10/4/2013,Von's Groceries,-22.67,CA
1882,10/4/2013,Rodriguez's Bar and Grill,-6.07,CA
1882,10/5/2013,Whole Foods,-3.04,CA
1882,10/5/2013,Sprouts Market,-110.31,CA
1882,10/5/2013,John's Bar & Restaurant,-3.3,CA
1882,10/5/2013,Wine Bar,-18.81,CA
1882,10/6/2013,Restaurant - Chinese,-37.22,CA
1882,10/7/2013,Concert Ticket,-26.72,CA
1882,10/7/2013,Owl Night Club,-37.78,CA
1882,10/7/2013,Public Transportation - Train Pass,-13.38,CA
1882,10/8/2013,Starbucks Coffee,-21.8,CA
1882,10/8/2013,Concert Ticket,-24.43,CA
1882,10/8/2013,Seaside Bar,-12.7,CA
1882,10/9/2013,Fisker Night Club,-13.53,CA
1882,10/9/2013,Public Transportation - Bus Pass,-18.75,CA
1882,10/9/2013,Public Transportation - Bus Pass,-22.25,CA
1882,10/10/2013,Uber,-30.29,CA
1882,10/10/2013,Green Flash Brewery,-19.01,CA
1882,10/10/2013,Bowling,-4.59,CA
1882,10/10/2013,Karaoke Bar,-4.3,CA
1882,10/11/2013,Public Transportation - Train Pass,-19.95,CA
1882,10/11/2013,John's Bar & Restaurant,-6.28,CA
1882,10/12/2013,Ralph's Grocery Store,-20.89,CA
1882,10/13/2013,Owl Night Club,-37.55,CA
1882,10/13/2013,Owl Night Club,-14.48,CA
1882,10/13/2013,Rodriguez's Bar and Grill,-17.22,CA
1882,10/14/2013,Owl Night Club,-38.99,CA
1882,10/14/2013,John's Bar & Restaurant,-35.41,CA
1882,10/14/2013,Wine Bar,-12.92,CA
1882,10/15/2013,Concert Ticket,-23.29,CA
1882,10/15/2013,Movie Ticket,-36.84,CA
1882,10/15/2013,Uber,-25.88,CA
1882,10/15/2013,Lyft,-119.7,CA
1882,10/15/2013,Green Flash Brewery,-114.44,CA
1882,10/15/2013,Movie Ticket,-36.83,CA
1882,10/15/2013,Whole Foods,-9.17,CA
1882,10/15/2013,Public Transportation - Train Pass,-107.14,CA
1882,10/15/2013,Ralph's Grocery Store,-23.98,CA
1882,10/15/2013,Seaside Bar,-38.73,CA
1882,10/15/2013,Restaurant - Chinese,-25.4,CA
1882,10/15/2013,Karaoke Bar,-10.53,CA
1882,10/15/2013,Fisker Night Club,-36.18,CA
1882,10/15/2013,Wine Bar,-0.73,CA
1882,10/15/2013,Karaoke Bar,-1.7,CA
1882,10/15/2013,Whole Foods,-12.39,CA
1882,10/15/2013,Ice Skating Rink,-30.38,CA
1882,10/15/2013,Ralph's Grocery Store,-13.18,CA
1882,10/15/2013,Seaside Bar,-7.67,CA
1882,10/16/2013,Sprouts Market,-37.2,CA
1882,10/16/2013,Wine Bar,-24.15,CA
1882,10/16/2013,Lyft,-0.41,CA
1882,10/16/2013,Karaoke Bar,-25.12,CA
1882,10/17/2013,Public Transportation - Bus Pass,-78.89,CA
1882,10/17/2013,Owl Night Club,-25.02,CA
1882,10/18/2013,Food Delivery - GrubHub,-25.95,CA
1882,10/19/2013,Wine Bar,-0.33,CA
1882,10/19/2013,John's Bar & Restaurant,-18.68,CA
1882,10/19/2013,Ralph's Grocery Store,-34.87,CA
1882,10/20/2013,Movie Ticket,-5.7,CA
1882,10/20/2013,Concert Ticket,-32.33,CA
1882,10/21/2013,Lyft,-94.11,CA
1882,10/21/2013,Wine Bar,-39.02,CA
1882,10/22/2013,Restaurant - Steakhouse,-23.08,CA
1882,10/23/2013,Concert Ticket,-17.38,CA
1882,10/23/2013,Owl Night Club,-84.44,CA
1882,10/24/2013,Rodriguez's Bar and Grill,-36.99,CA
1882,10/25/2013,Karaoke Bar,-16.13,CA
1882,10/25/2013,Ice Skating Rink,-10.88,CA
1882,10/26/2013,Food Delivery - GrubHub,-27.17,CA
1882,10/26/2013,John's Bar & Restaurant,-34.49,CA
1882,10/27/2013,John's Bar & Restaurant,-8.72,CA
1882,10/27/2013,Owl Night Club,-38.51,CA
1882,10/27/2013,Ralph's Grocery Store,-89.87,CA
1882,10/27/2013,Wine Bar,-31.79,CA
1882,10/27/2013,Public Transportation - Train Pass,-3.46,CA
1882,10/27/2013,Ice Skating Rink,-1.47,CA
1882,10/27/2013,Fisker Night Club,-34.55,CA
1882,10/28/2013,John's Bar & Restaurant,-26.51,CA
1882,10/28/2013,Fisker Night Club,-31.06,CA
1882,10/29/2013,Wine Bar,-33.88,CA
1882,10/29/2013,Restaurant - Burgers,-22.65,CA
1882,10/30/2013,Rodriguez's Bar and Grill,-62.51,CA
1882,10/30/2013,Wine Bar,-16.93,CA
1882,11/2/2013,Paycheck,3802,CA
1882,11/2/2013,Housing Rent,-828,CA
1882,11/2/2013,Navient - Student Loans,-197,CA
1882,11/2/2013,Credit Card Payment,-154,CA
1882,11/2/2013,Time Warner Cable,-25,CA
1882,11/2/2013,Netflix Subscription,-4.99,CA
1882,11/2/2013,Water & Sewer,-53,CA
1882,11/2/2013,ACS - Student Loans,-135,CA
1882,11/2/2013,Gas & Electric,-32,CA
1882,11/2/2013,Public Transportation - Bus Pass,-32.47,CA
1882,11/2/2013,Restaurant - Chinese,-20.35,CA
1882,11/2/2013,Restaurant - Burgers,-24.58,CA
1882,11/2/2013,Public Transportation - Train Pass,-6.68,CA
1882,11/2/2013,Movie Ticket,-29.81,CA
1882,11/2/2013,Public Transportation - Bus Pass,-2.47,CA
1882,11/3/2013,Rodriguez's Bar and Grill,-10.54,CA
1882,11/3/2013,Karaoke Bar,-87.24,CA
1882,11/3/2013,Movie Ticket,-20.58,CA
1882,11/4/2013,Public Transportation - Bus Pass,-116.22,CA
1882,11/4/2013,John's Bar & Restaurant,-12.64,CA
1882,11/5/2013,Sprouts Market,-4.87,CA
1882,11/6/2013,Concert Ticket,-29.24,CA
1882,11/7/2013,Public Transportation - Train Pass,-22.55,CA
1882,11/7/2013,John's Bar & Restaurant,-81.09,CA
1882,11/8/2013,Rodriguez's Bar and Grill,-119.42,CA
1882,11/8/2013,Uber,-10.22,CA
1882,11/8/2013,Concert Ticket,-10.61,CA
1882,11/9/2013,John's Bar & Restaurant,-75.68,CA
1882,11/9/2013,Bowling,-36.64,CA
1882,11/9/2013,Uber,-13.95,CA
1882,11/9/2013,Sprouts Market,-27.16,CA
1882,11/9/2013,Sprouts Market,-36.81,CA
1882,11/10/2013,Restaurant - Steakhouse,-21.55,CA
1882,11/10/2013,Uber,-27.51,CA
1882,11/11/2013,Bowling,-9.8,CA
1882,11/12/2013,Restaurant - Burgers,-2.86,CA
1882,11/12/2013,Uber,-21.39,CA
1882,11/12/2013,Starbucks Coffee,-38.72,CA
1882,11/12/2013,Fisker Night Club,-109.35,CA
1882,11/13/2013,Rodriguez's Bar and Grill,-35.02,CA
1882,11/13/2013,Public Transportation - Bus Pass,-10.77,CA
1882,11/14/2013,Taxi,-89.67,CA
1882,11/14/2013,John's Bar & Restaurant,-25.31,CA
1882,11/14/2013,Green Flash Brewery,-30.05,CA
1882,11/14/2013,John's Bar & Restaurant,-25.37,CA
1882,11/14/2013,Wine Bar,-20.02,CA
1882,11/14/2013,John's Bar & Restaurant,-28.53,CA
1882,11/14/2013,Restaurant - Chinese,-22.21,CA
1882,11/14/2013,Bowling,-8.06,CA
1882,11/14/2013,Public Transportation - Bus Pass,-72,CA
1882,11/15/2013,Green Flash Brewery,-26.95,CA
1882,11/15/2013,Karaoke Bar,-26.17,CA
1882,11/15/2013,Uber,-68.72,CA
1882,11/16/2013,Wine Bar,-85.37,CA
1882,11/17/2013,John's Bar & Restaurant,-8.21,CA
1882,11/17/2013,Green Flash Brewery,-38.71,CA
1882,11/17/2013,Owl Night Club,-16.37,CA
1882,11/17/2013,Wine Bar,-18.12,CA
1882,11/17/2013,Green Flash Brewery,-4.85,CA
1882,11/17/2013,Sprouts Market,-10.66,CA
1882,11/17/2013,Rodriguez's Bar and Grill,-111.41,CA
1882,11/18/2013,Green Flash Brewery,-97.62,CA
1882,11/18/2013,Wine Bar,-4.84,CA
1882,11/18/2013,Seaside Bar,-30.95,CA
1882,11/19/2013,Seaside Bar,-27.22,CA
1882,11/20/2013,Ice Skating Rink,-32.78,CA
1882,11/20/2013,Fisker Night Club,-37.57,CA
1882,11/20/2013,Concert Ticket,-11.03,CA
1882,11/20/2013,Bowling,-14.57,CA
1882,11/20/2013,Rodriguez's Bar and Grill,-18.51,CA
1882,11/20/2013,Restaurant - Steakhouse,-36.19,CA
1882,11/21/2013,Rodriguez's Bar and Grill,-44.61,CA
1882,11/21/2013,Restaurant - Burgers,-31.77,CA
1882,11/22/2013,Wine Bar,-14.53,CA
1882,11/23/2013,Public Transportation - Bus Pass,-31.88,CA
1882,11/23/2013,Owl Night Club,-16.03,CA
1882,11/24/2013,Green Flash Brewery,-2.39,CA
1882,11/25/2013,Owl Night Club,-34.78,CA
1882,11/26/2013,Wine Bar,-34.32,CA
1882,11/27/2013,John's Bar & Restaurant,-9.75,CA
1882,11/27/2013,Karaoke Bar,-13.17,CA
1882,11/27/2013,Green Flash Brewery,-9.59,CA
1882,11/27/2013,Whole Foods,-14.05,CA
1882,11/28/2013,Movie Ticket,-28.98,CA
1882,11/28/2013,Taxi,-1.89,CA
1882,11/29/2013,Seaside Bar,-4.93,CA
1882,11/30/2013,Restaurant - Chinese,-22.22,CA
1882,12/2/2013,Paycheck,3802,CA
1882,12/2/2013,Housing Rent,-1048,CA
1882,12/2/2013,Navient - Student Loans,-197,CA
1882,12/2/2013,Credit Card Payment,-154,CA
1882,12/2/2013,Time Warner Cable,-25,CA
1882,12/2/2013,Netflix Subscription,-4.99,CA
1882,12/2/2013,Water & Sewer,-53,CA
1882,12/2/2013,ACS - Student Loans,-135,CA
1882,12/2/2013,Gas & Electric,-32,CA
1882,12/2/2013,Ralph's Grocery Store,-75.68,CA
1882,12/2/2013,Rodriguez's Bar and Grill,-5.06,CA
1882,12/2/2013,Food Delivery - GrubHub,-5.14,CA
1882,12/2/2013,Ice Skating Rink,-3.22,CA
1882,12/3/2013,Restaurant - Pizza,-23.74,CA
1882,12/3/2013,Taxi,-9.95,CA
1882,12/4/2013,Wine Bar,-32.57,CA
1882,12/4/2013,Movie Ticket,-106.66,CA
1882,12/4/2013,Karaoke Bar,-119.62,CA
1882,12/4/2013,Lyft,-39.15,CA
1882,12/4/2013,Wine Bar,-25.85,CA
1882,12/4/2013,Restaurant - Pizza,-4.3,CA
1882,12/4/2013,Whole Foods,-30.19,CA
1882,12/4/2013,Restaurant - Pizza,-10.27,CA
1882,12/5/2013,Restaurant - Steakhouse,-18.67,CA
1882,12/5/2013,Green Flash Brewery,-7.6,CA
1882,12/6/2013,Public Transportation - Train Pass,-37.63,CA
1882,12/6/2013,Lyft,-76.19,CA
1882,12/7/2013,Public Transportation - Train Pass,-0.73,CA
1882,12/7/2013,Owl Night Club,-80.2,CA
1882,12/7/2013,Lyft,-4.67,CA
1882,12/8/2013,Taxi,-7.1,CA
1882,12/8/2013,Green Flash Brewery,-31.54,CA
1882,12/8/2013,Bowling,-66.34,CA
1882,12/9/2013,Movie Ticket,-26.88,CA
1882,12/9/2013,Rodriguez's Bar and Grill,-3.3,CA
1882,12/9/2013,Concert Ticket,-36.05,CA
1882,12/9/2013,Movie Ticket,-27.13,CA
1882,12/9/2013,Ice Skating Rink,-14.57,CA
1882,12/10/2013,Public Transportation - Bus Pass,-35.39,CA
1882,12/10/2013,Public Transportation - Bus Pass,-51.68,CA
1882,12/11/2013,Owl Night Club,-38.45,CA
1882,12/11/2013,Green Flash Brewery,-19.23,CA
1882,12/11/2013,Rodriguez's Bar and Grill,-78.52,CA
1882,12/11/2013,Green Flash Brewery,-23.68,CA
1882,12/11/2013,Ice Skating Rink,-17.55,CA
1882,12/11/2013,Restaurant - Chinese,-16.89,CA
1882,12/11/2013,Restaurant - Pizza,-26.02,CA
1882,12/11/2013,Restaurant - Chinese,-119.41,CA
1882,12/12/2013,Taxi,-20.15,CA
1882,12/12/2013,Rodriguez's Bar and Grill,-39.06,CA
1882,12/13/2013,Green Flash Brewery,-21.29,CA
1882,12/13/2013,Green Flash Brewery,-14.11,CA
1882,12/13/2013,Bowling,-37.51,CA
1882,12/14/2013,Public Transportation - Bus Pass,-20.23,CA
1882,12/14/2013,Karaoke Bar,-59.79,CA
1882,12/14/2013,Rodriguez's Bar and Grill,-17.51,CA
1882,12/14/2013,Movie Ticket,-6.91,CA
1882,12/14/2013,Fisker Night Club,-13.54,CA
1882,12/14/2013,Bowling,-33.5,CA
1882,12/15/2013,Movie Ticket,-82.74,CA
1882,12/15/2013,Lyft,-11.05,CA
1882,12/15/2013,Fisker Night Club,-16.88,CA
1882,12/15/2013,Taxi,-34.56,CA
1882,12/15/2013,Sprouts Market,-3.04,CA
1882,12/16/2013,Fisker Night Club,-35.87,CA
1882,12/16/2013,Wine Bar,-15.58,CA
1882,12/16/2013,Concert Ticket,-34.63,CA
1882,12/16/2013,Public Transportation - Train Pass,-112.38,CA
1882,12/16/2013,Rodriguez's Bar and Grill,-34.21,CA
1882,12/16/2013,Fisker Night Club,-8.1,CA
1882,12/16/2013,Lyft,-37.35,CA
1882,12/16/2013,Ice Skating Rink,-6.53,CA
1882,12/16/2013,Ice Skating Rink,-19.32,CA
1882,12/17/2013,Public Transportation - Bus Pass,-3.62,CA
1882,12/17/2013,Starbucks Coffee,-95.38,CA
1882,12/17/2013,Ice Skating Rink,-113.21,CA
1882,12/18/2013,Restaurant - Pizza,-29.76,CA
1882,12/19/2013,Fisker Night Club,-73.35,CA
1882,12/19/2013,Karaoke Bar,-36.31,CA
1882,12/19/2013,Green Flash Brewery,-1.67,CA
1882,12/19/2013,Sprouts Market,-37.91,CA
1882,12/19/2013,Whole Foods,-33.74,CA
1882,12/19/2013,Food Delivery - GrubHub,-82.34,CA
1882,12/19/2013,Taxi,-27.25,CA
1882,12/19/2013,Public Transportation - Train Pass,-33.01,CA
1882,12/19/2013,Ralph's Grocery Store,-10.86,CA
1882,12/20/2013,Ice Skating Rink,-10.28,CA
1882,12/20/2013,Ice Skating Rink,-31.43,CA
1882,12/20/2013,Rodriguez's Bar and Grill,-2.07,CA
1882,12/20/2013,Ralph's Grocery Store,-116.62,CA
1882,12/20/2013,Public Transportation - Train Pass,-17.62,CA
1882,12/20/2013,Rodriguez's Bar and Grill,-17.02,CA
1882,12/21/2013,Wine Bar,-3.69,CA
1882,12/21/2013,John's Bar & Restaurant,-109.69,CA
1882,12/22/2013,Restaurant - Steakhouse,-2.49,CA
1882,12/22/2013,Lyft,-19.02,CA
1882,12/22/2013,Starbucks Coffee,-56.97,CA
1882,12/22/2013,Whole Foods,-21.75,CA
1882,12/23/2013,Public Transportation - Bus Pass,-26.94,CA
1882,12/23/2013,Karaoke Bar,-32.46,CA
1882,12/23/2013,Owl Night Club,-15.39,CA
1882,12/23/2013,Lyft,-3.4,CA
1882,12/24/2013,Public Transportation - Train Pass,-27.89,CA
1882,12/24/2013,Fisker Night Club,-32.45,CA
1882,12/25/2013,Lyft,-17.77,CA
1882,12/26/2013,Taxi,-12.33,CA
1882,12/26/2013,Green Flash Brewery,-8.67,CA
1882,12/26/2013,Restaurant - Steakhouse,-83.02,CA
1882,12/26/2013,Karaoke Bar,-79.64,CA
1882,12/26/2013,Sprouts Market,-22.69,CA
1882,12/26/2013,Starbucks Coffee,-23.27,CA
1882,12/27/2013,Uber,-27.2,CA
1882,12/28/2013,Ralph's Grocery Store,-44.2,CA
1882,12/28/2013,Movie Ticket,-6.43,CA
1882,12/28/2013,Bowling,-3.19,CA
1882,12/28/2013,Rodriguez's Bar and Grill,-30.51,CA
1882,12/28/2013,Restaurant - Pizza,-32.74,CA
1882,12/29/2013,Sprouts Market,-38.63,CA
1882,12/29/2013,Movie Ticket,-26.28,CA
1882,12/29/2013,Movie Ticket,-19.75,CA
1882,12/29/2013,Fisker Night Club,-37.91,CA
1882,12/30/2013,Rodriguez's Bar and Grill,-25.46,CA
1882,12/30/2013,Movie Ticket,-30.06,CA
1882,12/30/2013,Owl Night Club,-34.7,CA
1882,12/30/2013,Wine Bar,-39.95,CA
1882,12/30/2013,Owl Night Club,-32.86,CA
1882,12/30/2013,Fisker Night Club,-32.98,CA
1882,12/30/2013,Movie Ticket,-8.06,CA
1882,12/30/2013,Uber,-58.97,CA
1882,12/30/2013,Owl Night Club,-32.73,CA
1882,12/32/2013,Karaoke Bar,-24.63,CA
1882,12/32/2013,Mark's Movers,-8.97,CA
1882,12/32/2013,FedEx Shipping,-23.93,CA
1882,12/32/2013,Jerome's Furniture,-106.7,CA
1882,12/32/2013,Home Depot,-12.78,CA
1882,12/32/2013,Refrigerator Depot,-4.82,CA
1882,12/32/2013,Hamilton Move & Storage,-33.02,CA
1882,1/2/2014,Fisker Night Club,-33.91,CA
1882,1/3/2014,Owl Night Club,-15.77,CA
1882,1/3/2014,Fisker Night Club,-18.68,CA
1882,1/3/2014,Owl Night Club,-3.95,CA
1882,1/3/2014,Food Delivery - GrubHub,-1.3,CA
1882,1/4/2014,Food Delivery - GrubHub,-23.69,CA
1882,1/4/2014,Concert Ticket,-11.02,CA
1882,1/4/2014,Movie Ticket,-70.33,CA
1882,1/4/2014,Green Flash Brewery,-6.77,CA
1882,1/4/2014,Public Transportation - Bus Pass,-77.81,CA
1882,1/4/2014,Uber,-25.98,CA
1882,1/4/2014,Starbucks Coffee,-39.6,CA
1882,1/5/2014,Wine Bar,-24.53,CA
1882,1/6/2014,Owl Night Club,-28.1,CA
1882,1/6/2014,Concert Ticket,-34.49,CA
1882,1/6/2014,Rodriguez's Bar and Grill,-87.66,CA
1882,1/6/2014,Von's Groceries,-7.71,CA
1882,1/6/2014,Seaside Bar,-5.45,CA
1882,1/6/2014,Karaoke Bar,-38.21,CA
1882,1/6/2014,John's Bar & Restaurant,-2.27,CA
1882,1/6/2014,Wine Bar,-35.67,CA
1882,1/6/2014,Bowling,-16.84,CA
1882,1/7/2014,Bowling,-1.23,CA
1882,1/7/2014,Green Flash Brewery,-36.25,CA
1882,1/8/2014,Restaurant - Chinese,-30.73,CA
1882,1/9/2014,Ice Skating Rink,-10.64,CA
1882,1/10/2014,Green Flash Brewery,-14.03,CA
1882,1/11/2014,Von's Groceries,-17.15,CA
1882,1/12/2014,Bowling,-117.94,CA
1882,1/12/2014,Movie Ticket,-30.86,CA
1882,1/12/2014,Fisker Night Club,-94.47,CA
1882,1/12/2014,Starbucks Coffee,-19.37,CA
1882,1/12/2014,Fisker Night Club,-6.52,CA
1882,1/12/2014,Seaside Bar,-23.17,CA
1882,1/12/2014,Whole Foods,-20.18,CA
1882,1/12/2014,Rodriguez's Bar and Grill,-1.58,CA
1882,1/12/2014,Taxi,-33.36,CA
1882,1/12/2014,Uber,-26.75,CA
1882,1/12/2014,Food Delivery - GrubHub,-33.5,CA
1882,1/13/2014,Uber,-7.35,CA
1882,1/13/2014,Owl Night Club,-2.43,CA
1882,1/13/2014,Rodriguez's Bar and Grill,-29.5,CA
1882,1/13/2014,John's Bar & Restaurant,-32.23,CA
1882,1/13/2014,Karaoke Bar,-25.65,CA
1882,1/14/2014,Wine Bar,-25.87,CA
1882,1/15/2014,Owl Night Club,-12.52,CA
1882,1/15/2014,Sprouts Market,-29.09,CA
1882,1/16/2014,Rodriguez's Bar and Grill,-17.66,CA
1882,1/16/2014,Ice Skating Rink,-7.17,CA
1882,1/16/2014,Whole Foods,-35.43,CA
1882,1/17/2014,Taxi,-17.86,CA
1882,1/17/2014,Green Flash Brewery,-102.77,CA
1882,1/18/2014,Uber,-1.3,CA
1882,1/19/2014,Bowling,-37.32,CA
1882,1/20/2014,Owl Night Club,-38.46,CA
1882,1/20/2014,Restaurant - Burgers,-112.75,CA
1882,1/20/2014,Uber,-26.44,CA
1882,1/21/2014,Seaside Bar,-39.24,CA
1882,1/21/2014,Public Transportation - Bus Pass,-13.6,CA
1882,1/22/2014,Von's Groceries,-21.71,CA
1882,1/22/2014,Wine Bar,-37.04,CA
1882,1/22/2014,Green Flash Brewery,-15.51,CA
1882,1/22/2014,Bowling,-103.1,CA
1882,1/23/2014,Lyft,-22.97,CA
1882,1/23/2014,Seaside Bar,-16.72,CA
1882,1/23/2014,Von's Groceries,-3.61,CA
1882,1/23/2014,Public Transportation - Bus Pass,-11.89,CA
1882,1/23/2014,Restaurant - Burgers,-27.37,CA
1882,1/24/2014,Ice Skating Rink,-29.16,CA
1882,1/24/2014,John's Bar & Restaurant,-69.18,CA
1882,1/24/2014,Movie Ticket,-14.93,CA
1882,1/24/2014,Green Flash Brewery,-9.61,CA
1882,1/24/2014,Ice Skating Rink,-13.62,CA
1882,1/24/2014,Green Flash Brewery,-100.42,CA
1882,1/24/2014,Karaoke Bar,-13.5,CA
1882,1/24/2014,Green Flash Brewery,-73.83,CA
1882,1/25/2014,Ice Skating Rink,-38.33,CA
1882,1/25/2014,Movie Ticket,-6.1,CA
1882,1/26/2014,Ice Skating Rink,-30.43,CA
1882,1/26/2014,Public Transportation - Train Pass,-78.97,CA
1882,1/26/2014,Restaurant - Burgers,-6.08,CA
1882,1/27/2014,Uber,-21.43,CA
1882,1/27/2014,Green Flash Brewery,-111.36,CA
1882,1/27/2014,Lyft,-17.29,CA
1882,1/27/2014,Ice Skating Rink,-0.91,CA
1882,1/27/2014,Public Transportation - Bus Pass,-30.04,CA
1882,1/27/2014,Taxi,-17.88,CA
1882,1/27/2014,Fisker Night Club,-38.66,CA
1882,1/27/2014,Restaurant - Chinese,-27.49,CA
1882,1/27/2014,Concert Ticket,-6.12,CA
1882,1/27/2014,Karaoke Bar,-34.14,CA
1882,1/28/2014,Starbucks Coffee,-13.75,CA
1882,1/28/2014,Ice Skating Rink,-70.93,CA
1882,1/29/2014,Bowling,-30.4,CA
1882,1/29/2014,Movie Ticket,-113.09,CA
1882,1/29/2014,Movie Ticket,-19.2,CA
1882,1/30/2014,Sprouts Market,-16.7,CA
1882,1/30/2014,John's Bar & Restaurant,-35.32,CA
1882,3/2/2014,Paycheck,3802,CA
1882,3/2/2014,Housing Rent,-1317,CA
1882,3/2/2014,Navient - Student Loans,-197,CA
1882,3/2/2014,Credit Card Payment,-154,CA
1882,3/2/2014,Time Warner Cable,-25,CA
1882,3/2/2014,Netflix Subscription,-4.99,CA
1882,3/2/2014,Water & Sewer,-53,CA
1882,3/2/2014,ACS - Student Loans,-135,CA
1882,3/2/2014,Gas & Electric,-32,CA
1882,3/2/2014,Ice Skating Rink,-99.01,CA
1882,3/2/2014,Concert Ticket,-8.52,CA
1882,3/2/2014,Public Transportation - Train Pass,-28.42,CA
1882,3/3/2014,Starbucks Coffee,-7.31,CA
1882,3/3/2014,Bowling,-3.88,CA
1882,3/3/2014,Public Transportation - Bus Pass,-2.5,CA
1882,3/3/2014,Bowling,-34.9,CA
1882,3/3/2014,Movie Ticket,-41.73,CA
1882,3/3/2014,Movie Ticket,-10.98,CA
1882,3/3/2014,Wine Bar,-50.06,CA
1882,3/3/2014,John's Bar & Restaurant,-41.08,CA
1882,3/4/2014,Restaurant - Steakhouse,-23.88,CA
1882,3/5/2014,Karaoke Bar,-30.87,CA
1882,3/5/2014,Fisker Night Club,-49.21,CA
1882,3/5/2014,Rodriguez's Bar and Grill,-35.79,CA
1882,3/5/2014,Ice Skating Rink,-110.14,CA
1882,3/5/2014,Fisker Night Club,-35.78,CA
1882,3/5/2014,Karaoke Bar,-12.53,CA
1882,3/6/2014,Karaoke Bar,-6.31,CA
1882,3/7/2014,Movie Ticket,-18.79,CA
1882,3/7/2014,Green Flash Brewery,-19.33,CA
1882,3/7/2014,Ice Skating Rink,-35.66,CA
1882,3/7/2014,Karaoke Bar,-28.99,CA
1882,3/8/2014,Karaoke Bar,-19.06,CA
1882,3/9/2014,John's Bar & Restaurant,-108.37,CA
1882,3/9/2014,Ice Skating Rink,-30.23,CA
1882,3/9/2014,Ice Skating Rink,-18.63,CA
1882,3/9/2014,Restaurant - Burgers,-39.78,CA
1882,3/9/2014,Seaside Bar,-2.16,CA
1882,3/9/2014,Fisker Night Club,-27.9,CA
1882,3/9/2014,Ice Skating Rink,-105.33,CA
1882,3/9/2014,Concert Ticket,-37.85,CA
1882,3/9/2014,Ice Skating Rink,-22.09,CA
1882,3/10/2014,Bowling,-18.5,CA
1882,3/10/2014,Lyft,-34.31,CA
1882,3/10/2014,Von's Groceries,-18.33,CA
1882,3/10/2014,Ice Skating Rink,-33.36,CA
1882,3/10/2014,Movie Ticket,-89.54,CA
1882,3/11/2014,Movie Ticket,-28.25,CA
1882,3/11/2014,Concert Ticket,-36.27,CA
1882,3/11/2014,Owl Night Club,-2.67,CA
1882,3/12/2014,Owl Night Club,-35.61,CA
1882,3/12/2014,Ralph's Grocery Store,-20.63,CA
1882,3/12/2014,Green Flash Brewery,-31.94,CA
1882,3/12/2014,Seaside Bar,-39.7,CA
1882,3/12/2014,Fisker Night Club,-28.84,CA
1882,3/12/2014,Fisker Night Club,-89.81,CA
1882,3/13/2014,Ice Skating Rink,-68.43,CA
1882,3/14/2014,Bowling,-0.66,CA
1882,3/15/2014,Concert Ticket,-26.62,CA
1882,3/15/2014,Seaside Bar,-20.89,CA
1882,3/15/2014,Owl Night Club,-58.67,CA
1882,3/15/2014,Fisker Night Club,-39.82,CA
1882,3/15/2014,Karaoke Bar,-60.55,CA
1882,3/15/2014,Restaurant - Pizza,-28.68,CA
1882,3/16/2014,Restaurant - Steakhouse,-20.57,CA
1882,3/16/2014,Public Transportation - Bus Pass,-2.24,CA
1882,3/16/2014,Karaoke Bar,-23.15,CA
1882,3/17/2014,John's Bar & Restaurant,-19.34,CA
1882,3/17/2014,Seaside Bar,-30.64,CA
1882,3/17/2014,Movie Ticket,-33.36,CA
1882,3/17/2014,Food Delivery - GrubHub,-7.43,CA
1882,3/18/2014,Karaoke Bar,-20.06,CA
1882,3/19/2014,Wine Bar,-27.16,CA
1882,3/19/2014,John's Bar & Restaurant,-9.84,CA
1882,3/19/2014,Seaside Bar,-6.81,CA
1882,3/19/2014,Starbucks Coffee,-21.54,CA
1882,3/20/2014,Starbucks Coffee,-67.81,CA
1882,3/20/2014,Taxi,-0.51,CA
1882,3/21/2014,Rodriguez's Bar and Grill,-37.39,CA
1882,3/21/2014,Restaurant - Steakhouse,-35.69,CA
1882,3/21/2014,Uber,-33.83,CA
1882,3/21/2014,Green Flash Brewery,-44.52,CA
1882,3/21/2014,Karaoke Bar,-5.51,CA
1882,3/22/2014,Public Transportation - Train Pass,-60.02,CA
1882,3/22/2014,Owl Night Club,-16.93,CA
1882,3/22/2014,Green Flash Brewery,-15.91,CA
1882,3/23/2014,Rodriguez's Bar and Grill,-25.43,CA
1882,3/23/2014,Rodriguez's Bar and Grill,-1.7,CA
1882,3/24/2014,Von's Groceries,-19.38,CA
1882,3/24/2014,Green Flash Brewery,-81.78,CA
1882,3/25/2014,Taxi,-24.51,CA
1882,3/26/2014,Owl Night Club,-18.26,CA
1882,3/27/2014,Lyft,-22.45,CA
1882,3/28/2014,Movie Ticket,-30.43,CA
1882,3/29/2014,Rodriguez's Bar and Grill,-3.41,CA
1882,3/29/2014,Lyft,-22.45,CA
1882,3/30/2014,Fisker Night Club,-32.97,CA
1882,4/2/2014,Paycheck,3802,CA
1882,4/2/2014,Housing Rent,-832,CA
1882,4/2/2014,Navient - Student Loans,-197,CA
1882,4/2/2014,Credit Card Payment,-154,CA
1882,4/2/2014,Time Warner Cable,-25,CA
1882,4/2/2014,Netflix Subscription,-4.99,CA
1882,4/2/2014,Water & Sewer,-53,CA
1882,4/2/2014,ACS - Student Loans,-135,CA
1882,4/2/2014,Gas & Electric,-32,CA
1882,4/2/2014,Seaside Bar,-4.62,CA
1882,4/2/2014,Bowling,-33.97,CA
1882,4/3/2014,Ice Skating Rink,-22.65,CA
1882,4/3/2014,Rodriguez's Bar and Grill,-4.04,CA
1882,4/3/2014,Public Transportation - Bus Pass,-22.68,CA
1882,4/3/2014,Green Flash Brewery,-10.73,CA
1882,4/4/2014,Wine Bar,-14.41,CA
1882,4/4/2014,Owl Night Club,-4.93,CA
1882,4/4/2014,Taxi,-2.12,CA
1882,4/4/2014,Ralph's Grocery Store,-20.84,CA
1882,4/4/2014,Uber,-107.31,CA
1882,4/5/2014,Starbucks Coffee,-30.99,CA
1882,4/5/2014,Concert Ticket,-12.84,CA
1882,4/5/2014,Rodriguez's Bar and Grill,-28.05,CA
1882,4/6/2014,Bowling,-8.67,CA
1882,4/6/2014,Karaoke Bar,-21.28,CA
1882,4/7/2014,Whole Foods,-36.39,CA
1882,4/8/2014,Seaside Bar,-26.04,CA
1882,4/8/2014,Green Flash Brewery,-36.55,CA
1882,4/8/2014,Public Transportation - Bus Pass,-89.14,CA
1882,4/8/2014,Rodriguez's Bar and Grill,-30.26,CA
1882,4/8/2014,Green Flash Brewery,-24.77,CA
1882,4/9/2014,Fisker Night Club,-33.52,CA
1882,4/10/2014,Restaurant - Steakhouse,-27.03,CA
1882,4/10/2014,Concert Ticket,-39.34,CA
1882,4/10/2014,Bowling,-31.51,CA
1882,4/10/2014,Uber,-119.68,CA
1882,4/10/2014,Bowling,-3.28,CA
1882,4/10/2014,Taxi,-28.69,CA
1882,4/10/2014,Bowling,-25.31,CA
1882,4/10/2014,Seaside Bar,-43,CA
1882,4/10/2014,Public Transportation - Train Pass,-93.72,CA
1882,4/10/2014,Starbucks Coffee,-99.96,CA
1882,4/10/2014,Uber,-1.4,CA
1882,4/10/2014,Bowling,-15.22,CA
1882,4/10/2014,Uber,-16.6,CA
1882,4/10/2014,Owl Night Club,-2.68,CA
1882,4/10/2014,Concert Ticket,-15.65,CA
1882,4/11/2014,Sprouts Market,-9.53,CA
1882,4/12/2014,Karaoke Bar,-15.44,CA
1882,4/12/2014,Lyft,-32.66,CA
1882,4/12/2014,Public Transportation - Train Pass,-27.77,CA
1882,4/13/2014,Taxi,-89.75,CA
1882,4/13/2014,Public Transportation - Bus Pass,-35.92,CA
1882,4/13/2014,Concert Ticket,-12.44,CA
1882,4/13/2014,Public Transportation - Train Pass,-25.46,CA
1882,4/13/2014,Ralph's Grocery Store,-24.35,CA
1882,4/13/2014,Starbucks Coffee,-26.58,CA
1882,4/13/2014,Public Transportation - Bus Pass,-101.74,CA
1882,4/13/2014,Ice Skating Rink,-3.43,CA
1882,4/13/2014,Concert Ticket,-3.47,CA
1882,4/13/2014,Owl Night Club,-54.83,CA
1882,4/13/2014,Public Transportation - Bus Pass,-19.41,CA
1882,4/13/2014,Seaside Bar,-37.16,CA
1882,4/13/2014,Karaoke Bar,-38.82,CA
1882,4/13/2014,Lyft,-36.6,CA
1882,4/14/2014,Rodriguez's Bar and Grill,-30.32,CA
1882,4/14/2014,Rodriguez's Bar and Grill,-18.78,CA
1882,4/15/2014,Movie Ticket,-5.1,CA
1882,4/15/2014,Lyft,-75.89,CA
1882,4/15/2014,Public Transportation - Train Pass,-29.53,CA
1882,4/16/2014,Fisker Night Club,-9.95,CA
1882,4/16/2014,Ice Skating Rink,-16.12,CA
1882,4/16/2014,Ralph's Grocery Store,-107.01,CA
1882,4/17/2014,Restaurant - Chinese,-25.03,CA
1882,4/18/2014,Ice Skating Rink,-30.08,CA
1882,4/18/2014,Seaside Bar,-32.91,CA
1882,4/18/2014,Seaside Bar,-1.64,CA
1882,4/18/2014,Rodriguez's Bar and Grill,-2.85,CA
1882,4/19/2014,Public Transportation - Train Pass,-20.33,CA
1882,4/20/2014,Whole Foods,-57.05,CA
1882,4/21/2014,Bowling,-50.2,CA
1882,4/21/2014,Green Flash Brewery,-33.26,CA
1882,4/21/2014,Concert Ticket,-1.72,CA
1882,4/21/2014,Whole Foods,-19.96,CA
1882,4/21/2014,John's Bar & Restaurant,-4.15,CA
1882,4/22/2014,Food Delivery - GrubHub,-53.16,CA
1882,4/22/2014,Ice Skating Rink,-17.69,CA
1882,4/23/2014,Restaurant - Steakhouse,-15.61,CA
1882,4/23/2014,Uber,-21.49,CA
1882,4/23/2014,John's Bar & Restaurant,-20.91,CA
1882,4/23/2014,Karaoke Bar,-26.69,CA
1882,4/23/2014,Fisker Night Club,-17.24,CA
1882,4/23/2014,Ice Skating Rink,-69.54,CA
1882,4/23/2014,Ice Skating Rink,-8.79,CA
1882,4/23/2014,Restaurant - Burgers,-30.96,CA
1882,4/23/2014,Wine Bar,-7.32,CA
1882,4/23/2014,Ralph's Grocery Store,-34.91,CA
1882,4/23/2014,Uber,-55.58,CA
1882,4/23/2014,Green Flash Brewery,-87.24,CA
1882,4/23/2014,Ralph's Grocery Store,-26.75,CA
1882,4/23/2014,Public Transportation - Bus Pass,-3.15,CA
1882,4/23/2014,John's Bar & Restaurant,-20.38,CA
1882,4/23/2014,Ice Skating Rink,-57.83,CA
1882,4/23/2014,Restaurant - Pizza,-28.02,CA
1882,4/24/2014,Owl Night Club,-20.85,CA
1882,4/24/2014,Seaside Bar,-5.06,CA
1882,4/25/2014,Rodriguez's Bar and Grill,-20.26,CA
1882,4/25/2014,Fisker Night Club,-0.45,CA
1882,4/26/2014,Taxi,-60.85,CA
1882,4/27/2014,Public Transportation - Train Pass,-26.84,CA
1882,4/27/2014,Taxi,-38.92,CA
1882,4/27/2014,Movie Ticket,-7.9,CA
1882,4/27/2014,Restaurant - Burgers,-17.93,CA
1882,4/28/2014,Fisker Night Club,-30.67,CA
1882,4/28/2014,Public Transportation - Bus Pass,-38.83,CA
1882,4/29/2014,Bowling,-14.5,CA
1882,4/29/2014,Concert Ticket,-43.13,CA
1882,4/29/2014,Concert Ticket,-105.72,CA
1882,4/29/2014,Sprouts Market,-19.88,CA
1882,4/30/2014,Karaoke Bar,-11.67,CA
1882,4/30/2014,Fisker Night Club,-14.51,CA
1882,4/30/2014,Lyft,-20.42,CA
1882,4/30/2014,Taxi,-32.93,CA
1882,4/30/2014,Seaside Bar,-9.54,CA
1882,4/30/2014,Restaurant - Chinese,-4.48,CA
1882,5/2/2014,Paycheck,3802,CA
1882,5/2/2014,Housing Rent,-1138,CA
1882,5/2/2014,Navient - Student Loans,-197,CA
1882,5/2/2014,Credit Card Payment,-154,CA
1882,5/2/2014,Time Warner Cable,-25,CA
1882,5/2/2014,Netflix Subscription,-4.99,CA
1882,5/2/2014,Water & Sewer,-53,CA
1882,5/2/2014,ACS - Student Loans,-135,CA
1882,5/2/2014,Gas & Electric,-32,CA
1882,5/2/2014,Uber,-12.05,CA
1882,5/3/2014,Uber,-64.19,CA
1882,5/3/2014,Public Transportation - Bus Pass,-18.81,CA
1882,5/4/2014,Ice Skating Rink,-16.43,CA
1882,5/4/2014,Seaside Bar,-30.1,CA
1882,5/4/2014,Starbucks Coffee,-25.92,CA
1882,5/5/2014,Fisker Night Club,-29.54,CA
1882,5/5/2014,Owl Night Club,-31.13,CA
1882,5/5/2014,Rodriguez's Bar and Grill,-10.56,CA
1882,5/5/2014,Food Delivery - GrubHub,-25.01,CA
1882,5/5/2014,Ralph's Grocery Store,-50.94,CA
1882,5/6/2014,Lyft,-11.61,CA
1882,5/6/2014,John's Bar & Restaurant,-16.42,CA
1882,5/7/2014,Concert Ticket,-54.62,CA
1882,5/7/2014,Owl Night Club,-0.93,CA
1882,5/7/2014,Fisker Night Club,-13.36,CA
1882,5/8/2014,Food Delivery - GrubHub,-86.39,CA
1882,5/8/2014,Bowling,-7.25,CA
1882,5/8/2014,Bowling,-20.81,CA
1882,5/8/2014,Ice Skating Rink,-16.96,CA
1882,5/8/2014,Taxi,-21.76,CA
1882,5/8/2014,Owl Night Club,-19.37,CA
1882,5/9/2014,Uber,-9.07,CA
1882,5/9/2014,Von's Groceries,-7.71,CA
1882,5/9/2014,Restaurant - Pizza,-38.75,CA
1882,5/9/2014,Wine Bar,-10.04,CA
1882,5/9/2014,Lyft,-35.3,CA
1882,5/9/2014,Von's Groceries,-63.69,CA
1882,5/9/2014,Lyft,-37.84,CA
1882,5/9/2014,Restaurant - Steakhouse,-21.65,CA
1882,5/9/2014,John's Bar & Restaurant,-34.17,CA
1882,5/9/2014,Taxi,-35.33,CA
1882,5/9/2014,Uber,-60.74,CA
1882,5/10/2014,Bowling,-9.24,CA
1882,5/10/2014,Taxi,-34.34,CA
1882,5/11/2014,Seaside Bar,-29.7,CA
1882,5/11/2014,Bowling,-26.75,CA
1882,5/11/2014,Karaoke Bar,-38.96,CA
1882,5/11/2014,Seaside Bar,-7.31,CA
1882,5/12/2014,Wine Bar,-8.9,CA
1882,5/12/2014,Seaside Bar,-31.22,CA
1882,5/12/2014,Seaside Bar,-5.66,CA
1882,5/12/2014,Starbucks Coffee,-23.89,CA
1882,5/13/2014,Green Flash Brewery,-12.45,CA
1882,5/13/2014,Public Transportation - Bus Pass,-64.83,CA
1882,5/14/2014,Restaurant - Burgers,-29.04,CA
1882,5/14/2014,Fisker Night Club,-3.41,CA
1882,5/14/2014,Bowling,-81.06,CA
1882,5/14/2014,John's Bar & Restaurant,-26.99,CA
1882,5/14/2014,Uber,-39.96,CA
1882,5/14/2014,John's Bar & Restaurant,-82.32,CA
1882,5/14/2014,Uber,-4.86,CA
1882,5/15/2014,Wine Bar,-107.07,CA
1882,5/16/2014,Concert Ticket,-33.5,CA
1882,5/17/2014,Uber,-12.86,CA
1882,5/17/2014,Bowling,-21.93,CA
1882,5/17/2014,Karaoke Bar,-102.32,CA
1882,5/17/2014,Ice Skating Rink,-38.01,CA
1882,5/17/2014,Restaurant - Burgers,-34.98,CA
1882,5/17/2014,Movie Ticket,-24.32,CA
1882,5/17/2014,Restaurant - Steakhouse,-71.4,CA
1882,5/17/2014,Restaurant - Chinese,-100.96,CA
1882,5/17/2014,Owl Night Club,-17.01,CA
1882,5/18/2014,Movie Ticket,-30.54,CA
1882,5/18/2014,Seaside Bar,-4.37,CA
1882,5/19/2014,Fisker Night Club,-21.47,CA
1882,5/19/2014,Owl Night Club,-107.14,CA
1882,5/20/2014,Whole Foods,-3.14,CA
1882,5/20/2014,John's Bar & Restaurant,-1.49,CA
1882,5/20/2014,Bowling,-80.8,CA
1882,5/20/2014,Public Transportation - Bus Pass,-30.33,CA
1882,5/21/2014,Uber,-3.24,CA
1882,5/21/2014,Restaurant - Pizza,-34.69,CA
1882,5/21/2014,Von's Groceries,-3.5,CA
1882,5/22/2014,Public Transportation - Bus Pass,-36.13,CA
1882,5/22/2014,Ice Skating Rink,-118.29,CA
1882,5/23/2014,Public Transportation - Train Pass,-32.35,CA
1882,5/23/2014,Green Flash Brewery,-63.94,CA
1882,5/24/2014,John's Bar & Restaurant,-25.45,CA
1882,5/24/2014,Owl Night Club,-12.88,CA
1882,5/24/2014,Owl Night Club,-42.94,CA
1882,5/24/2014,Public Transportation - Train Pass,-12,CA
1882,5/24/2014,John's Bar & Restaurant,-28.09,CA
1882,5/24/2014,Taxi,-15.16,CA
1882,5/25/2014,Seaside Bar,-2.98,CA
1882,5/26/2014,Public Transportation - Train Pass,-2.74,CA
1882,5/26/2014,Owl Night Club,-35.78,CA
1882,5/26/2014,Owl Night Club,-42.55,CA
1882,5/26/2014,John's Bar & Restaurant,-6.13,CA
1882,5/26/2014,Seaside Bar,-6.67,CA
1882,5/27/2014,Karaoke Bar,-38.45,CA
1882,5/27/2014,Restaurant - Steakhouse,-30.83,CA
1882,5/27/2014,Fisker Night Club,-32.5,CA
1882,5/27/2014,Rodriguez's Bar and Grill,-2.75,CA
1882,5/27/2014,Lyft,-65.94,CA
1882,5/27/2014,Uber,-4.88,CA
1882,5/28/2014,John's Bar & Restaurant,-37,CA
1882,5/28/2014,Uber,-66.89,CA
1882,5/29/2014,Karaoke Bar,-9.17,CA
1882,5/30/2014,John's Bar & Restaurant,-20.91,CA
1882,6/2/2014,Paycheck,3802,CA
1882,6/2/2014,Housing Rent,-1382,CA
1882,6/2/2014,Navient - Student Loans,-197,CA
1882,6/2/2014,Credit Card Payment,-154,CA
1882,6/2/2014,Time Warner Cable,-25,CA
1882,6/2/2014,Netflix Subscription,-4.99,CA
1882,6/2/2014,Water & Sewer,-53,CA
1882,6/2/2014,ACS - Student Loans,-135,CA
1882,6/2/2014,Gas & Electric,-32,CA
1882,6/2/2014,Karaoke Bar,-23.91,CA
1882,6/2/2014,Concert Ticket,-35.32,CA
1882,6/2/2014,Movie Ticket,-73.28,CA
1882,6/2/2014,Restaurant - Pizza,-1.82,CA
1882,6/2/2014,Ice Skating Rink,-16.94,CA
1882,6/2/2014,Green Flash Brewery,-4.28,CA
1882,6/2/2014,Bowling,-14.94,CA
1882,6/3/2014,Green Flash Brewery,-25.07,CA
1882,6/3/2014,Green Flash Brewery,-13.14,CA
1882,6/3/2014,Movie Ticket,-8.98,CA
1882,6/3/2014,John's Bar & Restaurant,-6.69,CA
1882,6/4/2014,Public Transportation - Bus Pass,-15.06,CA
1882,6/4/2014,Wine Bar,-24.49,CA
1882,6/5/2014,Public Transportation - Train Pass,-45.75,CA
1882,6/6/2014,Movie Ticket,-23.88,CA
1882,6/6/2014,Karaoke Bar,-26.35,CA
1882,6/6/2014,Ice Skating Rink,-19.06,CA
1882,6/6/2014,John's Bar & Restaurant,-11.13,CA
1882,6/6/2014,Bowling,-12.84,CA
1882,6/6/2014,Wine Bar,-59.47,CA
1882,6/6/2014,Sprouts Market,-93.36,CA
1882,6/6/2014,John's Bar & Restaurant,-15.79,CA
1882,6/7/2014,John's Bar & Restaurant,-31.84,CA
1882,6/7/2014,Starbucks Coffee,-35.41,CA
1882,6/7/2014,Lyft,-7.79,CA
1882,6/7/2014,Taxi,-16.17,CA
1882,6/7/2014,John's Bar & Restaurant,-118,CA
1882,6/8/2014,Taxi,-25.13,CA
1882,6/8/2014,Ralph's Grocery Store,-1.3,CA
1882,6/9/2014,Public Transportation - Bus Pass,-5.11,CA
1882,6/9/2014,Lyft,-113.74,CA
1882,6/9/2014,Food Delivery - GrubHub,-15.42,CA
1882,6/9/2014,Concert Ticket,-3.11,CA
1882,6/9/2014,Public Transportation - Bus Pass,-91.41,CA
1882,6/9/2014,Bowling,-35.4,CA
1882,6/9/2014,Movie Ticket,-77.05,CA
1882,6/9/2014,Uber,-33.47,CA
1882,6/9/2014,Owl Night Club,-13.45,CA
1882,6/9/2014,Karaoke Bar,-84.47,CA
1882,6/9/2014,Fisker Night Club,-10,CA
1882,6/9/2014,Karaoke Bar,-31.13,CA
1882,6/9/2014,Concert Ticket,-22.19,CA
1882,6/9/2014,Von's Groceries,-115.5,CA
1882,6/10/2014,Movie Ticket,-62.84,CA
1882,6/11/2014,Green Flash Brewery,-35.94,CA
1882,6/12/2014,Restaurant - Steakhouse,-29.86,CA
1882,6/12/2014,Fisker Night Club,-27.38,CA
1882,6/12/2014,Whole Foods,-25.87,CA
1882,6/12/2014,Taxi,-26.97,CA
1882,6/12/2014,Taxi,-0.23,CA
1882,6/12/2014,Public Transportation - Bus Pass,-99.39,CA
1882,6/12/2014,Green Flash Brewery,-32.06,CA
1882,6/12/2014,Bowling,-106.23,CA
1882,6/12/2014,John's Bar & Restaurant,-25.68,CA
1882,6/13/2014,Concert Ticket,-18.51,CA
1882,6/13/2014,Concert Ticket,-0.78,CA
1882,6/14/2014,Restaurant - Burgers,-35.43,CA
1882,6/14/2014,Green Flash Brewery,-71.63,CA
1882,6/14/2014,John's Bar & Restaurant,-27.62,CA
1882,6/14/2014,Ice Skating Rink,-33.28,CA
1882,6/14/2014,Lyft,-34.29,CA
1882,6/14/2014,Public Transportation - Bus Pass,-3.93,CA
1882,6/14/2014,Restaurant - Burgers,-115.8,CA
1882,6/14/2014,Owl Night Club,-8.75,CA
1882,6/14/2014,Concert Ticket,-21.58,CA
1882,6/14/2014,Rodriguez's Bar and Grill,-86.34,CA
1882,6/14/2014,Whole Foods,-33.2,CA
1882,6/15/2014,Restaurant - Steakhouse,-20.54,CA
1882,6/15/2014,Concert Ticket,-14.5,CA
1882,6/15/2014,Von's Groceries,-9.06,CA
1882,6/15/2014,Ice Skating Rink,-36.41,CA
1882,6/16/2014,John's Bar & Restaurant,-7.7,CA
1882,6/16/2014,John's Bar & Restaurant,-18.48,CA
1882,6/16/2014,Green Flash Brewery,-50.37,CA
1882,6/16/2014,Rodriguez's Bar and Grill,-17.23,CA
1882,6/17/2014,Restaurant - Pizza,-101.91,CA
1882,6/17/2014,Restaurant - Steakhouse,-11.06,CA
1882,6/18/2014,Movie Ticket,-113.05,CA
1882,6/18/2014,Seaside Bar,-31.81,CA
1882,6/18/2014,Concert Ticket,-34.89,CA
1882,6/18/2014,Green Flash Brewery,-19.84,CA
1882,6/18/2014,Lyft,-108.16,CA
1882,6/18/2014,Fisker Night Club,-27.98,CA
1882,6/18/2014,Taxi,-33.22,CA
1882,6/19/2014,Concert Ticket,-34.4,CA
1882,6/20/2014,Seaside Bar,-23.62,CA
1882,6/21/2014,Movie Ticket,-37.16,CA
1882,6/21/2014,Public Transportation - Train Pass,-30.02,CA
1882,6/21/2014,Public Transportation - Bus Pass,-17.61,CA
1882,6/21/2014,Restaurant - Burgers,-30.59,CA
1882,6/21/2014,Bowling,-35.05,CA
1882,6/21/2014,Seaside Bar,-10.53,CA
1882,6/21/2014,Fisker Night Club,-8.3,CA
1882,6/21/2014,Bowling,-20.97,CA
1882,6/22/2014,Restaurant - Pizza,-31,CA
1882,6/23/2014,Wine Bar,-29.02,CA
1882,6/24/2014,Public Transportation - Bus Pass,-18.09,CA
1882,6/25/2014,Green Flash Brewery,-23.31,CA
1882,6/25/2014,Ralph's Grocery Store,-10.72,CA
1882,6/25/2014,Starbucks Coffee,-20.95,CA
1882,6/25/2014,Wine Bar,-22.15,CA
1882,6/25/2014,Karaoke Bar,-37.14,CA
1882,6/25/2014,Restaurant - Chinese,-14.92,CA
1882,6/25/2014,Public Transportation - Train Pass,-33.73,CA
1882,6/26/2014,Seaside Bar,-4.27,CA
1882,6/26/2014,Concert Ticket,-36.75,CA
1882,6/26/2014,Bowling,-23.19,CA
1882,6/26/2014,Movie Ticket,-31.82,CA
1882,6/26/2014,Green Flash Brewery,-18.47,CA
1882,6/26/2014,Karaoke Bar,-10.47,CA
1882,6/27/2014,Public Transportation - Bus Pass,-21.37,CA
1882,6/27/2014,Taxi,-33.46,CA
1882,6/27/2014,Seaside Bar,-19.09,CA
1882,6/27/2014,Owl Night Club,-5.08,CA
1882,6/27/2014,Starbucks Coffee,-15.31,CA
1882,6/28/2014,Movie Ticket,-18.09,CA
1882,6/28/2014,Taxi,-31.6,CA
1882,6/29/2014,Bowling,-38.29,CA
1882,6/30/2014,Bowling,-3.39,CA
1882,6/30/2014,Bowling,-36.16,CA
1882,7/2/2014,Housing Rent,-755,CA
1882,7/2/2014,Navient - Student Loans,-197,CA
1882,7/2/2014,Credit Card Payment,-154,CA
1882,7/2/2014,Time Warner Cable,-25,CA
1882,7/2/2014,Netflix Subscription,-4.99,CA
1882,7/2/2014,Water & Sewer,-53,CA
1882,7/2/2014,ACS - Student Loans,-135,CA
1882,7/2/2014,Gas & Electric,-32,CA
1882,7/2/2014,Owl Night Club,-13.71,CA
1882,7/2/2014,Restaurant - Burgers,-21.15,CA
1882,7/2/2014,Taxi,-11.03,CA
1882,7/3/2014,John's Bar & Restaurant,-15.24,CA
1882,7/4/2014,Wine Bar,-28.76,CA
1882,7/4/2014,Concert Ticket,-11.66,CA
1882,7/5/2014,Wine Bar,-0.67,CA
1882,7/6/2014,Taxi,-2.12,CA
1882,7/6/2014,Public Transportation - Bus Pass,-14.28,CA
1882,7/6/2014,Starbucks Coffee,-23.11,CA
1882,7/7/2014,Green Flash Brewery,-31.52,CA
1882,7/7/2014,Uber,-21.22,CA
1882,7/7/2014,Movie Ticket,-14.53,CA
1882,7/7/2014,Wine Bar,-7.8,CA
1882,7/7/2014,Green Flash Brewery,-25.61,CA
1882,7/7/2014,Ralph's Grocery Store,-112.24,CA
1882,7/8/2014,Taxi,-8.97,CA
1882,7/9/2014,Fisker Night Club,-38.32,CA
1882,7/9/2014,Concert Ticket,-101.39,CA
1882,7/9/2014,Ice Skating Rink,-25.45,CA
1882,7/9/2014,Green Flash Brewery,-23.83,CA
1882,7/9/2014,Karaoke Bar,-17.95,CA
1882,7/10/2014,Movie Ticket,-31.83,CA
1882,7/10/2014,Ice Skating Rink,-11.03,CA
1882,7/10/2014,Concert Ticket,-19.85,CA
1882,7/10/2014,Restaurant - Pizza,-33.31,CA
1882,7/10/2014,Restaurant - Burgers,-7.59,CA
1882,7/10/2014,Owl Night Club,-34.71,CA
1882,7/10/2014,Owl Night Club,-3.24,CA
1882,7/10/2014,Karaoke Bar,-9.62,CA
1882,7/10/2014,Ice Skating Rink,-11.31,CA
1882,7/10/2014,Owl Night Club,-30.28,CA
1882,7/10/2014,Lyft,-22.12,CA
1882,7/10/2014,Taxi,-2.95,CA
1882,7/10/2014,Public Transportation - Train Pass,-19.42,CA
1882,7/10/2014,Uber,-18.73,CA
1882,7/11/2014,Lyft,-21.21,CA
1882,7/11/2014,Von's Groceries,-36.38,CA
1882,7/12/2014,Karaoke Bar,-43.3,CA
1882,7/12/2014,Restaurant - Chinese,-37.13,CA
1882,7/12/2014,Restaurant - Chinese,-12.01,CA
1882,7/12/2014,Food Delivery - GrubHub,-30.58,CA
1882,7/13/2014,Public Transportation - Train Pass,-71.9,CA
1882,7/14/2014,Public Transportation - Bus Pass,-19.74,CA
1882,7/15/2014,Bowling,-19.66,CA
1882,7/16/2014,Karaoke Bar,-20.27,CA
1882,7/17/2014,Wine Bar,-21.64,CA
1882,7/17/2014,Movie Ticket,-27.18,CA
1882,7/17/2014,Restaurant - Chinese,-20.23,CA
1882,7/17/2014,Restaurant - Steakhouse,-28.86,CA
1882,7/17/2014,Public Transportation - Train Pass,-9.12,CA
1882,7/18/2014,Ralph's Grocery Store,-92.68,CA
1882,7/18/2014,Restaurant - Steakhouse,-17.64,CA
1882,7/19/2014,Rodriguez's Bar and Grill,-16.53,CA
1882,7/19/2014,Public Transportation - Train Pass,-5.56,CA
1882,7/19/2014,Seaside Bar,-32.98,CA
1882,7/20/2014,Public Transportation - Train Pass,-32.21,CA
1882,7/20/2014,Movie Ticket,-4.82,CA
1882,7/21/2014,Karaoke Bar,-33,CA
1882,7/22/2014,Taxi,-25.24,CA
1882,7/22/2014,Restaurant - Pizza,-45.16,CA
1882,7/22/2014,Public Transportation - Train Pass,-37.19,CA
1882,7/22/2014,Restaurant - Pizza,-37.95,CA
1882,7/22/2014,Owl Night Club,-2.1,CA
1882,7/22/2014,Rodriguez's Bar and Grill,-12.17,CA
1882,7/22/2014,Concert Ticket,-118.12,CA
1882,7/22/2014,Fisker Night Club,-22.85,CA
1882,7/22/2014,Green Flash Brewery,-29.3,CA
1882,7/22/2014,Lyft,-7.16,CA
1882,7/22/2014,Rodriguez's Bar and Grill,-5.68,CA
1882,7/23/2014,Public Transportation - Train Pass,-64.48,CA
1882,7/24/2014,John's Bar & Restaurant,-108.02,CA
1882,7/24/2014,Green Flash Brewery,-35.38,CA
1882,7/24/2014,Karaoke Bar,-2.37,CA
1882,7/24/2014,Public Transportation - Bus Pass,-2.85,CA
1882,7/25/2014,Concert Ticket,-12.51,CA
1882,7/25/2014,Ice Skating Rink,-54.62,CA
1882,7/25/2014,Green Flash Brewery,-32.4,CA
1882,7/25/2014,Lyft,-18.53,CA
1882,7/25/2014,Public Transportation - Bus Pass,-6.81,CA
1882,7/26/2014,Rodriguez's Bar and Grill,-27.65,CA
1882,7/26/2014,Lyft,-12.59,CA
1882,7/26/2014,Restaurant - Pizza,-17.11,CA
1882,7/26/2014,Sprouts Market,-3.21,CA
1882,7/26/2014,Public Transportation - Bus Pass,-28.92,CA
1882,7/26/2014,Restaurant - Chinese,-13.98,CA
1882,7/26/2014,Starbucks Coffee,-23.68,CA
1882,7/26/2014,Rodriguez's Bar and Grill,-4.7,CA
1882,7/26/2014,Starbucks Coffee,-7.61,CA
1882,7/26/2014,Wine Bar,-14.11,CA
1882,7/27/2014,Restaurant - Steakhouse,-27.24,CA
1882,7/27/2014,Movie Ticket,-12.38,CA
1882,7/28/2014,Rodriguez's Bar and Grill,-11.85,CA
1882,7/28/2014,Owl Night Club,-4.12,CA
1882,7/28/2014,Owl Night Club,-115.39,CA
1882,7/29/2014,Owl Night Club,-26.56,CA
1882,7/30/2014,Wine Bar,-21.28,CA
1882,8/2/2014,Housing Rent,-1380,CA
1882,8/2/2014,Navient - Student Loans,-197,CA
1882,8/2/2014,Credit Card Payment,-154,CA
1882,8/2/2014,Time Warner Cable,-25,CA
1882,8/2/2014,Netflix Subscription,-4.99,CA
1882,8/2/2014,Water & Sewer,-53,CA
1882,8/2/2014,ACS - Student Loans,-135,CA
1882,8/2/2014,Gas & Electric,-32,CA
1882,8/2/2014,Concert Ticket,-23.06,CA
1882,8/2/2014,Whole Foods,-19.17,CA
1882,8/2/2014,Rodriguez's Bar and Grill,-30.3,CA
1882,8/3/2014,Bowling,-22.71,CA
1882,8/3/2014,John's Bar & Restaurant,-7.52,CA
1882,8/3/2014,Owl Night Club,-38.77,CA
1882,8/3/2014,John's Bar & Restaurant,-14.99,CA
1882,8/3/2014,Restaurant - Pizza,-21.98,CA
1882,8/3/2014,Movie Ticket,-12.56,CA
1882,8/3/2014,Movie Ticket,-8.18,CA
1882,8/3/2014,Restaurant - Steakhouse,-17.78,CA
1882,8/4/2014,Seaside Bar,-33.22,CA
1882,8/4/2014,Seaside Bar,-25.76,CA
1882,8/5/2014,Movie Ticket,-15.25,CA
1882,8/6/2014,Seaside Bar,-17.78,CA
1882,8/7/2014,Movie Ticket,-4.43,CA
1882,8/7/2014,Bowling,-26.68,CA
1882,8/8/2014,Movie Ticket,-25.31,CA
1882,8/8/2014,Fisker Night Club,-18.02,CA
1882,8/8/2014,Restaurant - Chinese,-92.53,CA
1882,8/9/2014,Rodriguez's Bar and Grill,-113.88,CA
1882,8/9/2014,Public Transportation - Bus Pass,-15.02,CA
1882,8/9/2014,Restaurant - Burgers,-3.73,CA
1882,8/9/2014,Uber,-3.1,CA
1882,8/9/2014,Seaside Bar,-16,CA
1882,8/9/2014,Whole Foods,-1.79,CA
1882,8/9/2014,Karaoke Bar,-8.47,CA
1882,8/10/2014,Rodriguez's Bar and Grill,-46.06,CA
1882,8/10/2014,Taxi,-24.28,CA
1882,8/10/2014,Rodriguez's Bar and Grill,-15.13,CA
1882,8/11/2014,Concert Ticket,-28.94,CA
1882,8/12/2014,Ralph's Grocery Store,-4.75,CA
1882,8/12/2014,Seaside Bar,-33.37,CA
1882,8/13/2014,Whole Foods,-47.32,CA
1882,8/14/2014,Public Transportation - Train Pass,-14.72,CA
1882,8/15/2014,Lyft,-32.01,CA
1882,8/15/2014,Whole Foods,-27.32,CA
1882,8/16/2014,John's Bar & Restaurant,-4.8,CA
1882,8/17/2014,Public Transportation - Train Pass,-20.97,CA
1882,8/18/2014,Von's Groceries,-24.26,CA
1882,8/19/2014,Whole Foods,-5.01,CA
1882,8/19/2014,Public Transportation - Bus Pass,-7.95,CA
1882,8/20/2014,Concert Ticket,-10.96,CA
1882,8/20/2014,Starbucks Coffee,-4.14,CA
1882,8/21/2014,Green Flash Brewery,-20.23,CA
1882,8/21/2014,Ice Skating Rink,-70.39,CA
1882,8/21/2014,Karaoke Bar,-63.61,CA
1882,8/21/2014,Karaoke Bar,-31.99,CA
1882,8/21/2014,Rodriguez's Bar and Grill,-5.82,CA
1882,8/21/2014,Owl Night Club,-49.99,CA
1882,8/21/2014,Owl Night Club,-88.54,CA
1882,8/21/2014,Bowling,-30.46,CA
1882,8/21/2014,Fisker Night Club,-35.8,CA
1882,8/21/2014,Sprouts Market,-70.33,CA
1882,8/21/2014,Lyft,-2.89,CA
1882,8/21/2014,Fisker Night Club,-31.03,CA
1882,8/21/2014,Wine Bar,-1.36,CA
1882,8/21/2014,Uber,-17.54,CA
1882,8/21/2014,Seaside Bar,-38.03,CA
1882,8/22/2014,Public Transportation - Bus Pass,-31.02,CA
1882,8/22/2014,Public Transportation - Bus Pass,-87.19,CA
1882,8/22/2014,Fisker Night Club,-38.4,CA
1882,8/23/2014,Sprouts Market,-1.03,CA
1882,8/24/2014,Ice Skating Rink,-5,CA
1882,8/25/2014,Uber,-15.01,CA
1882,8/26/2014,Ice Skating Rink,-6.78,CA
1882,8/26/2014,Food Delivery - GrubHub,-28.96,CA
1882,8/26/2014,Sprouts Market,-33.77,CA
1882,8/26/2014,Seaside Bar,-101.97,CA
1882,8/26/2014,Public Transportation - Bus Pass,-7.42,CA
1882,8/27/2014,John's Bar & Restaurant,-29.04,CA
1882,8/27/2014,Restaurant - Pizza,-46.85,CA
1882,8/28/2014,Movie Ticket,-11.23,CA
1882,8/29/2014,Lyft,-18.71,CA
1882,8/29/2014,Concert Ticket,-24.33,CA
1882,8/29/2014,Movie Ticket,-20.38,CA
1882,8/29/2014,Fisker Night Club,-1.41,CA
1882,8/30/2014,Ice Skating Rink,-27.6,CA
1882,9/2/2014,Housing Rent,-1289,CA
1882,9/2/2014,Navient - Student Loans,-197,CA
1882,9/2/2014,Credit Card Payment,-154,CA
1882,9/2/2014,Time Warner Cable,-25,CA
1882,9/2/2014,Netflix Subscription,-4.99,CA
1882,9/2/2014,Water & Sewer,-53,CA
1882,9/2/2014,ACS - Student Loans,-135,CA
1882,9/2/2014,Gas & Electric,-32,CA
1882,9/2/2014,Rodriguez's Bar and Grill,-85.72,CA
1882,9/2/2014,Lyft,-89.76,CA
1882,9/2/2014,Uber,-25.73,CA
1882,9/3/2014,Uber,-0.23,CA
1882,9/4/2014,Karaoke Bar,-38.82,CA
1882,9/5/2014,John's Bar & Restaurant,-36.37,CA
1882,9/5/2014,Owl Night Club,-39.11,CA
1882,9/5/2014,Bowling,-1.88,CA
1882,9/5/2014,Uber,-12.52,CA
1882,9/5/2014,Ice Skating Rink,-10.98,CA
1882,9/5/2014,Concert Ticket,-29.57,CA
1882,9/5/2014,Rodriguez's Bar and Grill,-37.3,CA
1882,9/5/2014,Ice Skating Rink,-38.71,CA
1882,9/5/2014,Wine Bar,-26.24,CA
1882,9/6/2014,Green Flash Brewery,-8.58,CA
1882,9/6/2014,Ice Skating Rink,-13.57,CA
1882,9/6/2014,Movie Ticket,-2.81,CA
1882,9/6/2014,Rodriguez's Bar and Grill,-17.18,CA
1882,9/6/2014,Owl Night Club,-68.22,CA
1882,9/7/2014,Lyft,-3.47,CA
1882,9/8/2014,Taxi,-11.55,CA
1882,9/8/2014,Taxi,-13.8,CA
1882,9/9/2014,Taxi,-84.3,CA
1882,9/9/2014,Public Transportation - Bus Pass,-11.22,CA
1882,9/9/2014,Fisker Night Club,-19.34,CA
1882,9/9/2014,Fisker Night Club,-7.48,CA
1882,9/9/2014,Movie Ticket,-11.42,CA
1882,9/9/2014,Fisker Night Club,-10.34,CA
1882,9/9/2014,Owl Night Club,-87.38,CA
1882,9/9/2014,Public Transportation - Train Pass,-13.41,CA
1882,9/10/2014,Lyft,-50.71,CA
1882,9/11/2014,Bowling,-0.27,CA
1882,9/12/2014,Public Transportation - Train Pass,-7.11,CA
1882,9/12/2014,Public Transportation - Bus Pass,-2.21,CA
1882,9/12/2014,John's Bar & Restaurant,-16.71,CA
1882,9/12/2014,Restaurant - Steakhouse,-2.36,CA
1882,9/12/2014,Restaurant - Steakhouse,-80.7,CA
1882,9/12/2014,Ice Skating Rink,-22.02,CA
1882,9/13/2014,Concert Ticket,-110.57,CA
1882,9/13/2014,Taxi,-96.04,CA
1882,9/13/2014,Movie Ticket,-36.45,CA
1882,9/14/2014,Public Transportation - Train Pass,-40.24,CA
1882,9/15/2014,Bowling,-21.34,CA
1882,9/15/2014,Green Flash Brewery,-28.46,CA
1882,9/15/2014,Movie Ticket,-22.15,CA
1882,9/15/2014,Rodriguez's Bar and Grill,-22.85,CA
1882,9/15/2014,Whole Foods,-18.43,CA
1882,9/15/2014,Public Transportation - Train Pass,-1.04,CA
1882,9/15/2014,Bowling,-14.99,CA
1882,9/16/2014,Public Transportation - Train Pass,-21.01,CA
1882,9/16/2014,Bowling,-69.51,CA
1882,9/16/2014,Ice Skating Rink,-22.81,CA
1882,9/16/2014,Public Transportation - Bus Pass,-36.15,CA
1882,9/16/2014,Movie Ticket,-23.47,CA
1882,9/16/2014,Restaurant - Chinese,-115.39,CA
1882,9/16/2014,Wine Bar,-36.54,CA
1882,9/17/2014,Green Flash Brewery,-98.56,CA
1882,9/17/2014,Public Transportation - Train Pass,-32.58,CA
1882,9/17/2014,Ice Skating Rink,-19.62,CA
1882,9/17/2014,Seaside Bar,-77.76,CA
1882,9/17/2014,Seaside Bar,-17.17,CA
1882,9/18/2014,Ice Skating Rink,-0.08,CA
1882,9/18/2014,Movie Ticket,-35.29,CA
1882,9/19/2014,Uber,-23.71,CA
1882,9/19/2014,Rodriguez's Bar and Grill,-34.23,CA
1882,9/19/2014,Uber,-5.15,CA
1882,9/19/2014,Restaurant - Chinese,-36.64,CA
1882,9/19/2014,Von's Groceries,-23.34,CA
1882,9/19/2014,Green Flash Brewery,-26.96,CA
1882,9/19/2014,Taxi,-34.99,CA
1882,9/19/2014,Uber,-3.88,CA
1882,9/19/2014,Taxi,-91.58,CA
1882,9/19/2014,Food Delivery - GrubHub,-33.14,CA
1882,9/20/2014,Concert Ticket,-0.06,CA
1882,9/20/2014,Taxi,-7.7,CA
1882,9/21/2014,Wine Bar,-24.8,CA
1882,9/21/2014,Seaside Bar,-6.07,CA
1882,9/21/2014,Von's Groceries,-11.17,CA
1882,9/21/2014,Whole Foods,-38.89,CA
1882,9/22/2014,Karaoke Bar,-27.91,CA
1882,9/22/2014,Karaoke Bar,-38.28,CA
1882,9/22/2014,Ice Skating Rink,-17.63,CA
1882,9/22/2014,Movie Ticket,-31.37,CA
1882,9/23/2014,Karaoke Bar,-10.64,CA
1882,9/23/2014,Starbucks Coffee,-82.31,CA
1882,9/23/2014,John's Bar & Restaurant,-6.19,CA
1882,9/23/2014,Public Transportation - Bus Pass,-103.3,CA
1882,9/24/2014,Restaurant - Burgers,-19.68,CA
1882,9/25/2014,Public Transportation - Train Pass,-22.03,CA
1882,9/25/2014,Green Flash Brewery,-35.28,CA
1882,9/26/2014,Ice Skating Rink,-22.84,CA
1882,9/26/2014,Public Transportation - Bus Pass,-30.36,CA
1882,9/26/2014,Sprouts Market,-13.88,CA
1882,9/26/2014,Ralph's Grocery Store,-3.28,CA
1882,9/26/2014,Taxi,-8.47,CA
1882,9/26/2014,Karaoke Bar,-18.27,CA
1882,9/26/2014,Starbucks Coffee,-119.48,CA
1882,9/27/2014,Karaoke Bar,-25.57,CA
1882,9/27/2014,Bowling,-58.76,CA
1882,9/27/2014,Public Transportation - Bus Pass,-16.78,CA
1882,9/27/2014,Starbucks Coffee,-49.91,CA
1882,9/27/2014,Seaside Bar,-20.39,CA
1882,9/27/2014,Taxi,-29.11,CA
1882,9/28/2014,Seaside Bar,-92.38,CA
1882,9/28/2014,Fisker Night Club,-25.05,CA
1882,9/29/2014,Taxi,-62.47,CA
1882,9/29/2014,Rodriguez's Bar and Grill,-19.64,CA
1882,9/29/2014,Restaurant - Burgers,-4.42,CA
1882,9/30/2014,Ice Skating Rink,-17.52,CA
1882,9/30/2014,Restaurant - Steakhouse,-3.64,CA
1882,9/30/2014,Wine Bar,-8.72,CA
1882,9/30/2014,Uber,-20.39,CA
1882,9/30/2014,Seaside Bar,-25.6,CA
1882,9/30/2014,Concert Ticket,-25.82,CA
1882,9/30/2014,Restaurant - Burgers,-84.63,CA
1882,9/30/2014,Green Flash Brewery,-11.43,CA
1882,9/30/2014,Movie Ticket,-73.01,CA
1882,9/30/2014,Restaurant - Steakhouse,-19.57,CA
1882,10/2/2014,Housing Rent,-1282,CA
1882,10/2/2014,Navient - Student Loans,-197,CA
1882,10/2/2014,Credit Card Payment,-154,CA
1882,10/2/2014,Time Warner Cable,-25,CA
1882,10/2/2014,Netflix Subscription,-4.99,CA
1882,10/2/2014,Water & Sewer,-53,CA
1882,10/2/2014,ACS - Student Loans,-135,CA
1882,10/2/2014,Gas & Electric,-32,CA
1882,10/2/2014,Starbucks Coffee,-21.45,CA
1882,10/3/2014,Concert Ticket,-1.59,CA
1882,10/3/2014,Restaurant - Chinese,-4.04,CA
1882,10/3/2014,Green Flash Brewery,-108.93,CA
1882,10/3/2014,Ice Skating Rink,-32.87,CA
1882,10/4/2014,Lyft,-19.6,CA
1882,10/4/2014,Seaside Bar,-77.97,CA
1882,10/4/2014,Ice Skating Rink,-10.26,CA
1882,10/5/2014,Green Flash Brewery,-35.26,CA
1882,10/5/2014,Fisker Night Club,-38.21,CA
1882,10/5/2014,Owl Night Club,-14.52,CA
1882,10/5/2014,Fisker Night Club,-13.98,CA
1882,10/5/2014,Rodriguez's Bar and Grill,-27.67,CA
1882,10/5/2014,John's Bar & Restaurant,-36.65,CA
1882,10/6/2014,John's Bar & Restaurant,-49.58,CA
1882,10/7/2014,Wine Bar,-25.9,CA
1882,10/7/2014,Lyft,-28.19,CA
1882,10/7/2014,Starbucks Coffee,-25.98,CA
1882,10/7/2014,Bowling,-38.19,CA
1882,10/7/2014,Public Transportation - Bus Pass,-3.19,CA
1882,10/7/2014,Movie Ticket,-96.07,CA
1882,10/7/2014,Ice Skating Rink,-55.8,CA
1882,10/7/2014,Whole Foods,-1.32,CA
1882,10/7/2014,Rodriguez's Bar and Grill,-14.84,CA
1882,10/8/2014,Green Flash Brewery,-6.96,CA
1882,10/8/2014,John's Bar & Restaurant,-12,CA
1882,10/8/2014,John's Bar & Restaurant,-42.97,CA
1882,10/8/2014,Wine Bar,-5.83,CA
1882,10/8/2014,Lyft,-32.04,CA
1882,10/9/2014,John's Bar & Restaurant,-35.23,CA
1882,10/9/2014,Starbucks Coffee,-22.79,CA
1882,10/10/2014,Uber,-23.5,CA
1882,10/10/2014,Wine Bar,-36.12,CA
1882,10/10/2014,Rodriguez's Bar and Grill,-66.43,CA
1882,10/11/2014,Movie Ticket,-43.12,CA
1882,10/11/2014,Food Delivery - GrubHub,-2.6,CA
1882,10/12/2014,Restaurant - Steakhouse,-39.82,CA
1882,10/13/2014,Movie Ticket,-0.55,CA
1882,10/14/2014,Starbucks Coffee,-11.81,CA
1882,10/14/2014,Wine Bar,-33.19,CA
1882,10/14/2014,Restaurant - Chinese,-35.39,CA
1882,10/14/2014,Ralph's Grocery Store,-0.08,CA
1882,10/14/2014,Seaside Bar,-13.12,CA
1882,10/14/2014,Owl Night Club,-84,CA
1882,10/14/2014,Fisker Night Club,-10.29,CA
1882,10/14/2014,Movie Ticket,-28.22,CA
1882,10/15/2014,Uber,-75.47,CA
1882,10/15/2014,Ice Skating Rink,-9.96,CA
1882,10/15/2014,Wine Bar,-2.66,CA
1882,10/15/2014,Starbucks Coffee,-11.02,CA
1882,10/15/2014,John's Bar & Restaurant,-24.38,CA
1882,10/16/2014,Ice Skating Rink,-37.34,CA
1882,10/17/2014,Bowling,-6.89,CA
1882,10/17/2014,Green Flash Brewery,-19.87,CA
1882,10/17/2014,Concert Ticket,-98.45,CA
1882,10/17/2014,Concert Ticket,-0.01,CA
1882,10/17/2014,Taxi,-27.56,CA
1882,10/18/2014,Fisker Night Club,-24.07,CA
1882,10/19/2014,Restaurant - Chinese,-31.53,CA
1882,10/19/2014,Von's Groceries,-2.56,CA
1882,10/19/2014,Uber,-8.12,CA
1882,10/20/2014,Movie Ticket,-25.69,CA
1882,10/20/2014,Restaurant - Pizza,-19.39,CA
1882,10/21/2014,Public Transportation - Train Pass,-30.9,CA
1882,10/21/2014,Green Flash Brewery,-14.62,CA
1882,10/21/2014,Restaurant - Steakhouse,-20.96,CA
1882,10/22/2014,Food Delivery - GrubHub,-21.6,CA
1882,10/22/2014,Public Transportation - Bus Pass,-23.24,CA
1882,10/23/2014,Karaoke Bar,-31.52,CA
1882,10/24/2014,Restaurant - Burgers,-69.24,CA
1882,10/24/2014,Fisker Night Club,-106.87,CA
1882,10/24/2014,Uber,-25.23,CA
1882,10/24/2014,Movie Ticket,-106.89,CA
1882,10/24/2014,Movie Ticket,-34.49,CA
1882,10/24/2014,Bowling,-12.7,CA
1882,10/24/2014,Movie Ticket,-53.86,CA
1882,10/25/2014,Uber,-112.07,CA
1882,10/26/2014,John's Bar & Restaurant,-10.16,CA
1882,10/26/2014,Uber,-13.87,CA
1882,10/27/2014,Restaurant - Chinese,-31.88,CA
1882,10/28/2014,Karaoke Bar,-37.14,CA
1882,10/28/2014,Karaoke Bar,-16.89,CA
1882,10/28/2014,Wine Bar,-34.89,CA
1882,10/29/2014,Ice Skating Rink,-79.63,CA
1882,10/29/2014,Rodriguez's Bar and Grill,-34.53,CA
1882,10/30/2014,John's Bar & Restaurant,-39.58,CA
1882,11/2/2014,Housing Rent,-1071,CA
1882,11/2/2014,Navient - Student Loans,-197,CA
1882,11/2/2014,Credit Card Payment,-154,CA
1882,11/2/2014,Time Warner Cable,-25,CA
1882,11/2/2014,Netflix Subscription,-4.99,CA
1882,11/2/2014,Water & Sewer,-53,CA
1882,11/2/2014,ACS - Student Loans,-135,CA
1882,11/2/2014,Gas & Electric,-32,CA
1882,11/2/2014,Uber,-1.22,CA
1882,11/2/2014,Fisker Night Club,-2.29,CA
1882,11/3/2014,Movie Ticket,-20.42,CA
1882,11/3/2014,Karaoke Bar,-11.71,CA
1882,11/4/2014,Concert Ticket,-23.27,CA
1882,11/4/2014,Owl Night Club,-28.51,CA
1882,11/4/2014,Movie Ticket,-13.53,CA
1882,11/4/2014,Seaside Bar,-91.19,CA
1882,11/4/2014,John's Bar & Restaurant,-26.74,CA
1882,11/4/2014,Wine Bar,-16.05,CA
1882,11/4/2014,Restaurant - Steakhouse,-70.07,CA
1882,11/5/2014,Owl Night Club,-39.1,CA
1882,11/5/2014,Movie Ticket,-25.84,CA
1882,11/6/2014,Movie Ticket,-15.08,CA
1882,11/6/2014,Rodriguez's Bar and Grill,-39.91,CA
1882,11/6/2014,Karaoke Bar,-28.22,CA
1882,11/6/2014,Green Flash Brewery,-31.17,CA
1882,11/6/2014,Wine Bar,-9.56,CA
1882,11/6/2014,Concert Ticket,-11.08,CA
1882,11/7/2014,Uber,-25,CA
1882,11/8/2014,Taxi,-21.55,CA
1882,11/9/2014,Ice Skating Rink,-31.06,CA
1882,11/9/2014,Green Flash Brewery,-12,CA
1882,11/10/2014,Rodriguez's Bar and Grill,-72.9,CA
1882,11/11/2014,Lyft,-34.74,CA
1882,11/11/2014,Movie Ticket,-99.19,CA
1882,11/11/2014,Uber,-33.66,CA
1882,11/11/2014,Restaurant - Chinese,-1.8,CA
1882,11/12/2014,Public Transportation - Train Pass,-95.56,CA
1882,11/13/2014,John's Bar & Restaurant,-49.79,CA
1882,11/13/2014,Rodriguez's Bar and Grill,-3.21,CA
1882,11/13/2014,Whole Foods,-17.11,CA
1882,11/13/2014,Taxi,-13.46,CA
1882,11/13/2014,Wine Bar,-4.96,CA
1882,11/13/2014,Green Flash Brewery,-0.55,CA
1882,11/14/2014,Concert Ticket,-11.83,CA
1882,11/15/2014,Sprouts Market,-14.26,CA
1882,11/15/2014,Lyft,-26.16,CA
1882,11/16/2014,Restaurant - Chinese,-30.56,CA
1882,11/16/2014,Concert Ticket,-85.65,CA
1882,11/16/2014,Uber,-31.76,CA
1882,11/16/2014,Whole Foods,-7.22,CA
1882,11/16/2014,Sprouts Market,-4.85,CA
1882,11/16/2014,Ice Skating Rink,-74.21,CA
1882,11/16/2014,Owl Night Club,-1.87,CA
1882,11/16/2014,Restaurant - Chinese,-4.5,CA
1882,11/17/2014,Karaoke Bar,-39.04,CA
1882,11/17/2014,Lyft,-0.16,CA
1882,11/18/2014,Concert Ticket,-28.54,CA
1882,11/18/2014,Restaurant - Chinese,-9.79,CA
1882,11/18/2014,Green Flash Brewery,-5.34,CA
1882,11/18/2014,Restaurant - Steakhouse,-24.21,CA
1882,11/19/2014,Concert Ticket,-19.57,CA
1882,11/19/2014,Uber,-25.29,CA
1882,11/19/2014,Bowling,-84.8,CA
1882,11/19/2014,Bowling,-19.28,CA
1882,11/20/2014,Taxi,-31.84,CA
1882,11/21/2014,Lyft,-22.49,CA
1882,11/21/2014,Sprouts Market,-7.49,CA
1882,11/21/2014,Karaoke Bar,-32.31,CA
1882,11/21/2014,Karaoke Bar,-28.19,CA
1882,11/21/2014,Restaurant - Chinese,-32.26,CA
1882,11/21/2014,Karaoke Bar,-30.13,CA
1882,11/21/2014,Restaurant - Steakhouse,-23.18,CA
1882,11/22/2014,Public Transportation - Train Pass,-60.21,CA
1882,11/23/2014,Von's Groceries,-39.01,CA
1882,11/23/2014,Wine Bar,-21.28,CA
1882,11/23/2014,Restaurant - Chinese,-8.93,CA
1882,11/23/2014,Seaside Bar,-61.53,CA
1882,11/23/2014,Whole Foods,-4.78,CA
1882,11/23/2014,Fisker Night Club,-1.68,CA
1882,11/23/2014,Sprouts Market,-84.13,CA
1882,11/23/2014,John's Bar & Restaurant,-13.66,CA
1882,11/23/2014,Restaurant - Chinese,-55.91,CA
1882,11/24/2014,Uber,-1.35,CA
1882,11/25/2014,Owl Night Club,-27.17,CA
1882,11/25/2014,Restaurant - Burgers,-13.99,CA
1882,11/25/2014,Bowling,-18.49,CA
1882,11/26/2014,Lyft,-4.87,CA
1882,11/27/2014,Lyft,-18.9,CA
1882,11/27/2014,Taxi,-34.74,CA
1882,11/27/2014,Movie Ticket,-59.75,CA
1882,11/27/2014,Concert Ticket,-33.06,CA
1882,11/27/2014,Taxi,-53.55,CA
1882,11/27/2014,Uber,-40.68,CA
1882,11/27/2014,Seaside Bar,-12.84,CA
1882,11/28/2014,Taxi,-21.35,CA
1882,11/28/2014,Seaside Bar,-113.47,CA
1882,11/28/2014,Whole Foods,-24.43,CA
1882,11/28/2014,Food Delivery - GrubHub,-1.76,CA
1882,11/28/2014,Karaoke Bar,-23.44,CA
1882,11/28/2014,Whole Foods,-13.63,CA
1882,11/29/2014,Food Delivery - GrubHub,-56.49,CA
1882,11/30/2014,Ice Skating Rink,-1.9,CA
1882,11/30/2014,Uber,-30.07,CA
1882,11/30/2014,Starbucks Coffee,-73.43,CA
1882,12/2/2014,Housing Rent,-1326,CA
1882,12/2/2014,Navient - Student Loans,-197,CA
1882,12/2/2014,Credit Card Payment,-154,CA
1882,12/2/2014,Time Warner Cable,-25,CA
1882,12/2/2014,Netflix Subscription,-4.99,CA
1882,12/2/2014,Water & Sewer,-53,CA
1882,12/2/2014,ACS - Student Loans,-135,CA
1882,12/2/2014,Gas & Electric,-32,CA
1882,12/2/2014,Ice Skating Rink,-29.76,CA
1882,12/2/2014,Rodriguez's Bar and Grill,-33.21,CA
1882,12/2/2014,Green Flash Brewery,-24.96,CA
1882,12/2/2014,Restaurant - Pizza,-5.29,CA
1882,12/2/2014,Taxi,-4.97,CA
1882,12/2/2014,Karaoke Bar,-6.91,CA
1882,12/2/2014,Fisker Night Club,-5.06,CA
1882,12/3/2014,Karaoke Bar,-106.02,CA
1882,12/3/2014,Restaurant - Pizza,-19.69,CA
1882,12/3/2014,Whole Foods,-37.13,CA
1882,12/3/2014,Seaside Bar,-0.68,CA
1882,12/3/2014,Lyft,-116.27,CA
1882,12/4/2014,Restaurant - Chinese,-3.75,CA
1882,12/4/2014,Bowling,-94.34,CA
1882,12/4/2014,Taxi,-22.52,CA
1882,12/4/2014,Food Delivery - GrubHub,-102.91,CA
1882,12/4/2014,Restaurant - Chinese,-5.51,CA
1882,12/4/2014,Green Flash Brewery,-29.67,CA
1882,12/4/2014,Restaurant - Steakhouse,-88.97,CA
1882,12/4/2014,Uber,-49.81,CA
1882,12/4/2014,Owl Night Club,-39.17,CA
1882,12/4/2014,Public Transportation - Train Pass,-33.76,CA
1882,12/5/2014,Movie Ticket,-31.4,CA
1882,12/5/2014,Karaoke Bar,-23.71,CA
1882,12/5/2014,Taxi,-52.95,CA
1882,12/6/2014,Owl Night Club,-14.95,CA
1882,12/6/2014,Public Transportation - Train Pass,-26.45,CA
1882,12/7/2014,Restaurant - Steakhouse,-10.81,CA
1882,12/7/2014,Sprouts Market,-8.92,CA
1882,12/8/2014,Seaside Bar,-19.14,CA
1882,12/8/2014,Fisker Night Club,-11.73,CA
1882,12/8/2014,Concert Ticket,-109.9,CA
1882,12/9/2014,Green Flash Brewery,-10.34,CA
1882,12/9/2014,Concert Ticket,-27.69,CA
1882,12/9/2014,Bowling,-1.88,CA
1882,12/10/2014,Karaoke Bar,-12.73,CA
1882,12/11/2014,Rodriguez's Bar and Grill,-20.92,CA
1882,12/12/2014,Owl Night Club,-28.03,CA
1882,12/12/2014,Restaurant - Pizza,-34.63,CA
1882,12/12/2014,Restaurant - Chinese,-55.04,CA
1882,12/13/2014,Wine Bar,-109.04,CA
1882,12/14/2014,Seaside Bar,-73.19,CA
1882,12/15/2014,John's Bar & Restaurant,-25.35,CA
1882,12/16/2014,Ice Skating Rink,-7.17,CA
1882,12/17/2014,Owl Night Club,-13.72,CA
1882,12/17/2014,Ralph's Grocery Store,-39.69,CA
1882,12/18/2014,Movie Ticket,-19.5,CA
1882,12/18/2014,Restaurant - Steakhouse,-5.14,CA
1882,12/18/2014,Ice Skating Rink,-4.63,CA
1882,12/19/2014,Green Flash Brewery,-22.5,CA
1882,12/19/2014,Rodriguez's Bar and Grill,-16.19,CA
1882,12/20/2014,Karaoke Bar,-6.65,CA
1882,12/20/2014,Von's Groceries,-66.44,CA
1882,12/20/2014,Ice Skating Rink,-70.06,CA
1882,12/20/2014,Starbucks Coffee,-96.25,CA
1882,12/20/2014,Restaurant - Chinese,-12.23,CA
1882,12/20/2014,John's Bar & Restaurant,-3.51,CA
1882,12/21/2014,Wine Bar,-4.1,CA
1882,12/21/2014,Food Delivery - GrubHub,-0.23,CA
1882,12/21/2014,Bowling,-76.82,CA
1882,12/21/2014,Rodriguez's Bar and Grill,-18.01,CA
1882,12/21/2014,Restaurant - Burgers,-17.61,CA
1882,12/22/2014,Starbucks Coffee,-19.53,CA
1882,12/23/2014,Lyft,-17.93,CA
1882,12/23/2014,Bowling,-13.56,CA
1882,12/24/2014,Seaside Bar,-4.1,CA
1882,12/24/2014,Bowling,-2.97,CA
1882,12/24/2014,Uber,-87.64,CA
1882,12/25/2014,Public Transportation - Train Pass,-31.08,CA
1882,12/25/2014,Rodriguez's Bar and Grill,-13.28,CA
1882,12/25/2014,Seaside Bar,-13.4,CA
1882,12/26/2014,Fisker Night Club,-2.56,CA
1882,12/26/2014,Bowling,-0.69,CA
1882,12/27/2014,Wine Bar,-6.77,CA
1882,12/27/2014,Wine Bar,-35.17,CA
1882,12/27/2014,Wine Bar,-25.65,CA
1882,12/28/2014,Green Flash Brewery,-34.48,CA
1882,12/29/2014,Taxi,-118.43,CA
1882,12/29/2014,Fisker Night Club,-13.25,CA
1882,12/29/2014,John's Bar & Restaurant,-5.42,CA
1882,12/29/2014,Movie Ticket,-28.75,CA
1882,12/29/2014,Green Flash Brewery,-31,CA
1882,12/30/2014,Karaoke Bar,-35.33,CA
1882,12/30/2014,Karaoke Bar,-4.51,CA
1882,12/32/2014,Uber,-1.1,CA
1882,12/32/2014,Starbucks Coffee,-4.17,CA
1882,12/32/2014,Seaside Bar,-24.99,CA
