auth_id, Date, Vendor, Amount, Location 
37551,1/2/2013,Dick's Sporting Goods,-25.29,CA
37551,1/2/2013,Total Gym Fees,-5.43,CA
37551,1/2/2013,Amazon Order - Athletic Equipment,-36.14,CA
37551,1/2/2013,Vitamin Shoppe,-74.21,CA
37551,1/2/2013,NFL Ticket - Chargers,-12.02,CA
37551,1/2/2013,Amazon Order - Athletic Equipment,-3.03,CA
37551,1/2/2013,Ralph's Grocery Store,-20.63,CA
37551,1/2/2013,NBA Ticket - Lakers,-39.26,CA
37551,1/3/2013,Vitamin Shoppe,-1.88,CA
37551,1/3/2013,Uber,-10.94,CA
37551,1/3/2013,Taxi,-111.52,CA
37551,1/3/2013,Restaurant - Burgers,-3.91,CA
37551,1/4/2013,Starbucks Coffee,-25.13,CA
37551,1/5/2013,Uber,-22.16,CA
37551,1/5/2013,Uber,-10.04,CA
37551,1/6/2013,Lyft,-27.65,CA
37551,1/6/2013,Athletic Apparel,-88.07,CA
37551,1/6/2013,Restaurant - Pizza,-78.06,CA
37551,1/6/2013,Sam's Sporting Apparel,-37.86,CA
37551,1/6/2013,Taxi,-1.61,CA
37551,1/6/2013,Taxi,-101.46,CA
37551,1/6/2013,Public Transportation - Train Pass,-15.83,CA
37551,1/6/2013,Total Gym Fees,-21.39,CA
37551,1/6/2013,Athletic Apparel,-88.43,CA
37551,1/6/2013,NBA Ticket - Lakers,-9.98,CA
37551,1/6/2013,NBA Ticket - Lakers,-53.98,CA
37551,1/6/2013,Taxi,-17.45,CA
37551,1/6/2013,Public Transportation - Train Pass,-110.67,CA
37551,1/6/2013,Restaurant - Chinese,-29.19,CA
37551,1/6/2013,GNC,-2.77,CA
37551,1/6/2013,Whole Foods,-33.11,CA
37551,1/6/2013,Lyft,-55.25,CA
37551,1/6/2013,Taxi,-25.9,CA
37551,1/6/2013,Taxi,-38.31,CA
37551,1/6/2013,Uber,-2.39,CA
37551,1/6/2013,Sprouts Market,-33.42,CA
37551,1/7/2013,Athletic Apparel,-18.67,CA
37551,1/7/2013,Sam's Sporting Apparel,-36.44,CA
37551,1/8/2013,Starbucks Coffee,-30.33,CA
37551,1/9/2013,Taxi,-17.76,CA
37551,1/10/2013,Amazon Order - Athletic Equipment,-88.99,CA
37551,1/10/2013,Dick's Sporting Goods,-57.98,CA
37551,1/10/2013,Public Transportation - Train Pass,-32.41,CA
37551,1/10/2013,Total Gym Fees,-8.64,CA
37551,1/11/2013,Total Gym Fees,-26.5,CA
37551,1/11/2013,Restaurant - Pizza,-29,CA
37551,1/12/2013,Athletic Apparel,-22.24,CA
37551,1/12/2013,Sam's Sporting Apparel,-26.02,CA
37551,1/12/2013,Vitamin Shoppe,-8.6,CA
37551,1/12/2013,Dick's Sporting Goods,-80.64,CA
37551,1/12/2013,Lyft,-17.56,CA
37551,1/12/2013,Public Transportation - Bus Pass,-37.47,CA
37551,1/12/2013,Taxi,-23.66,CA
37551,1/12/2013,Public Transportation - Bus Pass,-36.31,CA
37551,1/12/2013,NBA Ticket - Lakers,-5.15,CA
37551,1/12/2013,Sam's Sporting Apparel,-6.02,CA
37551,1/12/2013,Bike Rental,-23.98,CA
37551,1/12/2013,NBA Ticket - Lakers,-5.73,CA
37551,1/12/2013,Amazon Order - Athletic Equipment,-26.48,CA
37551,1/13/2013,GNC,-5.09,CA
37551,1/13/2013,GNC,-5.72,CA
37551,1/13/2013,Athletic Apparel,-39.68,CA
37551,1/13/2013,GNC,-4.46,CA
37551,1/13/2013,Dick's Sporting Goods,-11.65,CA
37551,1/13/2013,Amazon Order - Athletic Equipment,-26.64,CA
37551,1/13/2013,Restaurant - Pizza,-28.67,CA
37551,1/13/2013,Public Transportation - Bus Pass,-17.76,CA
37551,1/14/2013,GNC,-30.01,CA
37551,1/14/2013,Whole Foods,-13.24,CA
37551,1/14/2013,Total Gym Fees,-26.09,CA
37551,1/14/2013,Ralph's Grocery Store,-101.74,CA
37551,1/14/2013,Bike Rental,-85.77,CA
37551,1/14/2013,Ralph's Grocery Store,-57.26,CA
37551,1/15/2013,NFL Ticket - Chargers,-71.21,CA
37551,1/15/2013,Sam's Sporting Apparel,-32.6,CA
37551,1/16/2013,Uber,-27.82,CA
37551,1/16/2013,Dick's Sporting Goods,-12.48,CA
37551,1/16/2013,Ralph's Grocery Store,-15.81,CA
37551,1/16/2013,Vitamin Shoppe,-14.42,CA
37551,1/16/2013,Dick's Sporting Goods,-15.11,CA
37551,1/16/2013,Restaurant - Chinese,-24.88,CA
37551,1/17/2013,Bike Rental,-17.64,CA
37551,1/17/2013,Vitamin Shoppe,-29.93,CA
37551,1/17/2013,Bike Rental,-22.44,CA
37551,1/17/2013,NBA Ticket - Lakers,-13.1,CA
37551,1/17/2013,NBA Ticket - Lakers,-17.56,CA
37551,1/18/2013,Dick's Sporting Goods,-16.67,CA
37551,1/19/2013,NFL Ticket - Chargers,-19.09,CA
37551,1/20/2013,Taxi,-85.48,CA
37551,1/21/2013,NFL Ticket - Chargers,-71.49,CA
37551,1/21/2013,Sprouts Market,-13.48,CA
37551,1/21/2013,NFL Ticket - Chargers,-10.98,CA
37551,1/21/2013,NFL Ticket - Chargers,-23.62,CA
37551,1/22/2013,Total Gym Fees,-43.31,CA
37551,1/22/2013,Sam's Sporting Apparel,-14.81,CA
37551,1/22/2013,NBA Ticket - Lakers,-2.53,CA
37551,1/23/2013,Bike Rental,-6.56,CA
37551,1/24/2013,Lyft,-1.82,CA
37551,1/25/2013,Ralph's Grocery Store,-37.11,CA
37551,1/25/2013,GNC,-7.15,CA
37551,1/25/2013,Lyft,-5.39,CA
37551,1/26/2013,Restaurant - Steakhouse,-33.06,CA
37551,1/27/2013,Restaurant - Pizza,-6.56,CA
37551,1/27/2013,Amazon Order - Athletic Equipment,-29.67,CA
37551,1/28/2013,Total Gym Fees,-24.44,CA
37551,1/28/2013,Sam's Sporting Apparel,-7.42,CA
37551,1/29/2013,Taxi,-9.88,CA
37551,1/30/2013,Whole Foods,-32.33,CA
37551,1/30/2013,Sprouts Market,-20.2,CA
37551,3/2/2013,Paycheck,2386,CA
37551,3/2/2013,Housing Rent,-760,CA
37551,3/2/2013,Netflix Subscription,-4.99,CA
37551,3/2/2013,Navient - Student Loans,-197,CA
37551,3/2/2013,ACS - Student Loans,-135,CA
37551,3/2/2013,Amazon Order - Athletic Equipment,-30.24,CA
37551,3/2/2013,Uber,-4.7,CA
37551,3/2/2013,GNC,-14.7,CA
37551,3/2/2013,Restaurant - Steakhouse,-3.35,CA
37551,3/3/2013,Amazon Order - Athletic Equipment,-38.73,CA
37551,3/4/2013,Athletic Apparel,-24.14,CA
37551,3/4/2013,Vitamin Shoppe,-6.44,CA
37551,3/4/2013,Vitamin Shoppe,-24.4,CA
37551,3/4/2013,Von's Groceries,-21.89,CA
37551,3/5/2013,Public Transportation - Bus Pass,-6.15,CA
37551,3/6/2013,Sam's Sporting Apparel,-23.2,CA
37551,3/7/2013,GNC,-30.9,CA
37551,3/7/2013,Uber,-33.51,CA
37551,3/7/2013,Lyft,-21.42,CA
37551,3/7/2013,Public Transportation - Bus Pass,-6.42,CA
37551,3/7/2013,Public Transportation - Train Pass,-19.63,CA
37551,3/7/2013,GNC,-5.44,CA
37551,3/7/2013,Public Transportation - Bus Pass,-41.68,CA
37551,3/8/2013,Sam's Sporting Apparel,-17.74,CA
37551,3/8/2013,Restaurant - Pizza,-65.15,CA
37551,3/8/2013,Amazon Order - Athletic Equipment,-3.61,CA
37551,3/8/2013,Bike Rental,-118.83,CA
37551,3/8/2013,GNC,-12.48,CA
37551,3/9/2013,Total Gym Fees,-23.58,CA
37551,3/9/2013,Taxi,-38.88,CA
37551,3/10/2013,Sam's Sporting Apparel,-19.07,CA
37551,3/10/2013,Lyft,-8.36,CA
37551,3/11/2013,NFL Ticket - Chargers,-3.72,CA
37551,3/12/2013,Amazon Order - Athletic Equipment,-39.35,CA
37551,3/13/2013,NFL Ticket - Chargers,-26.13,CA
37551,3/14/2013,GNC,-35.49,CA
37551,3/14/2013,NFL Ticket - Chargers,-10.95,CA
37551,3/14/2013,Bike Rental,-17.03,CA
37551,3/15/2013,Dick's Sporting Goods,-1.83,CA
37551,3/15/2013,Restaurant - Pizza,-6.61,CA
37551,3/15/2013,Sam's Sporting Apparel,-16.61,CA
37551,3/16/2013,Bike Rental,-24.79,CA
37551,3/16/2013,Sprouts Market,-31.81,CA
37551,3/17/2013,Ralph's Grocery Store,-9.02,CA
37551,3/17/2013,NFL Ticket - Chargers,-7.67,CA
37551,3/17/2013,NFL Ticket - Chargers,-36.67,CA
37551,3/17/2013,Dick's Sporting Goods,-3.69,CA
37551,3/17/2013,Food Delivery - GrubHub,-31,CA
37551,3/17/2013,NBA Ticket - Lakers,-1.09,CA
37551,3/18/2013,Uber,-19.44,CA
37551,3/18/2013,Ralph's Grocery Store,-22.97,CA
37551,3/19/2013,Bike Rental,-7.46,CA
37551,3/19/2013,Dick's Sporting Goods,-51.05,CA
37551,3/20/2013,Sam's Sporting Apparel,-50.17,CA
37551,3/20/2013,Public Transportation - Bus Pass,-19.14,CA
37551,3/21/2013,Amazon Order - Athletic Equipment,-15.21,CA
37551,3/21/2013,Sam's Sporting Apparel,-31.33,CA
37551,3/21/2013,GNC,-25.01,CA
37551,3/21/2013,Whole Foods,-11.59,CA
37551,3/22/2013,GNC,-10.64,CA
37551,3/23/2013,Athletic Apparel,-35.11,CA
37551,3/23/2013,NFL Ticket - Chargers,-0.84,CA
37551,3/24/2013,GNC,-19.88,CA
37551,3/24/2013,GNC,-1.64,CA
37551,3/25/2013,GNC,-26.32,CA
37551,3/25/2013,Lyft,-33.76,CA
37551,3/25/2013,Athletic Apparel,-10.59,CA
37551,3/25/2013,Sprouts Market,-20.1,CA
37551,3/25/2013,GNC,-42.11,CA
37551,3/25/2013,Athletic Apparel,-37.01,CA
37551,3/26/2013,NFL Ticket - Chargers,-38.68,CA
37551,3/26/2013,Public Transportation - Bus Pass,-35.73,CA
37551,3/26/2013,Athletic Apparel,-35.58,CA
37551,3/27/2013,Dick's Sporting Goods,-15.05,CA
37551,3/27/2013,GNC,-31.21,CA
37551,3/28/2013,Dick's Sporting Goods,-78.56,CA
37551,3/28/2013,Public Transportation - Bus Pass,-81.63,CA
37551,3/28/2013,Bike Rental,-29.58,CA
37551,3/28/2013,Athletic Apparel,-12.35,CA
37551,3/28/2013,GNC,-110.11,CA
37551,3/28/2013,Total Gym Fees,-1.3,CA
37551,3/28/2013,Vitamin Shoppe,-27.3,CA
37551,3/28/2013,Taxi,-17.2,CA
37551,3/29/2013,Bike Rental,-0.38,CA
37551,3/30/2013,Restaurant - Steakhouse,-38.09,CA
37551,3/30/2013,Restaurant - Burgers,-34.08,CA
37551,3/30/2013,Athletic Apparel,-8.84,CA
37551,3/30/2013,Sam's Sporting Apparel,-34.19,CA
37551,4/2/2013,Paycheck,2386,CA
37551,4/2/2013,Housing Rent,-1097,CA
37551,4/2/2013,Netflix Subscription,-4.99,CA
37551,4/2/2013,Navient - Student Loans,-197,CA
37551,4/2/2013,ACS - Student Loans,-135,CA
37551,4/2/2013,NFL Ticket - Chargers,-87.6,CA
37551,4/3/2013,Food Delivery - GrubHub,-28.72,CA
37551,4/3/2013,Amazon Order - Athletic Equipment,-22.78,CA
37551,4/4/2013,Sprouts Market,-21.46,CA
37551,4/5/2013,Amazon Order - Athletic Equipment,-7.76,CA
37551,4/5/2013,Restaurant - Pizza,-39.83,CA
37551,4/5/2013,Total Gym Fees,-68.98,CA
37551,4/6/2013,Vitamin Shoppe,-33.83,CA
37551,4/6/2013,Restaurant - Steakhouse,-28.19,CA
37551,4/6/2013,Amazon Order - Athletic Equipment,-19.29,CA
37551,4/6/2013,NBA Ticket - Lakers,-18.88,CA
37551,4/6/2013,Total Gym Fees,-38.13,CA
37551,4/7/2013,Ralph's Grocery Store,-30.64,CA
37551,4/7/2013,Ralph's Grocery Store,-7.4,CA
37551,4/7/2013,NFL Ticket - Chargers,-36.09,CA
37551,4/8/2013,Public Transportation - Train Pass,-10.83,CA
37551,4/9/2013,NFL Ticket - Chargers,-10.93,CA
37551,4/10/2013,GNC,-13.34,CA
37551,4/10/2013,Vitamin Shoppe,-7.35,CA
37551,4/11/2013,Restaurant - Chinese,-38.86,CA
37551,4/11/2013,Bike Rental,-10.35,CA
37551,4/11/2013,GNC,-16.92,CA
37551,4/11/2013,Dick's Sporting Goods,-33.93,CA
37551,4/11/2013,Restaurant - Burgers,-39.62,CA
37551,4/12/2013,Restaurant - Steakhouse,-20.16,CA
37551,4/13/2013,Taxi,-20.59,CA
37551,4/13/2013,Restaurant - Chinese,-25.09,CA
37551,4/13/2013,Dick's Sporting Goods,-8.4,CA
37551,4/13/2013,Uber,-58.51,CA
37551,4/13/2013,Taxi,-39.16,CA
37551,4/14/2013,GNC,-18.4,CA
37551,4/14/2013,Dick's Sporting Goods,-1.89,CA
37551,4/14/2013,Sam's Sporting Apparel,-17.91,CA
37551,4/14/2013,Vitamin Shoppe,-95.55,CA
37551,4/14/2013,GNC,-36.03,CA
37551,4/14/2013,Total Gym Fees,-30.47,CA
37551,4/14/2013,Von's Groceries,-73.93,CA
37551,4/14/2013,Dick's Sporting Goods,-9.88,CA
37551,4/14/2013,Restaurant - Chinese,-0.87,CA
37551,4/14/2013,Amazon Order - Athletic Equipment,-78.59,CA
37551,4/14/2013,Total Gym Fees,-4.53,CA
37551,4/15/2013,Total Gym Fees,-34.19,CA
37551,4/16/2013,NFL Ticket - Chargers,-25.59,CA
37551,4/16/2013,Bike Rental,-39.68,CA
37551,4/16/2013,Amazon Order - Athletic Equipment,-18.6,CA
37551,4/16/2013,Amazon Order - Athletic Equipment,-66.3,CA
37551,4/17/2013,Amazon Order - Athletic Equipment,-3.47,CA
37551,4/17/2013,Restaurant - Chinese,-36.51,CA
37551,4/17/2013,Amazon Order - Athletic Equipment,-28.2,CA
37551,4/17/2013,Athletic Apparel,-23.27,CA
37551,4/17/2013,GNC,-118.28,CA
37551,4/18/2013,Dick's Sporting Goods,-31.98,CA
37551,4/19/2013,Vitamin Shoppe,-6.99,CA
37551,4/19/2013,Sam's Sporting Apparel,-22.51,CA
37551,4/20/2013,Taxi,-37,CA
37551,4/20/2013,NFL Ticket - Chargers,-32.28,CA
37551,4/21/2013,Total Gym Fees,-15.09,CA
37551,4/22/2013,Public Transportation - Train Pass,-4.9,CA
37551,4/22/2013,Dick's Sporting Goods,-1.06,CA
37551,4/23/2013,Sam's Sporting Apparel,-14.17,CA
37551,4/23/2013,Von's Groceries,-24.62,CA
37551,4/24/2013,Sam's Sporting Apparel,-17.01,CA
37551,4/25/2013,Vitamin Shoppe,-29.01,CA
37551,4/26/2013,Bike Rental,-101.52,CA
37551,4/27/2013,Restaurant - Burgers,-8.09,CA
37551,4/28/2013,Amazon Order - Athletic Equipment,-22.4,CA
37551,4/28/2013,Vitamin Shoppe,-21.68,CA
37551,4/28/2013,NBA Ticket - Lakers,-4.49,CA
37551,4/28/2013,NBA Ticket - Lakers,-32.81,CA
37551,4/29/2013,Total Gym Fees,-108.78,CA
37551,4/29/2013,Sam's Sporting Apparel,-15.5,CA
37551,4/29/2013,NFL Ticket - Chargers,-27.4,CA
37551,4/29/2013,Bike Rental,-0.39,CA
37551,4/29/2013,Restaurant - Steakhouse,-39.9,CA
37551,4/29/2013,Lyft,-11.19,CA
37551,4/30/2013,Lyft,-11.26,CA
37551,4/30/2013,Bike Rental,-5.58,CA
37551,5/2/2013,Paycheck,2386,CA
37551,5/2/2013,Housing Rent,-710,CA
37551,5/2/2013,Netflix Subscription,-4.99,CA
37551,5/2/2013,Navient - Student Loans,-197,CA
37551,5/2/2013,ACS - Student Loans,-135,CA
37551,5/2/2013,Total Gym Fees,-25.85,CA
37551,5/2/2013,Starbucks Coffee,-98.64,CA
37551,5/3/2013,NBA Ticket - Lakers,-27.15,CA
37551,5/3/2013,Starbucks Coffee,-31.25,CA
37551,5/4/2013,Vitamin Shoppe,-17.82,CA
37551,5/5/2013,NFL Ticket - Chargers,-52.6,CA
37551,5/5/2013,Public Transportation - Bus Pass,-26.9,CA
37551,5/6/2013,Athletic Apparel,-36.07,CA
37551,5/7/2013,Athletic Apparel,-26.67,CA
37551,5/7/2013,Bike Rental,-36.2,CA
37551,5/8/2013,Public Transportation - Bus Pass,-28.11,CA
37551,5/9/2013,Athletic Apparel,-60.96,CA
37551,5/9/2013,Public Transportation - Bus Pass,-50.21,CA
37551,5/9/2013,Amazon Order - Athletic Equipment,-16.58,CA
37551,5/10/2013,Taxi,-27.67,CA
37551,5/10/2013,Sprouts Market,-77.81,CA
37551,5/10/2013,Dick's Sporting Goods,-68.81,CA
37551,5/10/2013,GNC,-14.06,CA
37551,5/10/2013,Lyft,-18.03,CA
37551,5/11/2013,Taxi,-36.93,CA
37551,5/11/2013,Taxi,-117.44,CA
37551,5/12/2013,Restaurant - Burgers,-20.92,CA
37551,5/13/2013,Ralph's Grocery Store,-31.38,CA
37551,5/13/2013,Bike Rental,-14.03,CA
37551,5/14/2013,Dick's Sporting Goods,-19.66,CA
37551,5/14/2013,Amazon Order - Athletic Equipment,-14.14,CA
37551,5/14/2013,Amazon Order - Athletic Equipment,-26.74,CA
37551,5/15/2013,Amazon Order - Athletic Equipment,-37.95,CA
37551,5/15/2013,Bike Rental,-64.14,CA
37551,5/15/2013,Athletic Apparel,-10.76,CA
37551,5/15/2013,Athletic Apparel,-11.74,CA
37551,5/15/2013,Athletic Apparel,-34.13,CA
37551,5/15/2013,Amazon Order - Athletic Equipment,-115.98,CA
37551,5/16/2013,GNC,-39.68,CA
37551,5/17/2013,Public Transportation - Train Pass,-11.33,CA
37551,5/18/2013,Public Transportation - Train Pass,-85.02,CA
37551,5/18/2013,Uber,-12.98,CA
37551,5/19/2013,Dick's Sporting Goods,-39.2,CA
37551,5/20/2013,NBA Ticket - Lakers,-38.39,CA
37551,5/20/2013,Taxi,-60.13,CA
37551,5/20/2013,Bike Rental,-28.16,CA
37551,5/20/2013,Public Transportation - Bus Pass,-13.89,CA
37551,5/20/2013,Lyft,-9.26,CA
37551,5/20/2013,Von's Groceries,-15.43,CA
37551,5/21/2013,Athletic Apparel,-14.53,CA
37551,5/21/2013,Von's Groceries,-4.89,CA
37551,5/22/2013,Dick's Sporting Goods,-8.4,CA
37551,5/22/2013,Restaurant - Steakhouse,-104.15,CA
37551,5/22/2013,NFL Ticket - Chargers,-27.52,CA
37551,5/22/2013,NFL Ticket - Chargers,-9.73,CA
37551,5/22/2013,Public Transportation - Train Pass,-35.03,CA
37551,5/22/2013,NBA Ticket - Lakers,-2.2,CA
37551,5/22/2013,Athletic Apparel,-4.28,CA
37551,5/23/2013,NBA Ticket - Lakers,-11.2,CA
37551,5/24/2013,Vitamin Shoppe,-102.03,CA
37551,5/25/2013,NFL Ticket - Chargers,-38.01,CA
37551,5/26/2013,GNC,-1.41,CA
37551,5/26/2013,NBA Ticket - Lakers,-9.54,CA
37551,5/26/2013,Total Gym Fees,-10.61,CA
37551,5/26/2013,Ralph's Grocery Store,-12.91,CA
37551,5/26/2013,Food Delivery - GrubHub,-18.73,CA
37551,5/27/2013,Starbucks Coffee,-35.78,CA
37551,5/27/2013,GNC,-29.79,CA
37551,5/27/2013,Restaurant - Chinese,-21.08,CA
37551,5/27/2013,Food Delivery - GrubHub,-106.68,CA
37551,5/27/2013,Restaurant - Burgers,-25.19,CA
37551,5/27/2013,Food Delivery - GrubHub,-8.17,CA
37551,5/27/2013,Sam's Sporting Apparel,-15.8,CA
37551,5/27/2013,Dick's Sporting Goods,-8.26,CA
37551,5/27/2013,Public Transportation - Train Pass,-10.71,CA
37551,5/27/2013,Restaurant - Steakhouse,-58.55,CA
37551,5/28/2013,GNC,-99.22,CA
37551,5/28/2013,Amazon Order - Athletic Equipment,-0.21,CA
37551,5/28/2013,Bike Rental,-22.32,CA
37551,5/28/2013,NFL Ticket - Chargers,-37.46,CA
37551,5/28/2013,Bike Rental,-39.83,CA
37551,5/29/2013,Dick's Sporting Goods,-115.79,CA
37551,5/29/2013,GNC,-36.94,CA
37551,5/29/2013,Total Gym Fees,-12.8,CA
37551,5/29/2013,Restaurant - Burgers,-38.11,CA
37551,5/29/2013,Lyft,-17.79,CA
37551,5/29/2013,Sam's Sporting Apparel,-4.85,CA
37551,5/29/2013,Dick's Sporting Goods,-30.52,CA
37551,5/29/2013,Lyft,-28.48,CA
37551,5/29/2013,Von's Groceries,-52.44,CA
37551,5/30/2013,GNC,-24.91,CA
37551,5/30/2013,Starbucks Coffee,-15.26,CA
37551,6/2/2013,Paycheck,2386,CA
37551,6/2/2013,Housing Rent,-1259,CA
37551,6/2/2013,Netflix Subscription,-4.99,CA
37551,6/2/2013,Navient - Student Loans,-197,CA
37551,6/2/2013,ACS - Student Loans,-135,CA
37551,6/2/2013,GNC,-22.66,CA
37551,6/3/2013,Total Gym Fees,-84.25,CA
37551,6/4/2013,Vitamin Shoppe,-28.03,CA
37551,6/5/2013,Food Delivery - GrubHub,-2.52,CA
37551,6/5/2013,Restaurant - Pizza,-31.96,CA
37551,6/6/2013,Food Delivery - GrubHub,-34.17,CA
37551,6/6/2013,Lyft,-1.85,CA
37551,6/6/2013,Vitamin Shoppe,-8.62,CA
37551,6/7/2013,Lyft,-62.71,CA
37551,6/7/2013,Bike Rental,-105.05,CA
37551,6/7/2013,Uber,-24.87,CA
37551,6/7/2013,GNC,-34.86,CA
37551,6/7/2013,Amazon Order - Athletic Equipment,-113.47,CA
37551,6/7/2013,Dick's Sporting Goods,-6.14,CA
37551,6/7/2013,Dick's Sporting Goods,-12.33,CA
37551,6/8/2013,Restaurant - Pizza,-119.42,CA
37551,6/8/2013,NBA Ticket - Lakers,-13.25,CA
37551,6/8/2013,Uber,-6.91,CA
37551,6/8/2013,Starbucks Coffee,-23.67,CA
37551,6/8/2013,Total Gym Fees,-6.78,CA
37551,6/8/2013,Total Gym Fees,-31.91,CA
37551,6/8/2013,NFL Ticket - Chargers,-16.81,CA
37551,6/8/2013,Amazon Order - Athletic Equipment,-42,CA
37551,6/8/2013,Dick's Sporting Goods,-31.98,CA
37551,6/8/2013,Dick's Sporting Goods,-11.36,CA
37551,6/9/2013,Dick's Sporting Goods,-17.73,CA
37551,6/9/2013,Public Transportation - Bus Pass,-11.06,CA
37551,6/9/2013,GNC,-51.17,CA
37551,6/10/2013,Athletic Apparel,-18.64,CA
37551,6/10/2013,NBA Ticket - Lakers,-9.5,CA
37551,6/11/2013,Amazon Order - Athletic Equipment,-18.83,CA
37551,6/12/2013,GNC,-26.61,CA
37551,6/13/2013,Total Gym Fees,-7.85,CA
37551,6/13/2013,NBA Ticket - Lakers,-32.94,CA
37551,6/14/2013,Ralph's Grocery Store,-93.18,CA
37551,6/15/2013,Restaurant - Pizza,-29.55,CA
37551,6/15/2013,NBA Ticket - Lakers,-33.41,CA
37551,6/15/2013,Vitamin Shoppe,-31.08,CA
37551,6/15/2013,NFL Ticket - Chargers,-83.7,CA
37551,6/15/2013,NBA Ticket - Lakers,-82.74,CA
37551,6/16/2013,Sam's Sporting Apparel,-38.95,CA
37551,6/16/2013,GNC,-12.08,CA
37551,6/17/2013,Bike Rental,-3.07,CA
37551,6/17/2013,Sam's Sporting Apparel,-38.87,CA
37551,6/17/2013,Bike Rental,-24.83,CA
37551,6/17/2013,Taxi,-16.45,CA
37551,6/18/2013,Bike Rental,-10.61,CA
37551,6/18/2013,Uber,-20.9,CA
37551,6/18/2013,NFL Ticket - Chargers,-13.9,CA
37551,6/18/2013,GNC,-28.21,CA
37551,6/18/2013,Public Transportation - Train Pass,-23.04,CA
37551,6/18/2013,Sprouts Market,-17.02,CA
37551,6/18/2013,NBA Ticket - Lakers,-35.83,CA
37551,6/18/2013,NFL Ticket - Chargers,-34.58,CA
37551,6/18/2013,NBA Ticket - Lakers,-13.98,CA
37551,6/19/2013,Bike Rental,-7.73,CA
37551,6/19/2013,NBA Ticket - Lakers,-6.63,CA
37551,6/20/2013,Bike Rental,-9.03,CA
37551,6/21/2013,Dick's Sporting Goods,-10.6,CA
37551,6/21/2013,Taxi,-24.9,CA
37551,6/22/2013,Uber,-97.54,CA
37551,6/22/2013,NBA Ticket - Lakers,-113.64,CA
37551,6/22/2013,NFL Ticket - Chargers,-1.56,CA
37551,6/22/2013,NBA Ticket - Lakers,-51.13,CA
37551,6/22/2013,Uber,-19.45,CA
37551,6/22/2013,Total Gym Fees,-31.96,CA
37551,6/22/2013,Athletic Apparel,-35.01,CA
37551,6/22/2013,Restaurant - Burgers,-18.14,CA
37551,6/22/2013,Vitamin Shoppe,-70.6,CA
37551,6/23/2013,NFL Ticket - Chargers,-9.69,CA
37551,6/23/2013,Restaurant - Burgers,-6.79,CA
37551,6/23/2013,Restaurant - Pizza,-12.23,CA
37551,6/23/2013,Restaurant - Chinese,-46.56,CA
37551,6/24/2013,Whole Foods,-10.43,CA
37551,6/24/2013,NBA Ticket - Lakers,-31.08,CA
37551,6/24/2013,Public Transportation - Bus Pass,-101.7,CA
37551,6/25/2013,Vitamin Shoppe,-19,CA
37551,6/25/2013,Bike Rental,-9.64,CA
37551,6/25/2013,Uber,-22.05,CA
37551,6/25/2013,Sam's Sporting Apparel,-45.11,CA
37551,6/26/2013,NFL Ticket - Chargers,-33.28,CA
37551,6/27/2013,Athletic Apparel,-18.04,CA
37551,6/27/2013,Athletic Apparel,-14.38,CA
37551,6/27/2013,Vitamin Shoppe,-83.82,CA
37551,6/27/2013,Sam's Sporting Apparel,-21.06,CA
37551,6/28/2013,GNC,-4.26,CA
37551,6/28/2013,Taxi,-45.25,CA
37551,6/28/2013,Amazon Order - Athletic Equipment,-29.77,CA
37551,6/28/2013,Sprouts Market,-25.98,CA
37551,6/28/2013,NBA Ticket - Lakers,-10.32,CA
37551,6/29/2013,Amazon Order - Athletic Equipment,-81.65,CA
37551,6/30/2013,Ralph's Grocery Store,-17.08,CA
37551,6/30/2013,Starbucks Coffee,-21.88,CA
37551,6/30/2013,Sam's Sporting Apparel,-4.4,CA
37551,7/2/2013,Paycheck,2386,CA
37551,7/2/2013,Housing Rent,-1386,CA
37551,7/2/2013,Netflix Subscription,-4.99,CA
37551,7/2/2013,Navient - Student Loans,-197,CA
37551,7/2/2013,ACS - Student Loans,-135,CA
37551,7/2/2013,Total Gym Fees,-39.11,CA
37551,7/2/2013,NBA Ticket - Lakers,-113.91,CA
37551,7/2/2013,Uber,-32.21,CA
37551,7/2/2013,GNC,-4.35,CA
37551,7/2/2013,Taxi,-3.68,CA
37551,7/2/2013,Dick's Sporting Goods,-2.58,CA
37551,7/2/2013,Public Transportation - Train Pass,-35.19,CA
37551,7/2/2013,Sprouts Market,-19.68,CA
37551,7/3/2013,Bike Rental,-32.14,CA
37551,7/3/2013,Athletic Apparel,-11.57,CA
37551,7/3/2013,Public Transportation - Train Pass,-38.53,CA
37551,7/4/2013,Taxi,-20.24,CA
37551,7/4/2013,Dick's Sporting Goods,-119.33,CA
37551,7/4/2013,Dick's Sporting Goods,-91.44,CA
37551,7/4/2013,Taxi,-22.05,CA
37551,7/4/2013,Vitamin Shoppe,-34.33,CA
37551,7/4/2013,Amazon Order - Athletic Equipment,-37.63,CA
37551,7/5/2013,Public Transportation - Train Pass,-10.26,CA
37551,7/5/2013,Public Transportation - Bus Pass,-46.67,CA
37551,7/5/2013,Dick's Sporting Goods,-99.94,CA
37551,7/5/2013,Athletic Apparel,-3.32,CA
37551,7/5/2013,GNC,-97.93,CA
37551,7/5/2013,Bike Rental,-17.56,CA
37551,7/5/2013,Dick's Sporting Goods,-26.46,CA
37551,7/6/2013,Athletic Apparel,-10.36,CA
37551,7/6/2013,Public Transportation - Bus Pass,-17.39,CA
37551,7/6/2013,Total Gym Fees,-22.05,CA
37551,7/6/2013,Restaurant - Pizza,-17.47,CA
37551,7/6/2013,Bike Rental,-67.51,CA
37551,7/6/2013,Sprouts Market,-31.44,CA
37551,7/6/2013,Restaurant - Steakhouse,-9.83,CA
37551,7/6/2013,GNC,-8.06,CA
37551,7/7/2013,Restaurant - Burgers,-25.05,CA
37551,7/7/2013,GNC,-61.18,CA
37551,7/7/2013,Bike Rental,-18.77,CA
37551,7/7/2013,Lyft,-35.77,CA
37551,7/8/2013,Total Gym Fees,-108.7,CA
37551,7/9/2013,NFL Ticket - Chargers,-21.52,CA
37551,7/10/2013,Uber,-30.99,CA
37551,7/10/2013,Vitamin Shoppe,-13.09,CA
37551,7/10/2013,NBA Ticket - Lakers,-19.91,CA
37551,7/11/2013,Lyft,-15.77,CA
37551,7/11/2013,Public Transportation - Train Pass,-24.69,CA
37551,7/11/2013,NFL Ticket - Chargers,-2.17,CA
37551,7/11/2013,Vitamin Shoppe,-39.63,CA
37551,7/12/2013,Vitamin Shoppe,-6.06,CA
37551,7/12/2013,Athletic Apparel,-105.47,CA
37551,7/12/2013,Restaurant - Pizza,-8.92,CA
37551,7/13/2013,Athletic Apparel,-6.43,CA
37551,7/13/2013,Dick's Sporting Goods,-27.98,CA
37551,7/14/2013,Restaurant - Steakhouse,0,CA
37551,7/14/2013,Public Transportation - Train Pass,-27.64,CA
37551,7/14/2013,Sam's Sporting Apparel,-12.83,CA
37551,7/14/2013,NBA Ticket - Lakers,-12.42,CA
37551,7/14/2013,Public Transportation - Bus Pass,-1.9,CA
37551,7/15/2013,GNC,-22.59,CA
37551,7/16/2013,NBA Ticket - Lakers,-32.32,CA
37551,7/16/2013,Bike Rental,-6.36,CA
37551,7/17/2013,Public Transportation - Bus Pass,-5.77,CA
37551,7/17/2013,NBA Ticket - Lakers,-7.87,CA
37551,7/17/2013,Taxi,-22.96,CA
37551,7/17/2013,Uber,-21.91,CA
37551,7/17/2013,GNC,-17.58,CA
37551,7/17/2013,Dick's Sporting Goods,-9.75,CA
37551,7/17/2013,Taxi,-0.1,CA
37551,7/18/2013,Public Transportation - Train Pass,-9.84,CA
37551,7/19/2013,NBA Ticket - Lakers,-3.86,CA
37551,7/20/2013,Athletic Apparel,-31.82,CA
37551,7/20/2013,Dick's Sporting Goods,-10.99,CA
37551,7/20/2013,NBA Ticket - Lakers,-21.94,CA
37551,7/20/2013,Whole Foods,-29.43,CA
37551,7/21/2013,NFL Ticket - Chargers,-31.3,CA
37551,7/21/2013,Food Delivery - GrubHub,-69.34,CA
37551,7/21/2013,NFL Ticket - Chargers,-11.12,CA
37551,7/21/2013,Total Gym Fees,-39.61,CA
37551,7/21/2013,GNC,-19.53,CA
37551,7/21/2013,Lyft,-11.88,CA
37551,7/21/2013,Public Transportation - Train Pass,-3.64,CA
37551,7/21/2013,Public Transportation - Bus Pass,-12.18,CA
37551,7/22/2013,NFL Ticket - Chargers,-38.76,CA
37551,7/22/2013,Dick's Sporting Goods,-32.22,CA
37551,7/22/2013,Athletic Apparel,-36.6,CA
37551,7/22/2013,Dick's Sporting Goods,-110.32,CA
37551,7/23/2013,Vitamin Shoppe,-25.26,CA
37551,7/23/2013,Taxi,-8.25,CA
37551,7/23/2013,Athletic Apparel,-5.8,CA
37551,7/23/2013,Starbucks Coffee,-17.75,CA
37551,7/23/2013,Athletic Apparel,-36.65,CA
37551,7/24/2013,Von's Groceries,-31.11,CA
37551,7/24/2013,Lyft,-23.57,CA
37551,7/25/2013,Amazon Order - Athletic Equipment,-30.53,CA
37551,7/26/2013,Dick's Sporting Goods,-13.1,CA
37551,7/26/2013,Bike Rental,-87.22,CA
37551,7/26/2013,Lyft,-18.08,CA
37551,7/27/2013,Public Transportation - Bus Pass,-30.06,CA
37551,7/28/2013,Restaurant - Pizza,-11.93,CA
37551,7/28/2013,Bike Rental,-39.1,CA
37551,7/29/2013,Sam's Sporting Apparel,-3.89,CA
37551,7/29/2013,Amazon Order - Athletic Equipment,-1.35,CA
37551,7/30/2013,Dick's Sporting Goods,-55.75,CA
37551,8/2/2013,Paycheck,2386,CA
37551,8/2/2013,Housing Rent,-700,CA
37551,8/2/2013,Netflix Subscription,-4.99,CA
37551,8/2/2013,Navient - Student Loans,-197,CA
37551,8/2/2013,ACS - Student Loans,-135,CA
37551,8/2/2013,Taxi,-11.64,CA
37551,8/2/2013,Starbucks Coffee,-89.51,CA
37551,8/2/2013,Total Gym Fees,-4.34,CA
37551,8/3/2013,NFL Ticket - Chargers,-15.71,CA
37551,8/3/2013,Whole Foods,-5.48,CA
37551,8/4/2013,Vitamin Shoppe,-10.85,CA
37551,8/4/2013,Vitamin Shoppe,-30.81,CA
37551,8/4/2013,Athletic Apparel,-4.25,CA
37551,8/4/2013,Amazon Order - Athletic Equipment,-61.19,CA
37551,8/4/2013,Total Gym Fees,-56.86,CA
37551,8/4/2013,Restaurant - Steakhouse,-38.39,CA
37551,8/4/2013,NFL Ticket - Chargers,-6.91,CA
37551,8/5/2013,Dick's Sporting Goods,-68.91,CA
37551,8/5/2013,Vitamin Shoppe,-37.96,CA
37551,8/6/2013,NFL Ticket - Chargers,-38.2,CA
37551,8/7/2013,Sam's Sporting Apparel,-34.68,CA
37551,8/7/2013,Total Gym Fees,-8.96,CA
37551,8/7/2013,Bike Rental,-70.75,CA
37551,8/7/2013,GNC,-8.98,CA
37551,8/8/2013,NBA Ticket - Lakers,-56.18,CA
37551,8/8/2013,Total Gym Fees,-16.84,CA
37551,8/9/2013,Public Transportation - Bus Pass,-27.19,CA
37551,8/9/2013,Total Gym Fees,-29.42,CA
37551,8/9/2013,Whole Foods,-23.63,CA
37551,8/9/2013,Athletic Apparel,-26.42,CA
37551,8/9/2013,NBA Ticket - Lakers,-25.68,CA
37551,8/9/2013,Public Transportation - Bus Pass,-11.76,CA
37551,8/9/2013,Uber,-11.59,CA
37551,8/9/2013,Amazon Order - Athletic Equipment,-37.56,CA
37551,8/9/2013,Restaurant - Chinese,-20.06,CA
37551,8/10/2013,Taxi,-0.63,CA
37551,8/11/2013,Total Gym Fees,-32.92,CA
37551,8/12/2013,Amazon Order - Athletic Equipment,-4.37,CA
37551,8/12/2013,Lyft,-14.14,CA
37551,8/12/2013,NBA Ticket - Lakers,-9.39,CA
37551,8/13/2013,Uber,-6.56,CA
37551,8/13/2013,Vitamin Shoppe,-2.93,CA
37551,8/13/2013,Athletic Apparel,-10.65,CA
37551,8/13/2013,Vitamin Shoppe,-36.1,CA
37551,8/13/2013,Amazon Order - Athletic Equipment,-13.4,CA
37551,8/14/2013,Uber,-28.43,CA
37551,8/14/2013,Public Transportation - Train Pass,-18.4,CA
37551,8/14/2013,NFL Ticket - Chargers,-19.22,CA
37551,8/14/2013,Bike Rental,-27.09,CA
37551,8/15/2013,Vitamin Shoppe,-1.98,CA
37551,8/16/2013,Total Gym Fees,-66.62,CA
37551,8/16/2013,Athletic Apparel,-11.62,CA
37551,8/17/2013,Public Transportation - Bus Pass,-3.68,CA
37551,8/18/2013,Bike Rental,-15.19,CA
37551,8/18/2013,Restaurant - Steakhouse,-8.38,CA
37551,8/19/2013,NFL Ticket - Chargers,-18.51,CA
37551,8/19/2013,Vitamin Shoppe,-16.72,CA
37551,8/19/2013,Whole Foods,-24.54,CA
37551,8/20/2013,Dick's Sporting Goods,-8.24,CA
37551,8/20/2013,Dick's Sporting Goods,-95.81,CA
37551,8/20/2013,Sam's Sporting Apparel,-23.61,CA
37551,8/21/2013,Lyft,-72.59,CA
37551,8/21/2013,Food Delivery - GrubHub,-30.98,CA
37551,8/21/2013,Sam's Sporting Apparel,-25.52,CA
37551,8/22/2013,Total Gym Fees,-38.5,CA
37551,8/22/2013,NFL Ticket - Chargers,-7.27,CA
37551,8/22/2013,Restaurant - Pizza,-17.7,CA
37551,8/22/2013,Bike Rental,-28.49,CA
37551,8/23/2013,NBA Ticket - Lakers,-4.33,CA
37551,8/23/2013,Bike Rental,-8.69,CA
37551,8/23/2013,Lyft,-36.46,CA
37551,8/23/2013,GNC,-28.52,CA
37551,8/23/2013,NFL Ticket - Chargers,-3.18,CA
37551,8/23/2013,Public Transportation - Train Pass,-29.53,CA
37551,8/23/2013,GNC,-101.87,CA
37551,8/23/2013,Athletic Apparel,-23.03,CA
37551,8/23/2013,Total Gym Fees,-9.85,CA
37551,8/23/2013,Bike Rental,-29.32,CA
37551,8/23/2013,Vitamin Shoppe,-4.23,CA
37551,8/23/2013,Total Gym Fees,-2.66,CA
37551,8/24/2013,Amazon Order - Athletic Equipment,-15.08,CA
37551,8/24/2013,Dick's Sporting Goods,-6.79,CA
37551,8/24/2013,Bike Rental,-14.06,CA
37551,8/24/2013,Public Transportation - Train Pass,-23.86,CA
37551,8/24/2013,Sam's Sporting Apparel,-49.8,CA
37551,8/25/2013,Sam's Sporting Apparel,-100.7,CA
37551,8/26/2013,Whole Foods,-39.05,CA
37551,8/26/2013,Public Transportation - Bus Pass,-19.89,CA
37551,8/26/2013,Uber,-39.57,CA
37551,8/26/2013,Uber,-78.21,CA
37551,8/26/2013,Restaurant - Chinese,-96.04,CA
37551,8/26/2013,GNC,-19.04,CA
37551,8/26/2013,NBA Ticket - Lakers,-19.66,CA
37551,8/27/2013,Bike Rental,-33.52,CA
37551,8/27/2013,Von's Groceries,-16.32,CA
37551,8/27/2013,Lyft,-9.21,CA
37551,8/28/2013,Von's Groceries,-67.59,CA
37551,8/28/2013,NFL Ticket - Chargers,-19.84,CA
37551,8/28/2013,Ralph's Grocery Store,-17.52,CA
37551,8/29/2013,Restaurant - Burgers,-8.97,CA
37551,8/29/2013,Uber,-13.49,CA
37551,8/29/2013,Restaurant - Chinese,-6.78,CA
37551,8/29/2013,Bike Rental,-99.44,CA
37551,8/30/2013,GNC,-18.55,CA
37551,8/30/2013,Lyft,-37.2,CA
37551,8/30/2013,Restaurant - Burgers,-115,CA
37551,8/30/2013,Public Transportation - Train Pass,-27.75,CA
37551,8/30/2013,Whole Foods,-30.49,CA
37551,8/30/2013,Total Gym Fees,-7.38,CA
37551,8/30/2013,NBA Ticket - Lakers,-14.41,CA
37551,8/30/2013,Vitamin Shoppe,-32.41,CA
37551,8/30/2013,Vitamin Shoppe,-29.77,CA
37551,8/30/2013,Athletic Apparel,-36.08,CA
37551,8/30/2013,Athletic Apparel,-8.89,CA
37551,9/2/2013,Housing Rent,-1177,CA
37551,9/2/2013,Netflix Subscription,-4.99,CA
37551,9/2/2013,Navient - Student Loans,-197,CA
37551,9/2/2013,ACS - Student Loans,-135,CA
37551,9/2/2013,Athletic Apparel,-18.77,CA
37551,9/3/2013,GNC,-20.02,CA
37551,9/4/2013,GNC,-72.71,CA
37551,9/5/2013,Sam's Sporting Apparel,-65.07,CA
37551,9/5/2013,Amazon Order - Athletic Equipment,-29.91,CA
37551,9/6/2013,Lyft,-22.26,CA
37551,9/6/2013,Uber,-11.13,CA
37551,9/6/2013,Bike Rental,-13.28,CA
37551,9/6/2013,Restaurant - Pizza,-8.45,CA
37551,9/7/2013,Vitamin Shoppe,-7,CA
37551,9/8/2013,Restaurant - Steakhouse,-28.42,CA
37551,9/9/2013,Taxi,-29.95,CA
37551,9/9/2013,Vitamin Shoppe,-33.05,CA
37551,9/9/2013,GNC,-11.73,CA
37551,9/9/2013,Whole Foods,-8.06,CA
37551,9/9/2013,Athletic Apparel,-65.53,CA
37551,9/9/2013,Dick's Sporting Goods,-11.09,CA
37551,9/9/2013,Athletic Apparel,-25.23,CA
37551,9/9/2013,Starbucks Coffee,-0.08,CA
37551,9/9/2013,Athletic Apparel,-13.88,CA
37551,9/9/2013,Sam's Sporting Apparel,-25.96,CA
37551,9/9/2013,Uber,-10.32,CA
37551,9/9/2013,Total Gym Fees,-26.92,CA
37551,9/9/2013,Amazon Order - Athletic Equipment,-3.32,CA
37551,9/9/2013,Public Transportation - Train Pass,-11.59,CA
37551,9/9/2013,NBA Ticket - Lakers,-17.46,CA
37551,9/9/2013,Starbucks Coffee,-24.15,CA
37551,9/10/2013,Ralph's Grocery Store,-13.97,CA
37551,9/11/2013,Vitamin Shoppe,-18.71,CA
37551,9/11/2013,Dick's Sporting Goods,-8.72,CA
37551,9/12/2013,Sprouts Market,-21.45,CA
37551,9/13/2013,GNC,-25.21,CA
37551,9/13/2013,Starbucks Coffee,-103.07,CA
37551,9/13/2013,Public Transportation - Train Pass,-3.01,CA
37551,9/13/2013,Restaurant - Burgers,-22.61,CA
37551,9/14/2013,Bike Rental,-46.52,CA
37551,9/15/2013,Public Transportation - Train Pass,-111.4,CA
37551,9/15/2013,Sprouts Market,-10.28,CA
37551,9/15/2013,Vitamin Shoppe,-119.4,CA
37551,9/16/2013,Total Gym Fees,-107.15,CA
37551,9/16/2013,Lyft,-80.26,CA
37551,9/16/2013,NFL Ticket - Chargers,-20.17,CA
37551,9/16/2013,Sam's Sporting Apparel,-0.04,CA
37551,9/17/2013,Uber,-14.67,CA
37551,9/18/2013,GNC,-16.09,CA
37551,9/18/2013,Uber,-20.12,CA
37551,9/19/2013,NBA Ticket - Lakers,-31.46,CA
37551,9/20/2013,Amazon Order - Athletic Equipment,-102.68,CA
37551,9/20/2013,Vitamin Shoppe,-54.45,CA
37551,9/21/2013,Restaurant - Steakhouse,-12.35,CA
37551,9/21/2013,Sam's Sporting Apparel,-17.13,CA
37551,9/22/2013,Athletic Apparel,-64.14,CA
37551,9/22/2013,Sam's Sporting Apparel,-29.15,CA
37551,9/22/2013,Von's Groceries,-26.87,CA
37551,9/23/2013,Whole Foods,-25.81,CA
37551,9/23/2013,Public Transportation - Bus Pass,-12.19,CA
37551,9/23/2013,Athletic Apparel,-9.82,CA
37551,9/23/2013,Lyft,-27.38,CA
37551,9/23/2013,Public Transportation - Bus Pass,-66.27,CA
37551,9/24/2013,Athletic Apparel,-1.11,CA
37551,9/25/2013,Athletic Apparel,-8.05,CA
37551,9/25/2013,Total Gym Fees,-30.32,CA
37551,9/26/2013,Von's Groceries,-3.25,CA
37551,9/26/2013,Restaurant - Chinese,-99.96,CA
37551,9/26/2013,Total Gym Fees,-22.16,CA
37551,9/26/2013,GNC,-35.35,CA
37551,9/26/2013,Lyft,-6.26,CA
37551,9/27/2013,Public Transportation - Bus Pass,-59.36,CA
37551,9/27/2013,Vitamin Shoppe,-26.09,CA
37551,9/27/2013,Food Delivery - GrubHub,-21.04,CA
37551,9/27/2013,Total Gym Fees,-0.76,CA
37551,9/28/2013,Dick's Sporting Goods,-31.38,CA
37551,9/28/2013,Restaurant - Pizza,-19.27,CA
37551,9/28/2013,NBA Ticket - Lakers,-33.35,CA
37551,9/28/2013,Starbucks Coffee,-105.54,CA
37551,9/29/2013,Total Gym Fees,-11.71,CA
37551,9/29/2013,Lyft,-15.31,CA
37551,9/29/2013,Whole Foods,-104.63,CA
37551,9/30/2013,Total Gym Fees,-21.27,CA
37551,9/30/2013,Amazon Order - Athletic Equipment,-32.11,CA
37551,9/30/2013,NBA Ticket - Lakers,-14.33,CA
37551,9/30/2013,NBA Ticket - Lakers,-39.02,CA
37551,9/30/2013,Sam's Sporting Apparel,-51.02,CA
37551,9/30/2013,Sprouts Market,-12.84,CA
37551,10/2/2013,Housing Rent,-1311,CA
37551,10/2/2013,Netflix Subscription,-4.99,CA
37551,10/2/2013,Navient - Student Loans,-197,CA
37551,10/2/2013,ACS - Student Loans,-135,CA
37551,10/2/2013,Public Transportation - Train Pass,-7.99,CA
37551,10/3/2013,Whole Foods,-98.02,CA
37551,10/4/2013,Total Gym Fees,-21.6,CA
37551,10/4/2013,GNC,-31.33,CA
37551,10/5/2013,Public Transportation - Train Pass,-11.17,CA
37551,10/6/2013,Lyft,-30.17,CA
37551,10/7/2013,GNC,-14.3,CA
37551,10/8/2013,Athletic Apparel,-11.49,CA
37551,10/8/2013,Vitamin Shoppe,-29.43,CA
37551,10/9/2013,GNC,-5.76,CA
37551,10/10/2013,Bike Rental,-2.87,CA
37551,10/10/2013,Restaurant - Steakhouse,-51.9,CA
37551,10/10/2013,Total Gym Fees,-5.53,CA
37551,10/11/2013,Amazon Order - Athletic Equipment,-20.42,CA
37551,10/11/2013,Restaurant - Burgers,-55.74,CA
37551,10/11/2013,Athletic Apparel,-13.95,CA
37551,10/12/2013,Total Gym Fees,-5.08,CA
37551,10/12/2013,NBA Ticket - Lakers,-12.21,CA
37551,10/12/2013,Public Transportation - Train Pass,-11.93,CA
37551,10/13/2013,Uber,-37.36,CA
37551,10/14/2013,Whole Foods,-25.72,CA
37551,10/14/2013,Public Transportation - Train Pass,-18.8,CA
37551,10/15/2013,Sam's Sporting Apparel,-14.63,CA
37551,10/15/2013,Taxi,-21.58,CA
37551,10/15/2013,Uber,-21.18,CA
37551,10/15/2013,Public Transportation - Train Pass,-78.26,CA
37551,10/15/2013,Vitamin Shoppe,-27.35,CA
37551,10/15/2013,Total Gym Fees,-26.53,CA
37551,10/16/2013,Amazon Order - Athletic Equipment,-35.71,CA
37551,10/16/2013,NBA Ticket - Lakers,-13.86,CA
37551,10/16/2013,Amazon Order - Athletic Equipment,-0.96,CA
37551,10/16/2013,Sprouts Market,-13.84,CA
37551,10/16/2013,Total Gym Fees,-29.75,CA
37551,10/17/2013,GNC,-21.36,CA
37551,10/18/2013,GNC,-11.59,CA
37551,10/18/2013,Food Delivery - GrubHub,-16.28,CA
37551,10/18/2013,NBA Ticket - Lakers,-106.24,CA
37551,10/18/2013,Vitamin Shoppe,-12.61,CA
37551,10/18/2013,Athletic Apparel,-10.05,CA
37551,10/19/2013,Restaurant - Burgers,-11.88,CA
37551,10/19/2013,Athletic Apparel,-5.02,CA
37551,10/19/2013,GNC,-29.57,CA
37551,10/19/2013,Sam's Sporting Apparel,-33.16,CA
37551,10/19/2013,Public Transportation - Train Pass,-18.31,CA
37551,10/19/2013,Vitamin Shoppe,-4.52,CA
37551,10/19/2013,Sprouts Market,-31.98,CA
37551,10/20/2013,Whole Foods,-38.4,CA
37551,10/21/2013,Restaurant - Burgers,-20.35,CA
37551,10/21/2013,Total Gym Fees,-50.71,CA
37551,10/21/2013,Sam's Sporting Apparel,-12.68,CA
37551,10/21/2013,Dick's Sporting Goods,-23.4,CA
37551,10/21/2013,Total Gym Fees,-17.11,CA
37551,10/21/2013,NBA Ticket - Lakers,-25.83,CA
37551,10/21/2013,Food Delivery - GrubHub,-27.01,CA
37551,10/21/2013,Starbucks Coffee,-35.74,CA
37551,10/22/2013,Amazon Order - Athletic Equipment,-31.8,CA
37551,10/23/2013,Sam's Sporting Apparel,-36.21,CA
37551,10/23/2013,Uber,-6.93,CA
37551,10/23/2013,Uber,-15.55,CA
37551,10/23/2013,Vitamin Shoppe,-2.62,CA
37551,10/24/2013,Athletic Apparel,-8.59,CA
37551,10/24/2013,Sam's Sporting Apparel,-38.69,CA
37551,10/24/2013,Whole Foods,-12.08,CA
37551,10/24/2013,Lyft,-25.99,CA
37551,10/24/2013,Total Gym Fees,-1.34,CA
37551,10/24/2013,Sam's Sporting Apparel,-14.09,CA
37551,10/24/2013,GNC,-14.63,CA
37551,10/24/2013,NBA Ticket - Lakers,-24.89,CA
37551,10/24/2013,Food Delivery - GrubHub,-22.98,CA
37551,10/24/2013,Vitamin Shoppe,-30.78,CA
37551,10/25/2013,Public Transportation - Bus Pass,-55.06,CA
37551,10/26/2013,Public Transportation - Train Pass,-27.35,CA
37551,10/26/2013,Amazon Order - Athletic Equipment,-12.4,CA
37551,10/26/2013,NFL Ticket - Chargers,-2.14,CA
37551,10/26/2013,GNC,-36.49,CA
37551,10/26/2013,Public Transportation - Train Pass,-18.1,CA
37551,10/26/2013,NFL Ticket - Chargers,-15.46,CA
37551,10/26/2013,GNC,-33.87,CA
37551,10/26/2013,Vitamin Shoppe,-95.41,CA
37551,10/26/2013,Food Delivery - GrubHub,-88.51,CA
37551,10/26/2013,NBA Ticket - Lakers,-37.63,CA
37551,10/26/2013,Amazon Order - Athletic Equipment,-8.53,CA
37551,10/27/2013,Public Transportation - Train Pass,-22.8,CA
37551,10/27/2013,Bike Rental,-21.46,CA
37551,10/27/2013,Restaurant - Chinese,-21.14,CA
37551,10/28/2013,Ralph's Grocery Store,-110.37,CA
37551,10/29/2013,Sam's Sporting Apparel,-43.21,CA
37551,10/29/2013,Restaurant - Chinese,-35.17,CA
37551,10/29/2013,Dick's Sporting Goods,-18.52,CA
37551,10/30/2013,Lyft,-4.45,CA
37551,10/30/2013,Total Gym Fees,-5.49,CA
37551,10/30/2013,Amazon Order - Athletic Equipment,-3.07,CA
37551,10/30/2013,NFL Ticket - Chargers,-39.37,CA
37551,10/30/2013,GNC,-12.96,CA
37551,10/30/2013,Ralph's Grocery Store,-34.31,CA
37551,11/2/2013,Housing Rent,-702,CA
37551,11/2/2013,Netflix Subscription,-4.99,CA
37551,11/2/2013,Navient - Student Loans,-197,CA
37551,11/2/2013,ACS - Student Loans,-135,CA
37551,11/2/2013,Restaurant - Steakhouse,-21.9,CA
37551,11/2/2013,NBA Ticket - Lakers,-36.77,CA
37551,11/2/2013,Public Transportation - Train Pass,-4.38,CA
37551,11/2/2013,Sam's Sporting Apparel,-6.32,CA
37551,11/2/2013,NBA Ticket - Lakers,-21.37,CA
37551,11/2/2013,NBA Ticket - Lakers,-14.49,CA
37551,11/2/2013,Vitamin Shoppe,-33.12,CA
37551,11/3/2013,NBA Ticket - Lakers,-20.1,CA
37551,11/3/2013,Sprouts Market,-31.61,CA
37551,11/4/2013,Amazon Order - Athletic Equipment,-7.14,CA
37551,11/4/2013,Athletic Apparel,-28.46,CA
37551,11/4/2013,NBA Ticket - Lakers,-32.93,CA
37551,11/4/2013,NBA Ticket - Lakers,-19.35,CA
37551,11/4/2013,Restaurant - Burgers,-8.98,CA
37551,11/4/2013,Taxi,-2.46,CA
37551,11/4/2013,NFL Ticket - Chargers,-36.41,CA
37551,11/4/2013,Amazon Order - Athletic Equipment,-2.22,CA
37551,11/4/2013,Athletic Apparel,-4.93,CA
37551,11/5/2013,Athletic Apparel,-18.87,CA
37551,11/6/2013,Bike Rental,-30.91,CA
37551,11/7/2013,NFL Ticket - Chargers,-7.4,CA
37551,11/8/2013,Athletic Apparel,-59.01,CA
37551,11/9/2013,Public Transportation - Train Pass,-38.79,CA
37551,11/9/2013,Vitamin Shoppe,-26.43,CA
37551,11/9/2013,Bike Rental,-6.89,CA
37551,11/9/2013,Amazon Order - Athletic Equipment,-5.6,CA
37551,11/9/2013,NFL Ticket - Chargers,-28.19,CA
37551,11/9/2013,Amazon Order - Athletic Equipment,-74.4,CA
37551,11/9/2013,Public Transportation - Train Pass,-25.09,CA
37551,11/10/2013,Restaurant - Steakhouse,-3.39,CA
37551,11/11/2013,Lyft,-5.99,CA
37551,11/11/2013,Starbucks Coffee,-25.35,CA
37551,11/11/2013,Restaurant - Burgers,-35,CA
37551,11/12/2013,NBA Ticket - Lakers,-52.88,CA
37551,11/12/2013,Sam's Sporting Apparel,-79.56,CA
37551,11/13/2013,NBA Ticket - Lakers,-36.7,CA
37551,11/13/2013,Taxi,-21.68,CA
37551,11/13/2013,GNC,-11.59,CA
37551,11/14/2013,NFL Ticket - Chargers,-19.99,CA
37551,11/15/2013,Bike Rental,-78.83,CA
37551,11/15/2013,Public Transportation - Bus Pass,-18.31,CA
37551,11/16/2013,Restaurant - Burgers,-30.26,CA
37551,11/16/2013,Public Transportation - Bus Pass,-26.9,CA
37551,11/16/2013,Vitamin Shoppe,-2.21,CA
37551,11/16/2013,NBA Ticket - Lakers,-6.99,CA
37551,11/16/2013,GNC,-25.08,CA
37551,11/17/2013,Amazon Order - Athletic Equipment,-12.59,CA
37551,11/18/2013,GNC,-92.9,CA
37551,11/18/2013,Whole Foods,-67.91,CA
37551,11/18/2013,Starbucks Coffee,-58.27,CA
37551,11/19/2013,Bike Rental,-16.8,CA
37551,11/19/2013,Taxi,-17.95,CA
37551,11/19/2013,Taxi,-38.09,CA
37551,11/19/2013,Dick's Sporting Goods,-26.11,CA
37551,11/19/2013,Amazon Order - Athletic Equipment,-17.81,CA
37551,11/19/2013,NBA Ticket - Lakers,-2.89,CA
37551,11/19/2013,Sam's Sporting Apparel,-35.26,CA
37551,11/20/2013,Vitamin Shoppe,-32.58,CA
37551,11/20/2013,Athletic Apparel,-9.26,CA
37551,11/20/2013,Starbucks Coffee,-10.34,CA
37551,11/21/2013,Taxi,-62.24,CA
37551,11/21/2013,Bike Rental,-38.79,CA
37551,11/21/2013,NFL Ticket - Chargers,-15.89,CA
37551,11/21/2013,Restaurant - Pizza,-21.18,CA
37551,11/22/2013,NBA Ticket - Lakers,-5.4,CA
37551,11/23/2013,NBA Ticket - Lakers,-18.42,CA
37551,11/23/2013,Restaurant - Chinese,-0.58,CA
37551,11/23/2013,Amazon Order - Athletic Equipment,-27.25,CA
37551,11/24/2013,Vitamin Shoppe,-39.5,CA
37551,11/24/2013,Vitamin Shoppe,-5.36,CA
37551,11/24/2013,Restaurant - Steakhouse,-7.9,CA
37551,11/24/2013,Bike Rental,-22.54,CA
37551,11/24/2013,Amazon Order - Athletic Equipment,-6.54,CA
37551,11/24/2013,GNC,-69.49,CA
37551,11/25/2013,Sam's Sporting Apparel,-21.75,CA
37551,11/26/2013,Bike Rental,-16.28,CA
37551,11/26/2013,GNC,-29.04,CA
37551,11/26/2013,Restaurant - Pizza,-6.23,CA
37551,11/27/2013,Public Transportation - Train Pass,-97.76,CA
37551,11/27/2013,Uber,-35.89,CA
37551,11/27/2013,Total Gym Fees,-22.5,CA
37551,11/27/2013,Divorce Lawyer Fees,-21.82,CA
37551,11/27/2013,Comfort Inn,-32.05,CA
37551,11/27/2013,Best Western Hotel,-31.2,CA
37551,11/27/2013,Total Gym Fees,-2.26,CA
37551,11/27/2013,Amazon Order - Athletic Equipment,-112.68,CA
37551,11/27/2013,Sam's Sporting Apparel,-111.02,CA
37551,11/27/2013,Vitamin Shoppe,-14.55,CA
37551,11/27/2013,Sprouts Market,-98.3,CA
37551,11/28/2013,Whole Foods,-53.8,CA
37551,11/28/2013,Total Gym Fees,-12.06,CA
37551,11/28/2013,Restaurant - Burgers,-6.36,CA
37551,11/29/2013,Athletic Apparel,-15.01,CA
37551,11/30/2013,Starbucks Coffee,-35.43,CA
37551,11/30/2013,GNC,-27.94,CA
37551,12/2/2013,Housing Rent,-1205,CA
37551,12/2/2013,Netflix Subscription,-4.99,CA
37551,12/2/2013,Navient - Student Loans,-197,CA
37551,12/2/2013,ACS - Student Loans,-135,CA
37551,12/2/2013,NFL Ticket - Chargers,-20.15,CA
37551,12/3/2013,Sprouts Market,-88.7,CA
37551,12/3/2013,NBA Ticket - Lakers,-37.48,CA
37551,12/3/2013,NBA Ticket - Lakers,-22.38,CA
37551,12/3/2013,Lyft,-29.49,CA
37551,12/3/2013,Uber,-74,CA
37551,12/3/2013,NFL Ticket - Chargers,-17.77,CA
37551,12/3/2013,Athletic Apparel,-20.45,CA
37551,12/4/2013,Vitamin Shoppe,-8.21,CA
37551,12/4/2013,Uber,-12.61,CA
37551,12/5/2013,Food Delivery - GrubHub,-59.14,CA
37551,12/6/2013,Uber,-20.92,CA
37551,12/6/2013,Sam's Sporting Apparel,-0.71,CA
37551,12/6/2013,Public Transportation - Train Pass,-67.17,CA
37551,12/7/2013,Ralph's Grocery Store,-72.98,CA
37551,12/8/2013,Public Transportation - Train Pass,-20.75,CA
37551,12/9/2013,NBA Ticket - Lakers,-117.26,CA
37551,12/9/2013,NBA Ticket - Lakers,-7.75,CA
37551,12/9/2013,Ralph's Grocery Store,-32.33,CA
37551,12/10/2013,Ralph's Grocery Store,-24.36,CA
37551,12/10/2013,Total Gym Fees,-10.57,CA
37551,12/11/2013,Public Transportation - Train Pass,-28.25,CA
37551,12/11/2013,Von's Groceries,-10.81,CA
37551,12/12/2013,Public Transportation - Bus Pass,-30.92,CA
37551,12/13/2013,Uber,-45.85,CA
37551,12/13/2013,Vitamin Shoppe,-5.04,CA
37551,12/13/2013,Amazon Order - Athletic Equipment,-24.61,CA
37551,12/14/2013,Whole Foods,-9.04,CA
37551,12/15/2013,Athletic Apparel,-29.68,CA
37551,12/16/2013,GNC,-11.28,CA
37551,12/17/2013,NBA Ticket - Lakers,-13.47,CA
37551,12/18/2013,Restaurant - Burgers,-36.51,CA
37551,12/18/2013,Athletic Apparel,-17.43,CA
37551,12/18/2013,Athletic Apparel,-39.92,CA
37551,12/18/2013,NFL Ticket - Chargers,-21.29,CA
37551,12/18/2013,Ralph's Grocery Store,-2.38,CA
37551,12/18/2013,Restaurant - Steakhouse,-11.08,CA
37551,12/18/2013,Dick's Sporting Goods,-107.2,CA
37551,12/18/2013,Bike Rental,-23.08,CA
37551,12/18/2013,Restaurant - Burgers,-24.31,CA
37551,12/19/2013,Amazon Order - Athletic Equipment,-13.39,CA
37551,12/19/2013,Ralph's Grocery Store,-0.26,CA
37551,12/19/2013,Restaurant - Chinese,-7.2,CA
37551,12/20/2013,Starbucks Coffee,-2.18,CA
37551,12/21/2013,Public Transportation - Bus Pass,-9.64,CA
37551,12/22/2013,Total Gym Fees,-19.4,CA
37551,12/23/2013,Bike Rental,-11.45,CA
37551,12/23/2013,Uber,-5.98,CA
37551,12/23/2013,Public Transportation - Bus Pass,-5.25,CA
37551,12/24/2013,Amazon Order - Athletic Equipment,-27.72,CA
37551,12/24/2013,Total Gym Fees,-4.68,CA
37551,12/24/2013,NBA Ticket - Lakers,-18.2,CA
37551,12/24/2013,Bike Rental,-15.44,CA
37551,12/25/2013,Athletic Apparel,-13.11,CA
37551,12/26/2013,Uber,-26.57,CA
37551,12/26/2013,Starbucks Coffee,-1.51,CA
37551,12/26/2013,Uber,-24.35,CA
37551,12/26/2013,Restaurant - Burgers,-12.34,CA
37551,12/26/2013,Sam's Sporting Apparel,-36.19,CA
37551,12/26/2013,Sprouts Market,-17.27,CA
37551,12/26/2013,Ralph's Grocery Store,-100.71,CA
37551,12/27/2013,Amazon Order - Athletic Equipment,-71.28,CA
37551,12/27/2013,NBA Ticket - Lakers,-12.73,CA
37551,12/27/2013,Sam's Sporting Apparel,-5.76,CA
37551,12/27/2013,Athletic Apparel,-10.26,CA
37551,12/27/2013,Lyft,-24.05,CA
37551,12/27/2013,GNC,-21.06,CA
37551,12/27/2013,Dick's Sporting Goods,-20.49,CA
37551,12/27/2013,NFL Ticket - Chargers,-14.37,CA
37551,12/27/2013,Starbucks Coffee,-2.39,CA
37551,12/27/2013,Athletic Apparel,-18,CA
37551,12/28/2013,Bike Rental,-1.28,CA
37551,12/28/2013,Sprouts Market,-38.54,CA
37551,12/28/2013,Athletic Apparel,-34.27,CA
37551,12/28/2013,NBA Ticket - Lakers,-35.94,CA
37551,12/28/2013,Dick's Sporting Goods,-33.97,CA
37551,12/28/2013,Whole Foods,-9.38,CA
37551,12/28/2013,Dick's Sporting Goods,-8.97,CA
37551,12/28/2013,Restaurant - Pizza,-23.16,CA
37551,12/28/2013,Public Transportation - Bus Pass,-0.36,CA
37551,12/28/2013,Amazon Order - Athletic Equipment,-3.91,CA
37551,12/29/2013,Uber,-1.37,CA
37551,12/30/2013,Amazon Order - Athletic Equipment,-14.33,CA
37551,12/30/2013,GNC,-33.12,CA
37551,12/30/2013,Bike Rental,-32.44,CA
37551,12/32/2013,Vitamin Shoppe,-7.06,CA
37551,1/2/2014,NFL Ticket - Chargers,-29,CA
37551,1/2/2014,Dick's Sporting Goods,-70.72,CA
37551,1/2/2014,Lyft,-38.1,CA
37551,1/2/2014,Sam's Sporting Apparel,-32.53,CA
37551,1/2/2014,Public Transportation - Bus Pass,-38.76,CA
37551,1/3/2014,Total Gym Fees,-23.47,CA
37551,1/3/2014,Dick's Sporting Goods,-38.56,CA
37551,1/3/2014,Total Gym Fees,-13.58,CA
37551,1/3/2014,Total Gym Fees,-19.92,CA
37551,1/3/2014,Sam's Sporting Apparel,-119.9,CA
37551,1/3/2014,Total Gym Fees,-72.89,CA
37551,1/3/2014,Restaurant - Steakhouse,-48.35,CA
37551,1/4/2014,Restaurant - Pizza,-4.37,CA
37551,1/4/2014,Athletic Apparel,-67.11,CA
37551,1/5/2014,Public Transportation - Bus Pass,-7,CA
37551,1/5/2014,Sprouts Market,-10.01,CA
37551,1/5/2014,Dick's Sporting Goods,-110.78,CA
37551,1/5/2014,Amazon Order - Athletic Equipment,-15.25,CA
37551,1/5/2014,GNC,-7.59,CA
37551,1/5/2014,Public Transportation - Train Pass,-1.21,CA
37551,1/5/2014,Taxi,-10.23,CA
37551,1/6/2014,Sam's Sporting Apparel,-85.61,CA
37551,1/6/2014,Vitamin Shoppe,-53.44,CA
37551,1/7/2014,NBA Ticket - Lakers,-22.07,CA
37551,1/7/2014,Restaurant - Steakhouse,-20.32,CA
37551,1/7/2014,Dick's Sporting Goods,-7.94,CA
37551,1/8/2014,Total Gym Fees,-27.26,CA
37551,1/9/2014,Amazon Order - Athletic Equipment,-83.43,CA
37551,1/10/2014,Sprouts Market,-19.49,CA
37551,1/11/2014,Athletic Apparel,-36.01,CA
37551,1/11/2014,NFL Ticket - Chargers,-48.81,CA
37551,1/12/2014,Restaurant - Burgers,-0.29,CA
37551,1/12/2014,Total Gym Fees,-0.97,CA
37551,1/12/2014,Athletic Apparel,-12.04,CA
37551,1/12/2014,Sam's Sporting Apparel,-11,CA
37551,1/13/2014,Lyft,-3.85,CA
37551,1/13/2014,Restaurant - Steakhouse,-30.93,CA
37551,1/14/2014,Sprouts Market,-84.6,CA
37551,1/14/2014,NFL Ticket - Chargers,-32.18,CA
37551,1/14/2014,Amazon Order - Athletic Equipment,-20.36,CA
37551,1/14/2014,Public Transportation - Train Pass,-19.92,CA
37551,1/14/2014,Amazon Order - Athletic Equipment,-82.84,CA
37551,1/14/2014,NFL Ticket - Chargers,-2.83,CA
37551,1/14/2014,Von's Groceries,-39.42,CA
37551,1/15/2014,NBA Ticket - Lakers,-29.82,CA
37551,1/15/2014,Sam's Sporting Apparel,-90.01,CA
37551,1/16/2014,GNC,-13.88,CA
37551,1/16/2014,Sprouts Market,-8.56,CA
37551,1/16/2014,NFL Ticket - Chargers,-44.3,CA
37551,1/16/2014,Taxi,-37.4,CA
37551,1/16/2014,NFL Ticket - Chargers,-28.94,CA
37551,1/16/2014,Amazon Order - Athletic Equipment,-6.81,CA
37551,1/16/2014,Taxi,-9.52,CA
37551,1/16/2014,Sam's Sporting Apparel,-30.6,CA
37551,1/17/2014,GNC,-26,CA
37551,1/17/2014,Dick's Sporting Goods,-16.55,CA
37551,1/17/2014,Athletic Apparel,-9.72,CA
37551,1/17/2014,Sam's Sporting Apparel,-79.87,CA
37551,1/17/2014,NFL Ticket - Chargers,-4.01,CA
37551,1/17/2014,Von's Groceries,-61.59,CA
37551,1/17/2014,GNC,-8.73,CA
37551,1/17/2014,Athletic Apparel,-34.39,CA
37551,1/17/2014,Taxi,-29.15,CA
37551,1/17/2014,GNC,-105.87,CA
37551,1/17/2014,NFL Ticket - Chargers,-35.61,CA
37551,1/18/2014,Starbucks Coffee,-31.15,CA
37551,1/19/2014,Total Gym Fees,-4.53,CA
37551,1/19/2014,Vitamin Shoppe,-33.32,CA
37551,1/20/2014,Restaurant - Steakhouse,-6.19,CA
37551,1/20/2014,Public Transportation - Train Pass,-1.2,CA
37551,1/21/2014,Vitamin Shoppe,-20.46,CA
37551,1/21/2014,Lyft,-20.89,CA
37551,1/21/2014,NBA Ticket - Lakers,-55.59,CA
37551,1/21/2014,Dick's Sporting Goods,-31.89,CA
37551,1/21/2014,Dick's Sporting Goods,-13.05,CA
37551,1/21/2014,Restaurant - Steakhouse,-101.75,CA
37551,1/21/2014,Public Transportation - Train Pass,-2.25,CA
37551,1/21/2014,Lyft,-33.52,CA
37551,1/22/2014,Bike Rental,-41.45,CA
37551,1/22/2014,Dick's Sporting Goods,-105.65,CA
37551,1/22/2014,Sprouts Market,-11.57,CA
37551,1/22/2014,Restaurant - Steakhouse,-25.77,CA
37551,1/22/2014,Restaurant - Pizza,-7.07,CA
37551,1/22/2014,NFL Ticket - Chargers,-25.19,CA
37551,1/22/2014,Restaurant - Chinese,-38.86,CA
37551,1/22/2014,Von's Groceries,-9.62,CA
37551,1/22/2014,Bike Rental,-5.8,CA
37551,1/22/2014,NFL Ticket - Chargers,-35.62,CA
37551,1/22/2014,Total Gym Fees,-32.18,CA
37551,1/22/2014,Ralph's Grocery Store,-10.91,CA
37551,1/22/2014,Lyft,-21.16,CA
37551,1/22/2014,Athletic Apparel,-4.9,CA
37551,1/23/2014,Restaurant - Burgers,-11.33,CA
37551,1/24/2014,Vitamin Shoppe,-38.8,CA
37551,1/24/2014,Restaurant - Chinese,-75.59,CA
37551,1/24/2014,Public Transportation - Bus Pass,-16.6,CA
37551,1/25/2014,Sam's Sporting Apparel,-36.07,CA
37551,1/26/2014,Public Transportation - Train Pass,-85.84,CA
37551,1/27/2014,NBA Ticket - Lakers,-3.54,CA
37551,1/28/2014,Sprouts Market,-117.12,CA
37551,1/28/2014,Public Transportation - Train Pass,-34.54,CA
37551,1/28/2014,Sam's Sporting Apparel,-12.53,CA
37551,1/28/2014,Dick's Sporting Goods,-26.26,CA
37551,1/29/2014,Lyft,-8.23,CA
37551,1/29/2014,Vitamin Shoppe,-118.51,CA
37551,1/29/2014,Von's Groceries,-38.11,CA
37551,1/29/2014,Uber,-22.22,CA
37551,1/29/2014,Total Gym Fees,-34.14,CA
37551,1/30/2014,Total Gym Fees,-9.3,CA
37551,1/30/2014,Sam's Sporting Apparel,-2.39,CA
37551,1/30/2014,GNC,-88.1,CA
37551,1/30/2014,Taxi,-33.62,CA
37551,3/2/2014,Housing Rent,-1024,CA
37551,3/2/2014,Netflix Subscription,-4.99,CA
37551,3/2/2014,Navient - Student Loans,-197,CA
37551,3/2/2014,ACS - Student Loans,-135,CA
37551,3/2/2014,Restaurant - Burgers,-4.66,CA
37551,3/2/2014,NFL Ticket - Chargers,-27.21,CA
37551,3/2/2014,Sam's Sporting Apparel,-33.59,CA
37551,3/3/2014,Vitamin Shoppe,-18.19,CA
37551,3/3/2014,Athletic Apparel,-32.79,CA
37551,3/3/2014,NBA Ticket - Lakers,-30.73,CA
37551,3/3/2014,Starbucks Coffee,-29.25,CA
37551,3/3/2014,Taxi,-4.08,CA
37551,3/3/2014,Taxi,-24.03,CA
37551,3/4/2014,Whole Foods,-23.07,CA
37551,3/4/2014,Sam's Sporting Apparel,-84.91,CA
37551,3/4/2014,Public Transportation - Train Pass,-10.36,CA
37551,3/5/2014,Food Delivery - GrubHub,-28.98,CA
37551,3/5/2014,Sam's Sporting Apparel,-19.25,CA
37551,3/5/2014,Lyft,-25.93,CA
37551,3/5/2014,Amazon Order - Athletic Equipment,-18.43,CA
37551,3/5/2014,GNC,-20.45,CA
37551,3/5/2014,GNC,-27.51,CA
37551,3/6/2014,Dick's Sporting Goods,-7.22,CA
37551,3/7/2014,Taxi,-103.17,CA
37551,3/7/2014,Taxi,-22.64,CA
37551,3/8/2014,Amazon Order - Athletic Equipment,-26.33,CA
37551,3/8/2014,Food Delivery - GrubHub,-21.98,CA
37551,3/9/2014,Public Transportation - Bus Pass,-33.53,CA
37551,3/9/2014,Dick's Sporting Goods,-12.52,CA
37551,3/9/2014,Vitamin Shoppe,-69.66,CA
37551,3/10/2014,Vitamin Shoppe,-117.01,CA
37551,3/11/2014,GNC,-55.86,CA
37551,3/12/2014,Total Gym Fees,-30.2,CA
37551,3/13/2014,Public Transportation - Bus Pass,-3.9,CA
37551,3/14/2014,Food Delivery - GrubHub,-33.42,CA
37551,3/14/2014,Dick's Sporting Goods,-38.08,CA
37551,3/14/2014,Vitamin Shoppe,-1.05,CA
37551,3/14/2014,Von's Groceries,-4.83,CA
37551,3/14/2014,Athletic Apparel,-36.81,CA
37551,3/14/2014,Starbucks Coffee,-14.88,CA
37551,3/14/2014,Taxi,-11.64,CA
37551,3/14/2014,Athletic Apparel,-95.28,CA
37551,3/14/2014,Public Transportation - Train Pass,-14.39,CA
37551,3/14/2014,Amazon Order - Athletic Equipment,-6.14,CA
37551,3/15/2014,Bike Rental,-96.48,CA
37551,3/15/2014,Sprouts Market,-7.89,CA
37551,3/15/2014,Dick's Sporting Goods,-16.23,CA
37551,3/15/2014,Amazon Order - Athletic Equipment,-39.99,CA
37551,3/15/2014,Food Delivery - GrubHub,-12.95,CA
37551,3/15/2014,GNC,-38.45,CA
37551,3/15/2014,Vitamin Shoppe,-37.54,CA
37551,3/16/2014,Bike Rental,-8.88,CA
37551,3/17/2014,Vitamin Shoppe,-110.2,CA
37551,3/17/2014,Uber,-14.87,CA
37551,3/18/2014,Von's Groceries,-46.81,CA
37551,3/19/2014,Restaurant - Burgers,-16.71,CA
37551,3/20/2014,Athletic Apparel,-7.42,CA
37551,3/20/2014,Taxi,-34.33,CA
37551,3/21/2014,Whole Foods,-28.14,CA
37551,3/21/2014,NBA Ticket - Lakers,-6.51,CA
37551,3/21/2014,Dick's Sporting Goods,-0.82,CA
37551,3/21/2014,Food Delivery - GrubHub,-6.26,CA
37551,3/21/2014,Von's Groceries,-94.51,CA
37551,3/21/2014,Dick's Sporting Goods,-24.47,CA
37551,3/21/2014,NFL Ticket - Chargers,-36.03,CA
37551,3/21/2014,Amazon Order - Athletic Equipment,-6.31,CA
37551,3/21/2014,Lyft,-21.75,CA
37551,3/21/2014,Public Transportation - Train Pass,-6.07,CA
37551,3/21/2014,Taxi,-34.73,CA
37551,3/22/2014,Amazon Order - Athletic Equipment,-1.61,CA
37551,3/22/2014,Vitamin Shoppe,-18.01,CA
37551,3/22/2014,Total Gym Fees,-99.62,CA
37551,3/22/2014,NFL Ticket - Chargers,-2.28,CA
37551,3/22/2014,Dick's Sporting Goods,-6.24,CA
37551,3/22/2014,Starbucks Coffee,-109.22,CA
37551,3/22/2014,Sprouts Market,-11.06,CA
37551,3/23/2014,Amazon Order - Athletic Equipment,-71.85,CA
37551,3/24/2014,Amazon Order - Athletic Equipment,-32.22,CA
37551,3/25/2014,Amazon Order - Athletic Equipment,-0.85,CA
37551,3/26/2014,Athletic Apparel,-65.77,CA
37551,3/26/2014,Food Delivery - GrubHub,-23.44,CA
37551,3/26/2014,Total Gym Fees,-35.41,CA
37551,3/26/2014,GNC,-2.53,CA
37551,3/26/2014,Public Transportation - Bus Pass,-36.65,CA
37551,3/26/2014,Bike Rental,-36.8,CA
37551,3/26/2014,Taxi,-28.12,CA
37551,3/26/2014,Bike Rental,-27.79,CA
37551,3/26/2014,GNC,-25.61,CA
37551,3/27/2014,Restaurant - Chinese,-24.3,CA
37551,3/27/2014,Vitamin Shoppe,-5.59,CA
37551,3/27/2014,Restaurant - Burgers,-7.21,CA
37551,3/27/2014,NBA Ticket - Lakers,-15.52,CA
37551,3/27/2014,Dick's Sporting Goods,-84.37,CA
37551,3/27/2014,Athletic Apparel,-21.03,CA
37551,3/27/2014,Sam's Sporting Apparel,-32.87,CA
37551,3/27/2014,GNC,-6.25,CA
37551,3/27/2014,Sam's Sporting Apparel,-39.13,CA
37551,3/27/2014,Ralph's Grocery Store,-33.33,CA
37551,3/28/2014,Total Gym Fees,-25.2,CA
37551,3/28/2014,Taxi,-11.81,CA
37551,3/28/2014,Whole Foods,-22.13,CA
37551,3/29/2014,Restaurant - Pizza,-9.33,CA
37551,3/29/2014,GNC,-1.83,CA
37551,3/29/2014,Uber,-12.7,CA
37551,3/29/2014,Dick's Sporting Goods,-36.11,CA
37551,3/29/2014,Sam's Sporting Apparel,-20,CA
37551,3/29/2014,Lyft,-4.32,CA
37551,3/29/2014,Taxi,-7.87,CA
37551,3/30/2014,Vitamin Shoppe,-9.14,CA
37551,3/30/2014,Amazon Order - Athletic Equipment,-2.05,CA
37551,3/30/2014,Lyft,-8.86,CA
37551,3/30/2014,Public Transportation - Bus Pass,-25.52,CA
37551,3/30/2014,Public Transportation - Train Pass,-113.98,CA
37551,3/30/2014,Sam's Sporting Apparel,-15.77,CA
37551,4/2/2014,Housing Rent,-1123,CA
37551,4/2/2014,Netflix Subscription,-4.99,CA
37551,4/2/2014,Navient - Student Loans,-197,CA
37551,4/2/2014,ACS - Student Loans,-135,CA
37551,4/2/2014,Athletic Apparel,-2.06,CA
37551,4/2/2014,NFL Ticket - Chargers,-2.15,CA
37551,4/3/2014,Public Transportation - Bus Pass,-80.72,CA
37551,4/3/2014,Taxi,-0.65,CA
37551,4/4/2014,Vitamin Shoppe,-3.75,CA
37551,4/4/2014,Ralph's Grocery Store,-38.72,CA
37551,4/5/2014,Restaurant - Steakhouse,-0.53,CA
37551,4/5/2014,Sam's Sporting Apparel,-28.96,CA
37551,4/6/2014,Public Transportation - Bus Pass,-27,CA
37551,4/7/2014,Ralph's Grocery Store,-50.87,CA
37551,4/7/2014,Public Transportation - Train Pass,-9.43,CA
37551,4/8/2014,Dick's Sporting Goods,-103.11,CA
37551,4/8/2014,Athletic Apparel,-38.05,CA
37551,4/9/2014,Amazon Order - Athletic Equipment,-57.46,CA
37551,4/9/2014,Bike Rental,-16.06,CA
37551,4/9/2014,Amazon Order - Athletic Equipment,-16.28,CA
37551,4/9/2014,Whole Foods,-2.05,CA
37551,4/10/2014,NBA Ticket - Lakers,-14.49,CA
37551,4/10/2014,NFL Ticket - Chargers,-33.48,CA
37551,4/10/2014,Starbucks Coffee,-29.8,CA
37551,4/10/2014,NBA Ticket - Lakers,-33.51,CA
37551,4/10/2014,Sam's Sporting Apparel,-3.06,CA
37551,4/11/2014,Total Gym Fees,-91.96,CA
37551,4/11/2014,Amazon Order - Athletic Equipment,-116.46,CA
37551,4/11/2014,Public Transportation - Bus Pass,-1.9,CA
37551,4/12/2014,Amazon Order - Athletic Equipment,-17.02,CA
37551,4/13/2014,Sam's Sporting Apparel,-23.43,CA
37551,4/14/2014,Amazon Order - Athletic Equipment,-36.47,CA
37551,4/14/2014,GNC,-8.39,CA
37551,4/15/2014,Uber,-22.39,CA
37551,4/15/2014,Total Gym Fees,-32.18,CA
37551,4/16/2014,Restaurant - Steakhouse,-3.11,CA
37551,4/16/2014,NFL Ticket - Chargers,-38.85,CA
37551,4/16/2014,Food Delivery - GrubHub,-14.05,CA
37551,4/16/2014,Restaurant - Pizza,-30.63,CA
37551,4/17/2014,Taxi,-4.67,CA
37551,4/17/2014,Ralph's Grocery Store,-37.97,CA
37551,4/17/2014,NFL Ticket - Chargers,-22.61,CA
37551,4/17/2014,NBA Ticket - Lakers,-31.6,CA
37551,4/17/2014,Total Gym Fees,-13.31,CA
37551,4/17/2014,Lyft,-19,CA
37551,4/18/2014,Athletic Apparel,-1.84,CA
37551,4/18/2014,Vitamin Shoppe,-29,CA
37551,4/18/2014,Bike Rental,-14.17,CA
37551,4/18/2014,Public Transportation - Bus Pass,-26.14,CA
37551,4/19/2014,Athletic Apparel,-15.15,CA
37551,4/19/2014,Lyft,-68.77,CA
37551,4/19/2014,Uber,-31.16,CA
37551,4/19/2014,NBA Ticket - Lakers,-33.91,CA
37551,4/19/2014,Uber,-22.49,CA
37551,4/19/2014,Dick's Sporting Goods,-26.37,CA
37551,4/19/2014,Amazon Order - Athletic Equipment,-3.75,CA
37551,4/19/2014,Sprouts Market,-39.32,CA
37551,4/19/2014,Restaurant - Chinese,-17.02,CA
37551,4/19/2014,NFL Ticket - Chargers,-30.62,CA
37551,4/19/2014,Bike Rental,-3.2,CA
37551,4/19/2014,GNC,-49.81,CA
37551,4/19/2014,Restaurant - Steakhouse,-37.25,CA
37551,4/19/2014,Lyft,-5.2,CA
37551,4/20/2014,Food Delivery - GrubHub,-10.9,CA
37551,4/21/2014,NBA Ticket - Lakers,-21.84,CA
37551,4/21/2014,Public Transportation - Bus Pass,-0.64,CA
37551,4/21/2014,Food Delivery - GrubHub,-22.36,CA
37551,4/22/2014,Bike Rental,-38.64,CA
37551,4/22/2014,Bike Rental,-4.55,CA
37551,4/22/2014,Starbucks Coffee,-19.47,CA
37551,4/23/2014,GNC,-2.06,CA
37551,4/23/2014,Amazon Order - Athletic Equipment,-8.3,CA
37551,4/24/2014,Restaurant - Pizza,-10.33,CA
37551,4/25/2014,Sam's Sporting Apparel,-6.36,CA
37551,4/25/2014,Whole Foods,-18.73,CA
37551,4/25/2014,NBA Ticket - Lakers,-32.61,CA
37551,4/25/2014,Athletic Apparel,-14.41,CA
37551,4/25/2014,Vitamin Shoppe,-7.02,CA
37551,4/25/2014,Uber,-6.74,CA
37551,4/26/2014,Uber,-9.95,CA
37551,4/27/2014,NFL Ticket - Chargers,-7.8,CA
37551,4/27/2014,Athletic Apparel,-37.61,CA
37551,4/28/2014,Athletic Apparel,-36.07,CA
37551,4/28/2014,Public Transportation - Bus Pass,-30.34,CA
37551,4/28/2014,Public Transportation - Bus Pass,-25.26,CA
37551,4/28/2014,Ralph's Grocery Store,-33.53,CA
37551,4/28/2014,NBA Ticket - Lakers,-28.04,CA
37551,4/28/2014,Starbucks Coffee,-109.05,CA
37551,4/28/2014,Vitamin Shoppe,-24.11,CA
37551,4/28/2014,Athletic Apparel,-30.65,CA
37551,4/28/2014,Public Transportation - Train Pass,-25.04,CA
37551,4/28/2014,Sprouts Market,-13,CA
37551,4/29/2014,Restaurant - Steakhouse,-35.66,CA
37551,4/30/2014,Public Transportation - Bus Pass,-38.34,CA
37551,4/30/2014,Dick's Sporting Goods,-5.09,CA
37551,4/30/2014,Total Gym Fees,-35.86,CA
37551,4/30/2014,Total Gym Fees,-1.01,CA
37551,5/2/2014,Housing Rent,-859,CA
37551,5/2/2014,Netflix Subscription,-4.99,CA
37551,5/2/2014,Navient - Student Loans,-197,CA
37551,5/2/2014,ACS - Student Loans,-135,CA
37551,5/2/2014,GNC,-71.37,CA
37551,5/2/2014,Vitamin Shoppe,-21.37,CA
37551,5/2/2014,Amazon Order - Athletic Equipment,-36.75,CA
37551,5/3/2014,Starbucks Coffee,-108.71,CA
37551,5/3/2014,Uber,-16.51,CA
37551,5/3/2014,Von's Groceries,-13.63,CA
37551,5/3/2014,NBA Ticket - Lakers,-91.47,CA
37551,5/3/2014,Bike Rental,-3.08,CA
37551,5/3/2014,Uber,-8.91,CA
37551,5/4/2014,Sam's Sporting Apparel,-109.88,CA
37551,5/5/2014,Public Transportation - Train Pass,-99.66,CA
37551,5/6/2014,Public Transportation - Train Pass,-27.77,CA
37551,5/6/2014,NFL Ticket - Chargers,-37.67,CA
37551,5/6/2014,Amazon Order - Athletic Equipment,-11.01,CA
37551,5/6/2014,Bike Rental,-109.65,CA
37551,5/6/2014,Vitamin Shoppe,-16.82,CA
37551,5/6/2014,Bike Rental,-16.53,CA
37551,5/6/2014,NFL Ticket - Chargers,-19.83,CA
37551,5/7/2014,Total Gym Fees,-10.76,CA
37551,5/7/2014,Dick's Sporting Goods,-82.54,CA
37551,5/7/2014,GNC,-5.6,CA
37551,5/7/2014,Restaurant - Burgers,-22.72,CA
37551,5/7/2014,Total Gym Fees,-5.63,CA
37551,5/8/2014,Taxi,-38.39,CA
37551,5/9/2014,Taxi,-12.21,CA
37551,5/10/2014,Food Delivery - GrubHub,-11.61,CA
37551,5/10/2014,Uber,-16.87,CA
37551,5/10/2014,Public Transportation - Bus Pass,-72.37,CA
37551,5/10/2014,Starbucks Coffee,-37.72,CA
37551,5/10/2014,Public Transportation - Bus Pass,-34.13,CA
37551,5/11/2014,Bike Rental,-14.14,CA
37551,5/11/2014,Vitamin Shoppe,-12.15,CA
37551,5/11/2014,Bike Rental,-35.81,CA
37551,5/11/2014,Uber,-7.32,CA
37551,5/12/2014,Restaurant - Chinese,-18.09,CA
37551,5/12/2014,Public Transportation - Train Pass,-29.19,CA
37551,5/12/2014,Lyft,-28.92,CA
37551,5/12/2014,Uber,-36.51,CA
37551,5/12/2014,Sam's Sporting Apparel,-15.19,CA
37551,5/12/2014,Taxi,-27.67,CA
37551,5/13/2014,Lyft,-29.75,CA
37551,5/14/2014,Taxi,-34.7,CA
37551,5/14/2014,GNC,-23.94,CA
37551,5/15/2014,Total Gym Fees,-15.71,CA
37551,5/15/2014,Dick's Sporting Goods,-71.2,CA
37551,5/15/2014,Amazon Order - Athletic Equipment,-6.01,CA
37551,5/15/2014,Amazon Order - Athletic Equipment,-27.85,CA
37551,5/15/2014,Sprouts Market,-27.29,CA
37551,5/15/2014,Athletic Apparel,-7.3,CA
37551,5/16/2014,NBA Ticket - Lakers,-16.61,CA
37551,5/16/2014,NBA Ticket - Lakers,-9.12,CA
37551,5/16/2014,Vitamin Shoppe,-22.73,CA
37551,5/16/2014,Sam's Sporting Apparel,-2.82,CA
37551,5/16/2014,Ralph's Grocery Store,-90.54,CA
37551,5/16/2014,Restaurant - Chinese,-112.08,CA
37551,5/17/2014,Sam's Sporting Apparel,-49.28,CA
37551,5/17/2014,Food Delivery - GrubHub,-35.95,CA
37551,5/17/2014,Dick's Sporting Goods,-39.05,CA
37551,5/18/2014,Uber,-1.91,CA
37551,5/18/2014,Bike Rental,-31.25,CA
37551,5/18/2014,Total Gym Fees,-1.93,CA
37551,5/19/2014,Athletic Apparel,-74.49,CA
37551,5/19/2014,Von's Groceries,-29.65,CA
37551,5/19/2014,GNC,-23.33,CA
37551,5/19/2014,Sprouts Market,-3.26,CA
37551,5/20/2014,Restaurant - Steakhouse,-17.68,CA
37551,5/21/2014,Total Gym Fees,-18.02,CA
37551,5/22/2014,Athletic Apparel,-15.45,CA
37551,5/22/2014,Taxi,-71.45,CA
37551,5/22/2014,Dick's Sporting Goods,-14.15,CA
37551,5/22/2014,Sprouts Market,-28.24,CA
37551,5/22/2014,Amazon Order - Athletic Equipment,-25.46,CA
37551,5/22/2014,Lyft,-6.84,CA
37551,5/22/2014,Public Transportation - Bus Pass,-38.82,CA
37551,5/22/2014,Athletic Apparel,-30.22,CA
37551,5/22/2014,Public Transportation - Train Pass,-9.32,CA
37551,5/23/2014,NFL Ticket - Chargers,-33.92,CA
37551,5/23/2014,Vitamin Shoppe,-50.71,CA
37551,5/23/2014,Sam's Sporting Apparel,-58.21,CA
37551,5/24/2014,GNC,-85.76,CA
37551,5/24/2014,Total Gym Fees,-44.76,CA
37551,5/24/2014,Vitamin Shoppe,-6.17,CA
37551,5/24/2014,Amazon Order - Athletic Equipment,-36.19,CA
37551,5/24/2014,Restaurant - Steakhouse,-14,CA
37551,5/24/2014,GNC,-10.88,CA
37551,5/24/2014,Sam's Sporting Apparel,-39.76,CA
37551,5/25/2014,Athletic Apparel,-5.29,CA
37551,5/26/2014,Restaurant - Chinese,-5.59,CA
37551,5/26/2014,Sprouts Market,-34.82,CA
37551,5/26/2014,NBA Ticket - Lakers,-10.11,CA
37551,5/27/2014,Restaurant - Burgers,-9.46,CA
37551,5/28/2014,Bike Rental,-94.29,CA
37551,5/28/2014,Vitamin Shoppe,-1.8,CA
37551,5/29/2014,Dick's Sporting Goods,-13.23,CA
37551,5/30/2014,Athletic Apparel,-2.52,CA
37551,5/30/2014,Lyft,-52.68,CA
37551,6/2/2014,Housing Rent,-1298,CA
37551,6/2/2014,Netflix Subscription,-4.99,CA
37551,6/2/2014,Navient - Student Loans,-197,CA
37551,6/2/2014,ACS - Student Loans,-135,CA
37551,6/2/2014,Sprouts Market,-94.6,CA
37551,6/2/2014,Uber,-30.42,CA
37551,6/2/2014,Taxi,-3.22,CA
37551,6/2/2014,Athletic Apparel,-30.12,CA
37551,6/2/2014,GNC,-5.9,CA
37551,6/2/2014,Sam's Sporting Apparel,-20.57,CA
37551,6/2/2014,Athletic Apparel,-115.92,CA
37551,6/2/2014,Vitamin Shoppe,-38.71,CA
37551,6/2/2014,Restaurant - Chinese,-113.14,CA
37551,6/3/2014,GNC,-10.12,CA
37551,6/4/2014,Total Gym Fees,-20.02,CA
37551,6/5/2014,Athletic Apparel,-33.11,CA
37551,6/5/2014,Ralph's Grocery Store,-28.87,CA
37551,6/5/2014,Uber,-17.56,CA
37551,6/5/2014,NBA Ticket - Lakers,-22.83,CA
37551,6/6/2014,NFL Ticket - Chargers,-29.79,CA
37551,6/6/2014,Athletic Apparel,-71.87,CA
37551,6/6/2014,NBA Ticket - Lakers,-24.46,CA
37551,6/6/2014,Public Transportation - Bus Pass,-23.43,CA
37551,6/6/2014,NFL Ticket - Chargers,-8.52,CA
37551,6/7/2014,Restaurant - Pizza,-11.19,CA
37551,6/7/2014,Restaurant - Pizza,-25.86,CA
37551,6/7/2014,Taxi,-37.55,CA
37551,6/7/2014,GNC,-6.39,CA
37551,6/7/2014,Athletic Apparel,-1.41,CA
37551,6/7/2014,NFL Ticket - Chargers,-5.07,CA
37551,6/7/2014,Dick's Sporting Goods,-25.39,CA
37551,6/8/2014,Dick's Sporting Goods,-1.25,CA
37551,6/8/2014,GNC,-9.09,CA
37551,6/8/2014,Lyft,-11.46,CA
37551,6/8/2014,Public Transportation - Bus Pass,-19.09,CA
37551,6/9/2014,Sam's Sporting Apparel,-38.97,CA
37551,6/10/2014,Total Gym Fees,-39.35,CA
37551,6/10/2014,Lyft,-0.39,CA
37551,6/10/2014,Public Transportation - Train Pass,-33.31,CA
37551,6/10/2014,Von's Groceries,-5.31,CA
37551,6/11/2014,NBA Ticket - Lakers,-110.82,CA
37551,6/11/2014,Amazon Order - Athletic Equipment,-24.18,CA
37551,6/11/2014,Whole Foods,-14.01,CA
37551,6/12/2014,Lyft,-17.04,CA
37551,6/12/2014,Vitamin Shoppe,-10.83,CA
37551,6/12/2014,Restaurant - Pizza,-10.38,CA
37551,6/12/2014,Sam's Sporting Apparel,-27.74,CA
37551,6/13/2014,Restaurant - Pizza,-13.18,CA
37551,6/13/2014,NBA Ticket - Lakers,-5.79,CA
37551,6/13/2014,Public Transportation - Bus Pass,-16.83,CA
37551,6/14/2014,Vitamin Shoppe,-17.65,CA
37551,6/14/2014,Sam's Sporting Apparel,-5.25,CA
37551,6/14/2014,Restaurant - Burgers,-112.9,CA
37551,6/14/2014,GNC,-15.76,CA
37551,6/14/2014,Athletic Apparel,-23.16,CA
37551,6/14/2014,Restaurant - Pizza,-37.24,CA
37551,6/14/2014,Dick's Sporting Goods,-38.92,CA
37551,6/14/2014,NBA Ticket - Lakers,-2.84,CA
37551,6/14/2014,Dick's Sporting Goods,-18.94,CA
37551,6/15/2014,NFL Ticket - Chargers,-7.08,CA
37551,6/15/2014,Dick's Sporting Goods,-107.42,CA
37551,6/16/2014,Dick's Sporting Goods,-48.76,CA
37551,6/16/2014,Amazon Order - Athletic Equipment,-29.44,CA
37551,6/17/2014,Bike Rental,-3.25,CA
37551,6/18/2014,Athletic Apparel,-38.2,CA
37551,6/19/2014,Starbucks Coffee,-18.72,CA
37551,6/19/2014,Lyft,-25.41,CA
37551,6/19/2014,Total Gym Fees,-11.06,CA
37551,6/19/2014,Starbucks Coffee,-14.85,CA
37551,6/19/2014,Lyft,-35.94,CA
37551,6/19/2014,Sprouts Market,-86.96,CA
37551,6/19/2014,NBA Ticket - Lakers,-18.06,CA
37551,6/19/2014,Total Gym Fees,-34.8,CA
37551,6/19/2014,Restaurant - Chinese,-30.46,CA
37551,6/19/2014,Sam's Sporting Apparel,-101.65,CA
37551,6/19/2014,Bike Rental,-15.27,CA
37551,6/19/2014,Uber,-24.37,CA
37551,6/19/2014,Ralph's Grocery Store,-16.37,CA
37551,6/19/2014,Ralph's Grocery Store,-67.86,CA
37551,6/20/2014,Lyft,-22,CA
37551,6/20/2014,Athletic Apparel,-32.14,CA
37551,6/20/2014,Public Transportation - Bus Pass,-22.07,CA
37551,6/20/2014,Athletic Apparel,-22.82,CA
37551,6/21/2014,NBA Ticket - Lakers,-27.04,CA
37551,6/21/2014,Public Transportation - Train Pass,-18.5,CA
37551,6/21/2014,Sam's Sporting Apparel,-28.69,CA
37551,6/22/2014,Sprouts Market,-5.89,CA
37551,6/23/2014,Public Transportation - Bus Pass,-2.99,CA
37551,6/23/2014,NFL Ticket - Chargers,-12.86,CA
37551,6/24/2014,Public Transportation - Train Pass,-33.59,CA
37551,6/24/2014,Amazon Order - Athletic Equipment,-12.7,CA
37551,6/24/2014,Taxi,-19.32,CA
37551,6/24/2014,Ralph's Grocery Store,-18.09,CA
37551,6/24/2014,Total Gym Fees,-51.88,CA
37551,6/24/2014,Bike Rental,-15.35,CA
37551,6/24/2014,Amazon Order - Athletic Equipment,-11.97,CA
37551,6/24/2014,NFL Ticket - Chargers,-43.45,CA
37551,6/24/2014,GNC,-4.18,CA
37551,6/24/2014,Public Transportation - Train Pass,-32.59,CA
37551,6/24/2014,NBA Ticket - Lakers,-24.2,CA
37551,6/24/2014,Athletic Apparel,-1.27,CA
37551,6/24/2014,Lyft,-5.05,CA
37551,6/24/2014,NFL Ticket - Chargers,-0.75,CA
37551,6/25/2014,Public Transportation - Bus Pass,-22.37,CA
37551,6/25/2014,NBA Ticket - Lakers,-4.71,CA
37551,6/25/2014,Total Gym Fees,-30.7,CA
37551,6/25/2014,Sam's Sporting Apparel,-20.43,CA
37551,6/26/2014,Restaurant - Steakhouse,-37.68,CA
37551,6/26/2014,Dick's Sporting Goods,-2.78,CA
37551,6/26/2014,NBA Ticket - Lakers,-1.67,CA
37551,6/26/2014,Dick's Sporting Goods,-20.26,CA
37551,6/27/2014,Vitamin Shoppe,-12.57,CA
37551,6/27/2014,Total Gym Fees,-31.62,CA
37551,6/27/2014,Amazon Order - Athletic Equipment,-31.92,CA
37551,6/27/2014,Total Gym Fees,-107.41,CA
37551,6/27/2014,Vitamin Shoppe,-32.17,CA
37551,6/27/2014,Uber,-1.19,CA
37551,6/27/2014,Vitamin Shoppe,-19.98,CA
37551,6/27/2014,NFL Ticket - Chargers,-12.41,CA
37551,6/27/2014,Total Gym Fees,-2.24,CA
37551,6/27/2014,Vitamin Shoppe,-36.47,CA
37551,6/27/2014,Sam's Sporting Apparel,-7.65,CA
37551,6/27/2014,Uber,-12.8,CA
37551,6/27/2014,Bike Rental,-35.41,CA
37551,6/27/2014,Restaurant - Chinese,-24.3,CA
37551,6/27/2014,Dick's Sporting Goods,-9.53,CA
37551,6/28/2014,Restaurant - Burgers,-1.73,CA
37551,6/29/2014,Bike Rental,-3.54,CA
37551,6/29/2014,NFL Ticket - Chargers,-35.51,CA
37551,6/30/2014,Starbucks Coffee,-34.95,CA
37551,6/30/2014,Taxi,-0.42,CA
37551,7/2/2014,Housing Rent,-1009,CA
37551,7/2/2014,Netflix Subscription,-4.99,CA
37551,7/2/2014,Navient - Student Loans,-197,CA
37551,7/2/2014,ACS - Student Loans,-135,CA
37551,7/2/2014,Amazon Order - Athletic Equipment,-36.05,CA
37551,7/2/2014,Total Gym Fees,-11.36,CA
37551,7/2/2014,Bike Rental,-26.38,CA
37551,7/2/2014,Dick's Sporting Goods,-79.06,CA
37551,7/2/2014,Dick's Sporting Goods,-31.87,CA
37551,7/2/2014,Vitamin Shoppe,-35.15,CA
37551,7/3/2014,Sam's Sporting Apparel,-7.37,CA
37551,7/3/2014,NFL Ticket - Chargers,-66.77,CA
37551,7/3/2014,GNC,-16.91,CA
37551,7/4/2014,Dick's Sporting Goods,-21.67,CA
37551,7/5/2014,NFL Ticket - Chargers,-36.29,CA
37551,7/5/2014,NBA Ticket - Lakers,-22.87,CA
37551,7/5/2014,NBA Ticket - Lakers,-27.01,CA
37551,7/5/2014,Lyft,-70.07,CA
37551,7/5/2014,Public Transportation - Bus Pass,-113.35,CA
37551,7/5/2014,Restaurant - Burgers,-12.73,CA
37551,7/5/2014,Public Transportation - Train Pass,-34.38,CA
37551,7/6/2014,Lyft,-60.79,CA
37551,7/6/2014,Dick's Sporting Goods,-15.34,CA
37551,7/6/2014,Kay Jewelry,-38.19,CA
37551,7/6/2014,Wedding Planner,-29.01,CA
37551,7/6/2014,Southwest Flights - Cancun,-20.89,CA
37551,7/6/2014,Cancun Beach Resort,-25.69,CA
37551,7/6/2014,GNC,-19.75,CA
37551,7/6/2014,Taxi,-32.38,CA
37551,7/7/2014,Dick's Sporting Goods,-3.64,CA
37551,7/7/2014,Uber,-49.74,CA
37551,7/7/2014,Amazon Order - Athletic Equipment,-7.01,CA
37551,7/7/2014,NBA Ticket - Lakers,-28.99,CA
37551,7/8/2014,Bike Rental,-15.47,CA
37551,7/9/2014,Taxi,-73.41,CA
37551,7/10/2014,Sprouts Market,-10.88,CA
37551,7/11/2014,Taxi,-25.79,CA
37551,7/11/2014,Dick's Sporting Goods,-39.26,CA
37551,7/12/2014,NBA Ticket - Lakers,-13.67,CA
37551,7/12/2014,Bike Rental,-22.83,CA
37551,7/13/2014,Amazon Order - Athletic Equipment,-5.47,CA
37551,7/13/2014,Sam's Sporting Apparel,-23.77,CA
37551,7/13/2014,Public Transportation - Train Pass,-2.37,CA
37551,7/14/2014,Sam's Sporting Apparel,-23.27,CA
37551,7/15/2014,Athletic Apparel,-12.59,CA
37551,7/15/2014,Uber,-27.09,CA
37551,7/15/2014,Total Gym Fees,-27.56,CA
37551,7/15/2014,Sam's Sporting Apparel,-4.4,CA
37551,7/15/2014,Restaurant - Steakhouse,-32.26,CA
37551,7/16/2014,Public Transportation - Train Pass,-30.9,CA
37551,7/16/2014,NBA Ticket - Lakers,-34.7,CA
37551,7/16/2014,NFL Ticket - Chargers,-19.91,CA
37551,7/17/2014,Restaurant - Steakhouse,-17.1,CA
37551,7/17/2014,NBA Ticket - Lakers,-25.48,CA
37551,7/18/2014,Dick's Sporting Goods,-32.84,CA
37551,7/19/2014,Vitamin Shoppe,-7.48,CA
37551,7/19/2014,Starbucks Coffee,-33.48,CA
37551,7/20/2014,GNC,-30.69,CA
37551,7/20/2014,Total Gym Fees,-27.91,CA
37551,7/21/2014,NBA Ticket - Lakers,-4.69,CA
37551,7/21/2014,Public Transportation - Train Pass,-25.3,CA
37551,7/21/2014,Von's Groceries,-32.08,CA
37551,7/22/2014,Public Transportation - Bus Pass,-8.9,CA
37551,7/23/2014,NFL Ticket - Chargers,-5.49,CA
37551,7/24/2014,Bike Rental,-38.69,CA
37551,7/25/2014,Von's Groceries,-38.62,CA
37551,7/26/2014,NFL Ticket - Chargers,-2.87,CA
37551,7/26/2014,Lyft,-75.78,CA
37551,7/26/2014,Food Delivery - GrubHub,-103.09,CA
37551,7/26/2014,Sam's Sporting Apparel,-33.85,CA
37551,7/26/2014,NBA Ticket - Lakers,-75.99,CA
37551,7/26/2014,Starbucks Coffee,-22.96,CA
37551,7/27/2014,Restaurant - Chinese,-13.35,CA
37551,7/27/2014,Sam's Sporting Apparel,-15.15,CA
37551,7/28/2014,Total Gym Fees,-5.47,CA
37551,7/29/2014,Dick's Sporting Goods,-36.01,CA
37551,7/29/2014,Food Delivery - GrubHub,-20.09,CA
37551,7/30/2014,Athletic Apparel,-2.87,CA
37551,7/30/2014,Public Transportation - Train Pass,-31.52,CA
37551,8/2/2014,Housing Rent,-1228,CA
37551,8/2/2014,Netflix Subscription,-4.99,CA
37551,8/2/2014,Navient - Student Loans,-197,CA
37551,8/2/2014,ACS - Student Loans,-135,CA
37551,8/2/2014,Lyft,-38.12,CA
37551,8/3/2014,NFL Ticket - Chargers,-21.31,CA
37551,8/4/2014,Dick's Sporting Goods,-25.37,CA
37551,8/4/2014,Restaurant - Steakhouse,-17.75,CA
37551,8/5/2014,GNC,-32.91,CA
37551,8/5/2014,Food Delivery - GrubHub,-30.63,CA
37551,8/6/2014,Restaurant - Chinese,-32.11,CA
37551,8/7/2014,Athletic Apparel,-15.88,CA
37551,8/8/2014,Bike Rental,-3.98,CA
37551,8/8/2014,Bike Rental,-32.05,CA
37551,8/9/2014,Sam's Sporting Apparel,-18.03,CA
37551,8/9/2014,Lyft,-19.93,CA
37551,8/10/2014,Restaurant - Chinese,-7.73,CA
37551,8/11/2014,Dick's Sporting Goods,-32.58,CA
37551,8/11/2014,Athletic Apparel,-8.4,CA
37551,8/11/2014,Dick's Sporting Goods,-39.3,CA
37551,8/12/2014,GNC,-12.1,CA
37551,8/13/2014,Athletic Apparel,-15.56,CA
37551,8/13/2014,Athletic Apparel,-21.24,CA
37551,8/14/2014,Total Gym Fees,-18.7,CA
37551,8/15/2014,NFL Ticket - Chargers,-84.26,CA
37551,8/16/2014,GNC,-26.92,CA
37551,8/16/2014,Uber,-34.51,CA
37551,8/17/2014,Amazon Order - Athletic Equipment,-46.36,CA
37551,8/18/2014,Public Transportation - Bus Pass,-16.99,CA
37551,8/19/2014,Restaurant - Chinese,-27.74,CA
37551,8/19/2014,Sam's Sporting Apparel,-34.54,CA
37551,8/19/2014,Starbucks Coffee,-26.35,CA
37551,8/19/2014,Amazon Order - Athletic Equipment,-34.23,CA
37551,8/19/2014,NFL Ticket - Chargers,-6.96,CA
37551,8/20/2014,Lyft,-1.97,CA
37551,8/20/2014,Von's Groceries,-26.43,CA
37551,8/20/2014,Vitamin Shoppe,-28.03,CA
37551,8/20/2014,NBA Ticket - Lakers,-0.21,CA
37551,8/20/2014,Athletic Apparel,-20.78,CA
37551,8/20/2014,Restaurant - Burgers,-71.03,CA
37551,8/21/2014,Public Transportation - Bus Pass,-76.97,CA
37551,8/21/2014,Sam's Sporting Apparel,-36.04,CA
37551,8/21/2014,Bike Rental,-28.05,CA
37551,8/21/2014,Vitamin Shoppe,-16.02,CA
37551,8/22/2014,Total Gym Fees,-30.78,CA
37551,8/22/2014,NBA Ticket - Lakers,-6.99,CA
37551,8/22/2014,Dick's Sporting Goods,-36.21,CA
37551,8/22/2014,Sprouts Market,-43.84,CA
37551,8/23/2014,Athletic Apparel,-14.33,CA
37551,8/24/2014,Sam's Sporting Apparel,-12.09,CA
37551,8/24/2014,Vitamin Shoppe,-35.08,CA
37551,8/25/2014,NBA Ticket - Lakers,-24.42,CA
37551,8/25/2014,Sam's Sporting Apparel,-1.94,CA
37551,8/26/2014,GNC,-12.37,CA
37551,8/26/2014,Total Gym Fees,-2.64,CA
37551,8/27/2014,NBA Ticket - Lakers,-10.31,CA
37551,8/27/2014,Total Gym Fees,-23.32,CA
37551,8/27/2014,Restaurant - Burgers,-34.39,CA
37551,8/27/2014,Total Gym Fees,-27.69,CA
37551,8/28/2014,Public Transportation - Bus Pass,-2.23,CA
37551,8/28/2014,Lyft,-85.2,CA
37551,8/29/2014,Total Gym Fees,-6.23,CA
37551,8/30/2014,NBA Ticket - Lakers,-24.11,CA
37551,9/2/2014,Housing Rent,-899,CA
37551,9/2/2014,Netflix Subscription,-4.99,CA
37551,9/2/2014,Navient - Student Loans,-197,CA
37551,9/2/2014,ACS - Student Loans,-135,CA
37551,9/2/2014,NFL Ticket - Chargers,-20.39,CA
37551,9/2/2014,Bike Rental,-23.6,CA
37551,9/3/2014,GNC,-19.14,CA
37551,9/3/2014,Dick's Sporting Goods,-68.53,CA
37551,9/3/2014,NBA Ticket - Lakers,-29.77,CA
37551,9/4/2014,Bike Rental,-109.11,CA
37551,9/4/2014,NBA Ticket - Lakers,-7.12,CA
37551,9/5/2014,Total Gym Fees,-82.36,CA
37551,9/5/2014,Athletic Apparel,-57.47,CA
37551,9/6/2014,Public Transportation - Bus Pass,-16.7,CA
37551,9/6/2014,Restaurant - Burgers,-39.91,CA
37551,9/6/2014,Total Gym Fees,-6.19,CA
37551,9/6/2014,Taxi,-5.73,CA
37551,9/7/2014,Uber,-11.38,CA
37551,9/8/2014,Amazon Order - Athletic Equipment,-53.81,CA
37551,9/8/2014,Restaurant - Steakhouse,-43.25,CA
37551,9/8/2014,Restaurant - Chinese,-5.74,CA
37551,9/9/2014,Starbucks Coffee,-10.05,CA
37551,9/9/2014,Athletic Apparel,-29.82,CA
37551,9/9/2014,Bike Rental,-10.78,CA
37551,9/9/2014,Uber,-39.75,CA
37551,9/9/2014,Uber,-22.18,CA
37551,9/10/2014,Restaurant - Steakhouse,-49.33,CA
37551,9/11/2014,NFL Ticket - Chargers,-16.62,CA
37551,9/11/2014,NFL Ticket - Chargers,-2.61,CA
37551,9/11/2014,Restaurant - Steakhouse,-5.57,CA
37551,9/11/2014,Sam's Sporting Apparel,-95.05,CA
37551,9/12/2014,Restaurant - Chinese,-38.35,CA
37551,9/12/2014,Lyft,-32.91,CA
37551,9/13/2014,NFL Ticket - Chargers,-21.73,CA
37551,9/13/2014,Athletic Apparel,-114.55,CA
37551,9/13/2014,Starbucks Coffee,-37.11,CA
37551,9/14/2014,Vitamin Shoppe,-3.56,CA
37551,9/14/2014,Athletic Apparel,-20.11,CA
37551,9/14/2014,Total Gym Fees,-30.54,CA
37551,9/14/2014,Total Gym Fees,-35,CA
37551,9/14/2014,Uber,-24.07,CA
37551,9/14/2014,GNC,-35.83,CA
37551,9/15/2014,Restaurant - Steakhouse,-73.61,CA
37551,9/16/2014,NBA Ticket - Lakers,-37.5,CA
37551,9/16/2014,GNC,-39.91,CA
37551,9/16/2014,Dick's Sporting Goods,-10.25,CA
37551,9/16/2014,Total Gym Fees,-12.66,CA
37551,9/16/2014,Total Gym Fees,-7.66,CA
37551,9/16/2014,NBA Ticket - Lakers,-30.14,CA
37551,9/16/2014,Lyft,-15.71,CA
37551,9/16/2014,Uber,-8.19,CA
37551,9/16/2014,Ralph's Grocery Store,-102.18,CA
37551,9/16/2014,Public Transportation - Bus Pass,-32.28,CA
37551,9/17/2014,Bike Rental,-35.87,CA
37551,9/17/2014,Uber,-68.68,CA
37551,9/17/2014,Athletic Apparel,-2.62,CA
37551,9/18/2014,Amazon Order - Athletic Equipment,-21.35,CA
37551,9/19/2014,Total Gym Fees,-36.02,CA
37551,9/19/2014,Restaurant - Chinese,-30.48,CA
37551,9/19/2014,NFL Ticket - Chargers,-23.28,CA
37551,9/19/2014,NBA Ticket - Lakers,-33.62,CA
37551,9/20/2014,Total Gym Fees,-106.67,CA
37551,9/20/2014,NBA Ticket - Lakers,-25.98,CA
37551,9/20/2014,Uber,-31.4,CA
37551,9/20/2014,Restaurant - Pizza,-35.06,CA
37551,9/20/2014,NFL Ticket - Chargers,-30.41,CA
37551,9/21/2014,NBA Ticket - Lakers,-3.09,CA
37551,9/22/2014,Lyft,-118.3,CA
37551,9/22/2014,Vitamin Shoppe,-36.05,CA
37551,9/22/2014,Sam's Sporting Apparel,-119.32,CA
37551,9/22/2014,Total Gym Fees,-24.45,CA
37551,9/23/2014,Uber,-108.82,CA
37551,9/23/2014,Dick's Sporting Goods,-7.78,CA
37551,9/23/2014,Athletic Apparel,-23.86,CA
37551,9/24/2014,Total Gym Fees,-32.74,CA
37551,9/25/2014,Restaurant - Burgers,-75.07,CA
37551,9/25/2014,Bike Rental,-16.11,CA
37551,9/25/2014,Food Delivery - GrubHub,-34.83,CA
37551,9/26/2014,NBA Ticket - Lakers,-10.35,CA
37551,9/26/2014,Athletic Apparel,-22.29,CA
37551,9/27/2014,Starbucks Coffee,-26.75,CA
37551,9/28/2014,Public Transportation - Train Pass,-49.87,CA
37551,9/29/2014,Amazon Order - Athletic Equipment,-38.34,CA
37551,9/30/2014,Vitamin Shoppe,-23.25,CA
37551,9/30/2014,Uber,-3.69,CA
37551,9/30/2014,Ralph's Grocery Store,-36.4,CA
37551,9/30/2014,NFL Ticket - Chargers,-26.27,CA
37551,10/2/2014,Housing Rent,-767,CA
37551,10/2/2014,Netflix Subscription,-4.99,CA
37551,10/2/2014,Navient - Student Loans,-197,CA
37551,10/2/2014,ACS - Student Loans,-135,CA
37551,10/2/2014,NBA Ticket - Lakers,-20.7,CA
37551,10/2/2014,Total Gym Fees,-58.92,CA
37551,10/2/2014,GNC,-28.54,CA
37551,10/2/2014,Lyft,-116.07,CA
37551,10/2/2014,Vitamin Shoppe,-30.53,CA
37551,10/2/2014,NBA Ticket - Lakers,-80.29,CA
37551,10/2/2014,NBA Ticket - Lakers,-20.69,CA
37551,10/3/2014,Bike Rental,-6.02,CA
37551,10/3/2014,Sprouts Market,-1.05,CA
37551,10/3/2014,Vitamin Shoppe,-32.89,CA
37551,10/4/2014,Uber,-2.49,CA
37551,10/5/2014,Public Transportation - Train Pass,-24.22,CA
37551,10/5/2014,Restaurant - Burgers,-22.08,CA
37551,10/5/2014,Dick's Sporting Goods,-25.71,CA
37551,10/5/2014,NFL Ticket - Chargers,-10.71,CA
37551,10/6/2014,Total Gym Fees,-110.56,CA
37551,10/6/2014,Restaurant - Chinese,-3.21,CA
37551,10/7/2014,Sam's Sporting Apparel,-32.71,CA
37551,10/7/2014,Restaurant - Chinese,-39.22,CA
37551,10/7/2014,Sprouts Market,-13.85,CA
37551,10/7/2014,Bike Rental,-9.77,CA
37551,10/7/2014,Sam's Sporting Apparel,-37.89,CA
37551,10/8/2014,Sam's Sporting Apparel,-83.79,CA
37551,10/8/2014,Bike Rental,-57.92,CA
37551,10/8/2014,Starbucks Coffee,-29.02,CA
37551,10/8/2014,Sam's Sporting Apparel,-6.55,CA
37551,10/8/2014,Sam's Sporting Apparel,-37.39,CA
37551,10/9/2014,Bike Rental,-29.01,CA
37551,10/9/2014,Dick's Sporting Goods,-26.78,CA
37551,10/9/2014,Vitamin Shoppe,-94.96,CA
37551,10/10/2014,Taxi,-17.1,CA
37551,10/10/2014,Sam's Sporting Apparel,-50.12,CA
37551,10/10/2014,Taxi,-27.41,CA
37551,10/10/2014,Bike Rental,-35.03,CA
37551,10/10/2014,Lyft,-46.11,CA
37551,10/10/2014,Sam's Sporting Apparel,-7.2,CA
37551,10/11/2014,Food Delivery - GrubHub,-31.39,CA
37551,10/12/2014,Vitamin Shoppe,-34.41,CA
37551,10/12/2014,Athletic Apparel,-25.6,CA
37551,10/12/2014,Lyft,-30.52,CA
37551,10/13/2014,Vitamin Shoppe,-12.78,CA
37551,10/13/2014,Bike Rental,-111.21,CA
37551,10/13/2014,Public Transportation - Bus Pass,-3.28,CA
37551,10/13/2014,Bike Rental,-37.29,CA
37551,10/14/2014,Lyft,-24.08,CA
37551,10/14/2014,Athletic Apparel,-9.45,CA
37551,10/14/2014,Athletic Apparel,-21.18,CA
37551,10/15/2014,Bike Rental,-21.16,CA
37551,10/16/2014,Dick's Sporting Goods,-33.11,CA
37551,10/17/2014,Ralph's Grocery Store,-32.92,CA
37551,10/17/2014,Von's Groceries,-39.58,CA
37551,10/18/2014,Restaurant - Chinese,-46.06,CA
37551,10/19/2014,Restaurant - Steakhouse,-33.98,CA
37551,10/19/2014,Food Delivery - GrubHub,-4.97,CA
37551,10/19/2014,Restaurant - Burgers,-34.92,CA
37551,10/19/2014,Total Gym Fees,-19.45,CA
37551,10/19/2014,Taxi,-0.23,CA
37551,10/19/2014,Total Gym Fees,-14.35,CA
37551,10/19/2014,Sam's Sporting Apparel,-26.04,CA
37551,10/19/2014,NBA Ticket - Lakers,-15.07,CA
37551,10/20/2014,Whole Foods,-2.4,CA
37551,10/21/2014,Total Gym Fees,-19.98,CA
37551,10/22/2014,Uber,-8.89,CA
37551,10/23/2014,Food Delivery - GrubHub,-19.17,CA
37551,10/23/2014,Uber,-23.75,CA
37551,10/24/2014,Whole Foods,-38.86,CA
37551,10/24/2014,NFL Ticket - Chargers,-29.58,CA
37551,10/24/2014,Amazon Order - Athletic Equipment,-107.54,CA
37551,10/24/2014,Public Transportation - Bus Pass,-28.58,CA
37551,10/24/2014,NFL Ticket - Chargers,-37.26,CA
37551,10/25/2014,Sam's Sporting Apparel,-1.72,CA
37551,10/26/2014,Amazon Order - Athletic Equipment,-20.09,CA
37551,10/26/2014,Bike Rental,-10.47,CA
37551,10/26/2014,Sam's Sporting Apparel,-39.08,CA
37551,10/27/2014,NFL Ticket - Chargers,-16.52,CA
37551,10/27/2014,Public Transportation - Bus Pass,-85.83,CA
37551,10/27/2014,Total Gym Fees,-5.26,CA
37551,10/27/2014,Total Gym Fees,-36.14,CA
37551,10/28/2014,NFL Ticket - Chargers,-30.47,CA
37551,10/28/2014,Public Transportation - Train Pass,-0.66,CA
37551,10/28/2014,NBA Ticket - Lakers,-39.58,CA
37551,10/28/2014,Restaurant - Steakhouse,-33.82,CA
37551,10/28/2014,Total Gym Fees,-5.47,CA
37551,10/28/2014,Bike Rental,-7.27,CA
37551,10/28/2014,Athletic Apparel,-21.52,CA
37551,10/29/2014,Bike Rental,-38.38,CA
37551,10/29/2014,Amazon Order - Athletic Equipment,-23.81,CA
37551,10/29/2014,Amazon Order - Athletic Equipment,-13.42,CA
37551,10/29/2014,Athletic Apparel,-3.42,CA
37551,10/29/2014,Public Transportation - Train Pass,-36.07,CA
37551,10/29/2014,Public Transportation - Bus Pass,-105.18,CA
37551,10/29/2014,Total Gym Fees,-33.65,CA
37551,10/30/2014,Public Transportation - Bus Pass,-77.91,CA
37551,10/30/2014,GNC,-2.17,CA
37551,11/2/2014,Housing Rent,-1290,CA
37551,11/2/2014,Netflix Subscription,-4.99,CA
37551,11/2/2014,Navient - Student Loans,-197,CA
37551,11/2/2014,ACS - Student Loans,-135,CA
37551,11/2/2014,Von's Groceries,-96.71,CA
37551,11/3/2014,Lyft,-15.78,CA
37551,11/3/2014,Sam's Sporting Apparel,-37.86,CA
37551,11/3/2014,Lyft,-9.92,CA
37551,11/3/2014,Vitamin Shoppe,-28.16,CA
37551,11/3/2014,NFL Ticket - Chargers,-35.38,CA
37551,11/4/2014,GNC,-6.59,CA
37551,11/4/2014,NBA Ticket - Lakers,-38.69,CA
37551,11/4/2014,Dick's Sporting Goods,-35.99,CA
37551,11/5/2014,Public Transportation - Bus Pass,-0.96,CA
37551,11/5/2014,Bike Rental,-22.81,CA
37551,11/5/2014,Ralph's Grocery Store,-30.11,CA
37551,11/6/2014,Bike Rental,-93.65,CA
37551,11/6/2014,Sam's Sporting Apparel,-26.35,CA
37551,11/6/2014,Vitamin Shoppe,-22.31,CA
37551,11/7/2014,Amazon Order - Athletic Equipment,-20.68,CA
37551,11/8/2014,NFL Ticket - Chargers,-32.44,CA
37551,11/8/2014,Total Gym Fees,-20.22,CA
37551,11/8/2014,Taxi,-27.55,CA
37551,11/9/2014,Starbucks Coffee,-7.92,CA
37551,11/9/2014,Lyft,-64.79,CA
37551,11/9/2014,Uber,-6.97,CA
37551,11/10/2014,Sprouts Market,-35.06,CA
37551,11/11/2014,Food Delivery - GrubHub,-37.45,CA
37551,11/11/2014,Bike Rental,-21.35,CA
37551,11/11/2014,Restaurant - Chinese,-19.86,CA
37551,11/11/2014,Vitamin Shoppe,-37.38,CA
37551,11/12/2014,Vitamin Shoppe,-1.21,CA
37551,11/12/2014,Whole Foods,-94.72,CA
37551,11/12/2014,Uber,-31.1,CA
37551,11/13/2014,Uber,-9.72,CA
37551,11/14/2014,NBA Ticket - Lakers,-28.99,CA
37551,11/14/2014,Total Gym Fees,-27.28,CA
37551,11/15/2014,NBA Ticket - Lakers,-13.17,CA
37551,11/15/2014,Taxi,-5.96,CA
37551,11/16/2014,Taxi,-21.88,CA
37551,11/16/2014,Restaurant - Steakhouse,-28.27,CA
37551,11/17/2014,Sprouts Market,-9.08,CA
37551,11/17/2014,Total Gym Fees,-31.19,CA
37551,11/18/2014,Von's Groceries,-15.2,CA
37551,11/19/2014,NFL Ticket - Chargers,-39.03,CA
37551,11/19/2014,Ralph's Grocery Store,-112.55,CA
37551,11/20/2014,NFL Ticket - Chargers,-12.9,CA
37551,11/20/2014,Restaurant - Steakhouse,-97.62,CA
37551,11/21/2014,Bike Rental,-37.21,CA
37551,11/21/2014,Sam's Sporting Apparel,-17.95,CA
37551,11/21/2014,Taxi,-14.87,CA
37551,11/22/2014,Athletic Apparel,-22.71,CA
37551,11/22/2014,Sam's Sporting Apparel,-28.51,CA
37551,11/22/2014,GNC,-28.39,CA
37551,11/23/2014,Uber,-115.19,CA
37551,11/23/2014,Sam's Sporting Apparel,-11.77,CA
37551,11/23/2014,NFL Ticket - Chargers,-37.14,CA
37551,11/23/2014,Dick's Sporting Goods,-19.87,CA
37551,11/24/2014,Lyft,-25.03,CA
37551,11/25/2014,Total Gym Fees,-12.05,CA
37551,11/25/2014,Amazon Order - Athletic Equipment,-20.88,CA
37551,11/25/2014,Public Transportation - Bus Pass,-27.19,CA
37551,11/25/2014,Total Gym Fees,-33.03,CA
37551,11/26/2014,Restaurant - Burgers,-37.69,CA
37551,11/26/2014,Restaurant - Chinese,-15.66,CA
37551,11/26/2014,Food Delivery - GrubHub,-3.29,CA
37551,11/26/2014,Taxi,-2.96,CA
37551,11/26/2014,Public Transportation - Train Pass,-39.92,CA
37551,11/27/2014,Vitamin Shoppe,-18.73,CA
37551,11/28/2014,Total Gym Fees,-114.99,CA
37551,11/28/2014,Dick's Sporting Goods,-37.82,CA
37551,11/28/2014,Restaurant - Steakhouse,-37.78,CA
37551,11/29/2014,Vitamin Shoppe,-33.27,CA
37551,11/29/2014,Food Delivery - GrubHub,-9.11,CA
37551,11/29/2014,Public Transportation - Train Pass,-5.21,CA
37551,11/29/2014,Public Transportation - Train Pass,-32.54,CA
37551,11/29/2014,Von's Groceries,-15.36,CA
37551,11/29/2014,Sam's Sporting Apparel,-18.14,CA
37551,11/30/2014,Sam's Sporting Apparel,-13.39,CA
37551,11/30/2014,GNC,-36.07,CA
37551,11/30/2014,Amazon Order - Athletic Equipment,-0.43,CA
37551,12/2/2014,Housing Rent,-891,CA
37551,12/2/2014,Netflix Subscription,-4.99,CA
37551,12/2/2014,Navient - Student Loans,-197,CA
37551,12/2/2014,ACS - Student Loans,-135,CA
37551,12/2/2014,NFL Ticket - Chargers,-6.9,CA
37551,12/2/2014,Public Transportation - Train Pass,-29.78,CA
37551,12/2/2014,Taxi,-39.52,CA
37551,12/2/2014,Vitamin Shoppe,-22.45,CA
37551,12/2/2014,NBA Ticket - Lakers,-15.31,CA
37551,12/2/2014,GNC,-20.03,CA
37551,12/2/2014,Athletic Apparel,-14.61,CA
37551,12/2/2014,Ralph's Grocery Store,-2.93,CA
37551,12/3/2014,Uber,-20.22,CA
37551,12/4/2014,Von's Groceries,-30.19,CA
37551,12/4/2014,Dick's Sporting Goods,-86.46,CA
37551,12/4/2014,Dick's Sporting Goods,-31.14,CA
37551,12/4/2014,Restaurant - Burgers,-22.54,CA
37551,12/5/2014,Dick's Sporting Goods,-21.26,CA
37551,12/5/2014,Public Transportation - Train Pass,-0.67,CA
37551,12/6/2014,Total Gym Fees,-96.09,CA
37551,12/6/2014,NBA Ticket - Lakers,-8.02,CA
37551,12/6/2014,NBA Ticket - Lakers,-27.27,CA
37551,12/6/2014,Public Transportation - Train Pass,-52.95,CA
37551,12/6/2014,Uber,-26.39,CA
37551,12/6/2014,Athletic Apparel,-12.36,CA
37551,12/6/2014,Uber,-29.36,CA
37551,12/7/2014,Restaurant - Burgers,-22.75,CA
37551,12/8/2014,Whole Foods,-40.91,CA
37551,12/9/2014,Taxi,-4.73,CA
37551,12/9/2014,Public Transportation - Train Pass,-1.31,CA
37551,12/9/2014,NBA Ticket - Lakers,-36.09,CA
37551,12/9/2014,Taxi,-37.71,CA
37551,12/9/2014,Restaurant - Steakhouse,-32.08,CA
37551,12/9/2014,Dick's Sporting Goods,-64.86,CA
37551,12/9/2014,Taxi,-15.55,CA
37551,12/9/2014,NBA Ticket - Lakers,-17.63,CA
37551,12/9/2014,Taxi,-15.81,CA
37551,12/9/2014,Public Transportation - Bus Pass,-25.23,CA
37551,12/10/2014,Lyft,-19.44,CA
37551,12/10/2014,Uber,-0.11,CA
37551,12/11/2014,GNC,-49.31,CA
37551,12/12/2014,Sam's Sporting Apparel,-21.17,CA
37551,12/12/2014,Bike Rental,-12.7,CA
37551,12/12/2014,Athletic Apparel,-16.67,CA
37551,12/12/2014,Public Transportation - Bus Pass,-2.73,CA
37551,12/12/2014,Restaurant - Chinese,-15.17,CA
37551,12/12/2014,NFL Ticket - Chargers,-25.42,CA
37551,12/13/2014,Bike Rental,-10.89,CA
37551,12/13/2014,Uber,-36.31,CA
37551,12/13/2014,Dick's Sporting Goods,-13.98,CA
37551,12/13/2014,Total Gym Fees,-32.85,CA
37551,12/13/2014,Athletic Apparel,-71.2,CA
37551,12/13/2014,Lyft,-4.86,CA
37551,12/13/2014,NFL Ticket - Chargers,-29.77,CA
37551,12/13/2014,Taxi,-112,CA
37551,12/13/2014,Amazon Order - Athletic Equipment,-0.19,CA
37551,12/13/2014,Vitamin Shoppe,-4.24,CA
37551,12/13/2014,Dick's Sporting Goods,-38.81,CA
37551,12/14/2014,Uber,-1.72,CA
37551,12/15/2014,Bike Rental,-11.42,CA
37551,12/15/2014,Sam's Sporting Apparel,-28.87,CA
37551,12/15/2014,Lyft,-38.19,CA
37551,12/15/2014,Restaurant - Pizza,-33.61,CA
37551,12/15/2014,Public Transportation - Bus Pass,-13.84,CA
37551,12/15/2014,Athletic Apparel,-30.47,CA
37551,12/15/2014,Public Transportation - Bus Pass,-34,CA
37551,12/16/2014,Von's Groceries,-39.6,CA
37551,12/16/2014,NFL Ticket - Chargers,-5.3,CA
37551,12/16/2014,Athletic Apparel,-38.88,CA
37551,12/16/2014,Von's Groceries,-8.39,CA
37551,12/16/2014,Vitamin Shoppe,-12.32,CA
37551,12/16/2014,Amazon Order - Athletic Equipment,-40.72,CA
37551,12/17/2014,Athletic Apparel,-19.28,CA
37551,12/18/2014,Restaurant - Pizza,-66.54,CA
37551,12/18/2014,Lyft,-25.66,CA
37551,12/19/2014,Sam's Sporting Apparel,-38.17,CA
37551,12/19/2014,Starbucks Coffee,-22.29,CA
37551,12/19/2014,NFL Ticket - Chargers,-38.37,CA
37551,12/20/2014,Amazon Order - Athletic Equipment,-76.23,CA
37551,12/20/2014,Dick's Sporting Goods,-11.22,CA
37551,12/20/2014,Public Transportation - Bus Pass,-25.41,CA
37551,12/20/2014,Starbucks Coffee,-8.17,CA
37551,12/21/2014,Restaurant - Steakhouse,-24.01,CA
37551,12/21/2014,Sam's Sporting Apparel,-81.73,CA
37551,12/21/2014,Starbucks Coffee,-11.26,CA
37551,12/21/2014,NFL Ticket - Chargers,-10.96,CA
37551,12/21/2014,Amazon Order - Athletic Equipment,-27.98,CA
37551,12/22/2014,Amazon Order - Athletic Equipment,-23.99,CA
37551,12/22/2014,Taxi,-4.34,CA
37551,12/22/2014,Sam's Sporting Apparel,-36.64,CA
37551,12/23/2014,Public Transportation - Bus Pass,-71.07,CA
37551,12/23/2014,Sam's Sporting Apparel,-11.71,CA
37551,12/23/2014,Dick's Sporting Goods,-35.55,CA
37551,12/23/2014,Athletic Apparel,-23.96,CA
37551,12/23/2014,GNC,-5.2,CA
37551,12/23/2014,Food Delivery - GrubHub,-28.5,CA
37551,12/23/2014,Bike Rental,-64.53,CA
37551,12/23/2014,Amazon Order - Athletic Equipment,-11.94,CA
37551,12/23/2014,Public Transportation - Bus Pass,-46.82,CA
37551,12/23/2014,Restaurant - Steakhouse,-117.03,CA
37551,12/23/2014,Public Transportation - Bus Pass,-27.1,CA
37551,12/23/2014,Amazon Order - Athletic Equipment,-100.44,CA
37551,12/24/2014,Athletic Apparel,-3.12,CA
37551,12/25/2014,Taxi,-44.91,CA
37551,12/25/2014,Whole Foods,-104.73,CA
37551,12/25/2014,Total Gym Fees,-28.23,CA
37551,12/26/2014,Public Transportation - Train Pass,-13.53,CA
37551,12/26/2014,Amazon Order - Athletic Equipment,-15.07,CA
37551,12/26/2014,Public Transportation - Train Pass,-1.89,CA
37551,12/27/2014,Lyft,-43.2,CA
37551,12/27/2014,Sam's Sporting Apparel,-6.59,CA
37551,12/27/2014,Athletic Apparel,-24.48,CA
37551,12/28/2014,Food Delivery - GrubHub,-31.06,CA
37551,12/28/2014,Sprouts Market,-31.46,CA
37551,12/29/2014,Sam's Sporting Apparel,-6.67,CA
37551,12/30/2014,Dick's Sporting Goods,-93.87,CA
37551,12/30/2014,Athletic Apparel,-108.76,CA
37551,12/30/2014,Total Gym Fees,-34.76,CA
37551,12/30/2014,Dick's Sporting Goods,-100.04,CA
37551,12/30/2014,Sprouts Market,-31.47,CA
37551,12/32/2014,Bike Rental,-17.69,CA
37551,12/32/2014,Athletic Apparel,-10.57,CA
37551,12/32/2014,GNC,-26.79,CA
37551,12/32/2014,Athletic Apparel,-19.59,CA
37551,12/32/2014,Bike Rental,-84.8,CA
37551,12/32/2014,Bike Rental,-32.82,CA
