auth_id, Date, Vendor, Amount, Location 
61519,1/2/2013,Vitamin Shoppe,-24.32,CA
61519,1/3/2013,Public Transportation - Bus Pass,-13.49,CA
61519,1/3/2013,NFL Ticket - Chargers,-29.62,CA
61519,1/3/2013,Sam's Sporting Apparel,-11.09,CA
61519,1/4/2013,GNC,-12.67,CA
61519,1/4/2013,Amazon Order - Athletic Equipment,-30.69,CA
61519,1/5/2013,Von's Groceries,-31.4,CA
61519,1/5/2013,Public Transportation - Bus Pass,-81.41,CA
61519,1/6/2013,Public Transportation - Train Pass,-7.3,CA
61519,1/6/2013,Time Warne Cable - Late Payment Fee,-12.34,CA
61519,1/6/2013,NFL Ticket - Chargers,-20.31,CA
61519,1/6/2013,Restaurant - Burgers,-2.16,CA
61519,1/6/2013,NBA Ticket - Lakers,-24.96,CA
61519,1/6/2013,Restaurant - Burgers,-9.99,CA
61519,1/7/2013,Sprouts Market,-2.51,CA
61519,1/7/2013,Vitamin Shoppe,-38.1,CA
61519,1/8/2013,NFL Ticket - Chargers,-36.01,CA
61519,1/8/2013,Uber,-38.45,CA
61519,1/8/2013,NBA Ticket - Lakers,-34.81,CA
61519,1/8/2013,Restaurant - Pizza,-6.89,CA
61519,1/8/2013,Lyft,-15.61,CA
61519,1/9/2013,Credit Card Overdraft Fee,-68.96,CA
61519,1/9/2013,Vitamin Shoppe,-36.68,CA
61519,1/9/2013,Ralph's Grocery Store,-19.17,CA
61519,1/9/2013,Athletic Apparel,-9.42,CA
61519,1/9/2013,Athletic Apparel,-38.84,CA
61519,1/9/2013,Bike Rental,-7.06,CA
61519,1/9/2013,Total Gym Fees,-5.35,CA
61519,1/9/2013,Athletic Apparel,-17.68,CA
61519,1/10/2013,Restaurant - Pizza,-10.48,CA
61519,1/10/2013,Starbucks Coffee,-9.76,CA
61519,1/10/2013,GNC,-6.85,CA
61519,1/10/2013,Total Gym Fees,-34.2,CA
61519,1/11/2013,Uber,-26.04,CA
61519,1/11/2013,Restaurant - Burgers,-23.14,CA
61519,1/11/2013,GNC,-12.2,CA
61519,1/11/2013,NFL Ticket - Chargers,-1.34,CA
61519,1/12/2013,Public Transportation - Train Pass,-16.66,CA
61519,1/13/2013,Housing Rent - Late Fee,-10.53,CA
61519,1/14/2013,Restaurant - Chinese,-1.79,CA
61519,1/14/2013,Restaurant - Steakhouse,-39.51,CA
61519,1/14/2013,Ralph's Grocery Store,-32.79,CA
61519,1/14/2013,Dick's Sporting Goods,-14.77,CA
61519,1/15/2013,NBA Ticket - Lakers,-38.8,CA
61519,1/15/2013,Uber,-27.87,CA
61519,1/15/2013,Vitamin Shoppe,-5.17,CA
61519,1/15/2013,Lyft,-8.4,CA
61519,1/15/2013,Total Gym Fees,-28.6,CA
61519,1/15/2013,Sam's Sporting Apparel,-110.5,CA
61519,1/16/2013,Ralph's Grocery Store,-17.49,CA
61519,1/16/2013,Vitamin Shoppe,-12.58,CA
61519,1/16/2013,Restaurant - Steakhouse,-26.96,CA
61519,1/16/2013,Sam's Sporting Apparel,-33.13,CA
61519,1/17/2013,Credit Card Overdraft Fee,-91.46,CA
61519,1/17/2013,Taxi,-19.75,CA
61519,1/17/2013,Total Gym Fees,-10.35,CA
61519,1/17/2013,Athletic Apparel,-23.67,CA
61519,1/18/2013,Amazon Order - Athletic Equipment,-24.14,CA
61519,1/18/2013,Public Transportation - Bus Pass,-38.77,CA
61519,1/19/2013,NFL Ticket - Chargers,-27.36,CA
61519,1/20/2013,Bike Rental,-27.29,CA
61519,1/20/2013,NFL Ticket - Chargers,-118.32,CA
61519,1/20/2013,Uber,-8.13,CA
61519,1/20/2013,Ralph's Grocery Store,-119.17,CA
61519,1/20/2013,Taxi,-38.09,CA
61519,1/21/2013,Athletic Apparel,-6.34,CA
61519,1/21/2013,Dick's Sporting Goods,-34.96,CA
61519,1/21/2013,Sam's Sporting Apparel,-28.72,CA
61519,1/21/2013,Public Transportation - Train Pass,-32.27,CA
61519,1/21/2013,Vitamin Shoppe,-37.54,CA
61519,1/22/2013,Athletic Apparel,-36.21,CA
61519,1/23/2013,Public Transportation - Train Pass,-5.06,CA
61519,1/24/2013,Total Gym Fees,-7.26,CA
61519,1/25/2013,Amazon Order - Athletic Equipment,-13.2,CA
61519,1/25/2013,NFL Ticket - Chargers,-36.05,CA
61519,1/25/2013,NFL Ticket - Chargers,-15.04,CA
61519,1/26/2013,Dick's Sporting Goods,-17,CA
61519,1/26/2013,Starbucks Coffee,-2.63,CA
61519,1/26/2013,Starbucks Coffee,-1.98,CA
61519,1/26/2013,Dick's Sporting Goods,-3.58,CA
61519,1/27/2013,Uber,-12.94,CA
61519,1/27/2013,Amazon Order - Athletic Equipment,-24.94,CA
61519,1/27/2013,NFL Ticket - Chargers,-7.7,CA
61519,1/27/2013,GNC,-24.13,CA
61519,1/27/2013,Total Gym Fees,-15.49,CA
61519,1/27/2013,NBA Ticket - Lakers,-58.46,CA
61519,1/27/2013,Time Warne Cable - Late Payment Fee,-13.33,CA
61519,1/28/2013,NFL Ticket - Chargers,-34.59,CA
61519,1/29/2013,Public Transportation - Train Pass,-12.62,CA
61519,1/29/2013,Restaurant - Chinese,-30.17,CA
61519,1/29/2013,Bike Rental,-26.66,CA
61519,1/29/2013,Restaurant - Chinese,-26.9,CA
61519,1/29/2013,Water & Sewer - Late Payment Penalty,-6.82,CA
61519,1/29/2013,NBA Ticket - Lakers,-28.6,CA
61519,1/30/2013,Public Transportation - Bus Pass,-6.96,CA
61519,3/2/2013,Paycheck,2867,CA
61519,3/2/2013,Housing Rent,-742,CA
61519,3/2/2013,Water & Sewer,-53,CA
61519,3/2/2013,Gas & Electric,-32,CA
61519,3/2/2013,NFL Ticket - Chargers,-47.61,CA
61519,3/2/2013,Bike Rental,-1.39,CA
61519,3/2/2013,Vitamin Shoppe,-34.02,CA
61519,3/2/2013,Credit Card Overdraft Fee,-22.47,CA
61519,3/2/2013,Bike Rental,-15.83,CA
61519,3/2/2013,Housing Rent - Late Fee,-30.71,CA
61519,3/2/2013,Athletic Apparel,-2.12,CA
61519,3/2/2013,Bike Rental,-15.75,CA
61519,3/2/2013,Dick's Sporting Goods,-21.34,CA
61519,3/3/2013,Bike Rental,-11.47,CA
61519,3/3/2013,GNC,-79.9,CA
61519,3/3/2013,Athletic Apparel,-45.41,CA
61519,3/3/2013,Athletic Apparel,-25.48,CA
61519,3/3/2013,GNC,-15.51,CA
61519,3/3/2013,NFL Ticket - Chargers,-32.51,CA
61519,3/3/2013,NFL Ticket - Chargers,-63.51,CA
61519,3/3/2013,Amazon Order - Athletic Equipment,-27.54,CA
61519,3/4/2013,Whole Foods,-13.29,CA
61519,3/4/2013,Restaurant - Chinese,-7.2,CA
61519,3/4/2013,Public Transportation - Train Pass,-8.42,CA
61519,3/4/2013,Total Gym Fees,-12.16,CA
61519,3/4/2013,Credit Card Overdraft Fee,-97.48,CA
61519,3/5/2013,Credit Card Overdraft Fee,-25.69,CA
61519,3/5/2013,Dick's Sporting Goods,-21.31,CA
61519,3/5/2013,Whole Foods,-35.97,CA
61519,3/5/2013,Restaurant - Burgers,-27.46,CA
61519,3/5/2013,Dick's Sporting Goods,-27.94,CA
61519,3/5/2013,NBA Ticket - Lakers,-1.71,CA
61519,3/5/2013,Dick's Sporting Goods,-23.93,CA
61519,3/5/2013,Public Transportation - Bus Pass,-28.09,CA
61519,3/5/2013,Lyft,-5.5,CA
61519,3/5/2013,Amazon Order - Athletic Equipment,-0.59,CA
61519,3/6/2013,Lyft,-107.85,CA
61519,3/6/2013,NFL Ticket - Chargers,-59.43,CA
61519,3/6/2013,Housing Rent - Late Fee,-108.18,CA
61519,3/7/2013,Ralph's Grocery Store,-19.49,CA
61519,3/7/2013,Restaurant - Steakhouse,-24.22,CA
61519,3/8/2013,NFL Ticket - Chargers,-34.83,CA
61519,3/9/2013,Restaurant - Pizza,-23.24,CA
61519,3/9/2013,NBA Ticket - Lakers,-37.64,CA
61519,3/9/2013,Public Transportation - Train Pass,-38.26,CA
61519,3/9/2013,NBA Ticket - Lakers,-0.39,CA
61519,3/10/2013,Athletic Apparel,-3.99,CA
61519,3/10/2013,Sam's Sporting Apparel,-26.82,CA
61519,3/10/2013,Restaurant - Pizza,-20.76,CA
61519,3/10/2013,Starbucks Coffee,-0.2,CA
61519,3/11/2013,Time Warne Cable - Late Payment Fee,-30.33,CA
61519,3/11/2013,Lyft,-63.95,CA
61519,3/12/2013,Amazon Order - Athletic Equipment,-54.39,CA
61519,3/12/2013,NBA Ticket - Lakers,-19.04,CA
61519,3/12/2013,Bank Fee - Negative Balance,-15.48,CA
61519,3/12/2013,Vitamin Shoppe,-18.57,CA
61519,3/13/2013,Uber,-14.24,CA
61519,3/14/2013,Athletic Apparel,-88.83,CA
61519,3/14/2013,Dick's Sporting Goods,-3.66,CA
61519,3/15/2013,Food Delivery - GrubHub,-100.02,CA
61519,3/15/2013,Public Transportation - Train Pass,-20.64,CA
61519,3/16/2013,Athletic Apparel,-113.8,CA
61519,3/16/2013,Vitamin Shoppe,-8.85,CA
61519,3/17/2013,Sam's Sporting Apparel,-15.69,CA
61519,3/17/2013,Athletic Apparel,-118.76,CA
61519,3/18/2013,Dick's Sporting Goods,-18.53,CA
61519,3/18/2013,GNC,-18.12,CA
61519,3/18/2013,Water & Sewer - Late Payment Penalty,-32.82,CA
61519,3/18/2013,Whole Foods,-117.99,CA
61519,3/18/2013,NBA Ticket - Lakers,-28.56,CA
61519,3/19/2013,Athletic Apparel,-20.62,CA
61519,3/19/2013,Water & Sewer - Late Payment Penalty,-94.83,CA
61519,3/20/2013,Public Transportation - Train Pass,-34.37,CA
61519,3/21/2013,Total Gym Fees,-19,CA
61519,3/22/2013,Restaurant - Pizza,-19.59,CA
61519,3/22/2013,Taxi,-8.36,CA
61519,3/22/2013,Whole Foods,-6.59,CA
61519,3/22/2013,Dick's Sporting Goods,-1.69,CA
61519,3/23/2013,NFL Ticket - Chargers,-39.19,CA
61519,3/23/2013,Amazon Order - Athletic Equipment,-32.14,CA
61519,3/23/2013,NFL Ticket - Chargers,-11.85,CA
61519,3/24/2013,Restaurant - Chinese,-12.23,CA
61519,3/25/2013,Vitamin Shoppe,-38.07,CA
61519,3/25/2013,GNC,-57.66,CA
61519,3/25/2013,Bike Rental,-97.67,CA
61519,3/25/2013,NBA Ticket - Lakers,-39.96,CA
61519,3/26/2013,Amazon Order - Athletic Equipment,-36.06,CA
61519,3/26/2013,Sam's Sporting Apparel,-20.56,CA
61519,3/26/2013,Sam's Sporting Apparel,-5.24,CA
61519,3/27/2013,Restaurant - Burgers,-25.03,CA
61519,3/27/2013,Lyft,-6.04,CA
61519,3/27/2013,Sam's Sporting Apparel,-35.48,CA
61519,3/27/2013,Public Transportation - Train Pass,-36.02,CA
61519,3/28/2013,Whole Foods,-22,CA
61519,3/28/2013,Credit Card Overdraft Fee,-2.56,CA
61519,3/28/2013,Von's Groceries,-8.97,CA
61519,3/28/2013,Public Transportation - Bus Pass,-20.87,CA
61519,3/29/2013,Amazon Order - Athletic Equipment,-17.4,CA
61519,3/30/2013,Athletic Apparel,-74.17,CA
61519,3/30/2013,Uber,-28.2,CA
61519,3/30/2013,Athletic Apparel,-36.62,CA
61519,4/2/2013,Paycheck,2867,CA
61519,4/2/2013,Housing Rent,-1338,CA
61519,4/2/2013,Water & Sewer,-53,CA
61519,4/2/2013,Gas & Electric,-32,CA
61519,4/2/2013,Bike Rental,-16.51,CA
61519,4/2/2013,Starbucks Coffee,-39.46,CA
61519,4/2/2013,Starbucks Coffee,-21.18,CA
61519,4/2/2013,Restaurant - Burgers,-35.19,CA
61519,4/2/2013,Public Transportation - Train Pass,-34.35,CA
61519,4/3/2013,Public Transportation - Train Pass,-16.77,CA
61519,4/3/2013,Whole Foods,-35.35,CA
61519,4/3/2013,GNC,-28.71,CA
61519,4/3/2013,NFL Ticket - Chargers,-20.08,CA
61519,4/4/2013,Public Transportation - Bus Pass,-8.25,CA
61519,4/4/2013,Public Transportation - Bus Pass,-12.06,CA
61519,4/5/2013,Total Gym Fees,-1.55,CA
61519,4/5/2013,Starbucks Coffee,-92.47,CA
61519,4/6/2013,Total Gym Fees,-18.92,CA
61519,4/6/2013,Amazon Order - Athletic Equipment,-44.59,CA
61519,4/7/2013,Bike Rental,-0.72,CA
61519,4/8/2013,Sprouts Market,-36.41,CA
61519,4/8/2013,Sam's Sporting Apparel,-4.32,CA
61519,4/8/2013,Whole Foods,-22.31,CA
61519,4/8/2013,Credit Card Overdraft Fee,-27.41,CA
61519,4/8/2013,Total Gym Fees,-28.84,CA
61519,4/9/2013,Dick's Sporting Goods,-31.3,CA
61519,4/9/2013,Public Transportation - Train Pass,-27.16,CA
61519,4/10/2013,NBA Ticket - Lakers,-29.49,CA
61519,4/10/2013,GNC,-6.25,CA
61519,4/10/2013,Lyft,-45.95,CA
61519,4/10/2013,Sprouts Market,-23.1,CA
61519,4/10/2013,Restaurant - Steakhouse,-23.34,CA
61519,4/10/2013,GNC,-1.87,CA
61519,4/11/2013,Von's Groceries,-39.28,CA
61519,4/11/2013,Lyft,-6.83,CA
61519,4/11/2013,Dick's Sporting Goods,-7.38,CA
61519,4/11/2013,Sam's Sporting Apparel,-24.83,CA
61519,4/11/2013,Dick's Sporting Goods,-17.79,CA
61519,4/11/2013,Taxi,-38.08,CA
61519,4/11/2013,GNC,-4.31,CA
61519,4/12/2013,Whole Foods,-90.49,CA
61519,4/12/2013,Bank Fee - Negative Balance,-51.57,CA
61519,4/12/2013,Uber,-57.14,CA
61519,4/12/2013,GNC,-14.59,CA
61519,4/13/2013,Restaurant - Steakhouse,-3.85,CA
61519,4/13/2013,Uber,-26.27,CA
61519,4/13/2013,Sprouts Market,-34.86,CA
61519,4/13/2013,Restaurant - Burgers,-51.91,CA
61519,4/13/2013,Bike Rental,-27.77,CA
61519,4/13/2013,NFL Ticket - Chargers,-0.94,CA
61519,4/13/2013,GNC,-26.09,CA
61519,4/13/2013,NBA Ticket - Lakers,-105.86,CA
61519,4/13/2013,Credit Card Overdraft Fee,-118.22,CA
61519,4/13/2013,Public Transportation - Bus Pass,-11.95,CA
61519,4/13/2013,Lyft,-38.25,CA
61519,4/14/2013,Restaurant - Burgers,-38.89,CA
61519,4/14/2013,Starbucks Coffee,-20.73,CA
61519,4/15/2013,Taxi,-66.6,CA
61519,4/15/2013,Taxi,-102.86,CA
61519,4/16/2013,Von's Groceries,-33.21,CA
61519,4/16/2013,Vitamin Shoppe,-18.59,CA
61519,4/17/2013,Ralph's Grocery Store,-29.03,CA
61519,4/17/2013,Amazon Order - Athletic Equipment,-22.73,CA
61519,4/17/2013,Total Gym Fees,-25.51,CA
61519,4/18/2013,Sam's Sporting Apparel,-20.25,CA
61519,4/18/2013,Public Transportation - Train Pass,-3.72,CA
61519,4/18/2013,Public Transportation - Train Pass,-39.1,CA
61519,4/18/2013,Restaurant - Pizza,-22.76,CA
61519,4/18/2013,Athletic Apparel,-111.35,CA
61519,4/19/2013,Whole Foods,-18.97,CA
61519,4/19/2013,Total Gym Fees,-29.38,CA
61519,4/19/2013,NBA Ticket - Lakers,-4.3,CA
61519,4/19/2013,Vitamin Shoppe,-31.66,CA
61519,4/19/2013,Lyft,-34.52,CA
61519,4/19/2013,NBA Ticket - Lakers,-0.15,CA
61519,4/20/2013,NFL Ticket - Chargers,-10.02,CA
61519,4/20/2013,Total Gym Fees,-11.25,CA
61519,4/20/2013,Uber,-35.81,CA
61519,4/20/2013,Bike Rental,-28.15,CA
61519,4/21/2013,Lyft,-12.05,CA
61519,4/21/2013,GNC,-69.69,CA
61519,4/22/2013,Lyft,-37.75,CA
61519,4/22/2013,NFL Ticket - Chargers,-84.49,CA
61519,4/22/2013,GNC,-17.97,CA
61519,4/22/2013,NFL Ticket - Chargers,-21.95,CA
61519,4/22/2013,Athletic Apparel,-19,CA
61519,4/22/2013,Lyft,-5.71,CA
61519,4/22/2013,NBA Ticket - Lakers,-5.75,CA
61519,4/22/2013,NFL Ticket - Chargers,-6,CA
61519,4/22/2013,Public Transportation - Bus Pass,-17.41,CA
61519,4/22/2013,Public Transportation - Bus Pass,-9.69,CA
61519,4/22/2013,Bank Fee - Negative Balance,-35.68,CA
61519,4/22/2013,Vitamin Shoppe,-19.51,CA
61519,4/22/2013,Uber,-19.95,CA
61519,4/23/2013,Lyft,-29.93,CA
61519,4/23/2013,Total Gym Fees,-15.84,CA
61519,4/24/2013,Total Gym Fees,-1.72,CA
61519,4/25/2013,GNC,-19.31,CA
61519,4/26/2013,Bank Fee - Negative Balance,-60.09,CA
61519,4/26/2013,Public Transportation - Train Pass,-39.6,CA
61519,4/26/2013,NBA Ticket - Lakers,-12.38,CA
61519,4/26/2013,Vitamin Shoppe,-9.93,CA
61519,4/27/2013,Whole Foods,-39.17,CA
61519,4/27/2013,NFL Ticket - Chargers,-36.12,CA
61519,4/28/2013,Restaurant - Chinese,-32.28,CA
61519,4/29/2013,Vitamin Shoppe,-19.09,CA
61519,4/29/2013,Amazon Order - Athletic Equipment,-3.4,CA
61519,4/29/2013,Lyft,-35.79,CA
61519,4/29/2013,Public Transportation - Train Pass,-14.09,CA
61519,4/30/2013,Food Delivery - GrubHub,-39.6,CA
61519,5/2/2013,Paycheck,2867,CA
61519,5/2/2013,Housing Rent,-1231,CA
61519,5/2/2013,Water & Sewer,-53,CA
61519,5/2/2013,Gas & Electric,-32,CA
61519,5/2/2013,Bike Rental,-13.01,CA
61519,5/3/2013,Total Gym Fees,-44.16,CA
61519,5/3/2013,Restaurant - Pizza,-30.54,CA
61519,5/3/2013,Bike Rental,-8.16,CA
61519,5/3/2013,Starbucks Coffee,-34.61,CA
61519,5/3/2013,Food Delivery - GrubHub,-26.73,CA
61519,5/3/2013,Food Delivery - GrubHub,-30.52,CA
61519,5/4/2013,GNC,-18.8,CA
61519,5/5/2013,Lyft,-27.7,CA
61519,5/6/2013,Public Transportation - Train Pass,-6.32,CA
61519,5/6/2013,Ralph's Grocery Store,-30.61,CA
61519,5/6/2013,NFL Ticket - Chargers,-36.95,CA
61519,5/7/2013,NFL Ticket - Chargers,-73.34,CA
61519,5/7/2013,Sam's Sporting Apparel,-8.47,CA
61519,5/7/2013,Taxi,-9.06,CA
61519,5/8/2013,Ralph's Grocery Store,-12.38,CA
61519,5/8/2013,NBA Ticket - Lakers,-60.08,CA
61519,5/8/2013,GNC,-15.24,CA
61519,5/8/2013,Total Gym Fees,-6.81,CA
61519,5/8/2013,Lyft,-10.94,CA
61519,5/9/2013,Starbucks Coffee,-31.24,CA
61519,5/9/2013,Whole Foods,-27.3,CA
61519,5/9/2013,Restaurant - Steakhouse,-8.19,CA
61519,5/10/2013,Amazon Order - Athletic Equipment,-0.16,CA
61519,5/11/2013,Vitamin Shoppe,-10.03,CA
61519,5/11/2013,NBA Ticket - Lakers,-30.24,CA
61519,5/11/2013,Sam's Sporting Apparel,-76.48,CA
61519,5/11/2013,Restaurant - Steakhouse,-9.9,CA
61519,5/11/2013,Sam's Sporting Apparel,-35.66,CA
61519,5/11/2013,NBA Ticket - Lakers,-18.53,CA
61519,5/11/2013,Total Gym Fees,-18.63,CA
61519,5/11/2013,Uber,-83.8,CA
61519,5/11/2013,Taxi,-57.11,CA
61519,5/12/2013,NBA Ticket - Lakers,-71.14,CA
61519,5/12/2013,Bike Rental,-34.49,CA
61519,5/12/2013,Sam's Sporting Apparel,-4.1,CA
61519,5/12/2013,Ralph's Grocery Store,-12.32,CA
61519,5/13/2013,Taxi,-58.56,CA
61519,5/13/2013,Athletic Apparel,-21.51,CA
61519,5/13/2013,Credit Card Overdraft Fee,-28.57,CA
61519,5/14/2013,Von's Groceries,-9.01,CA
61519,5/14/2013,NBA Ticket - Lakers,-18.22,CA
61519,5/14/2013,Starbucks Coffee,-10.29,CA
61519,5/14/2013,Public Transportation - Bus Pass,-11.59,CA
61519,5/14/2013,NFL Ticket - Chargers,-25.84,CA
61519,5/14/2013,Amazon Order - Athletic Equipment,-9.35,CA
61519,5/15/2013,Restaurant - Chinese,-12.66,CA
61519,5/16/2013,NBA Ticket - Lakers,-31.29,CA
61519,5/16/2013,Athletic Apparel,-53.63,CA
61519,5/16/2013,Water & Sewer - Late Payment Penalty,-17.32,CA
61519,5/16/2013,Food Delivery - GrubHub,-39.68,CA
61519,5/17/2013,Total Gym Fees,-6.49,CA
61519,5/18/2013,Public Transportation - Train Pass,-8.35,CA
61519,5/18/2013,Sam's Sporting Apparel,-33.84,CA
61519,5/19/2013,Taxi,-32.5,CA
61519,5/19/2013,Dick's Sporting Goods,-35.92,CA
61519,5/19/2013,Vitamin Shoppe,-19.67,CA
61519,5/20/2013,Uber,-14.71,CA
61519,5/20/2013,Public Transportation - Bus Pass,-1.74,CA
61519,5/20/2013,Ralph's Grocery Store,-17.57,CA
61519,5/20/2013,Amazon Order - Athletic Equipment,-38.51,CA
61519,5/20/2013,Bike Rental,-26.02,CA
61519,5/20/2013,Lyft,-28.21,CA
61519,5/21/2013,Taxi,-20.54,CA
61519,5/21/2013,Public Transportation - Train Pass,-31.16,CA
61519,5/21/2013,Food Delivery - GrubHub,-39.61,CA
61519,5/21/2013,GNC,-36.2,CA
61519,5/21/2013,Von's Groceries,-16.54,CA
61519,5/21/2013,Dick's Sporting Goods,-25.34,CA
61519,5/21/2013,Amazon Order - Athletic Equipment,-13.66,CA
61519,5/22/2013,Lyft,-25.11,CA
61519,5/23/2013,GNC,-16.37,CA
61519,5/24/2013,Taxi,-19.39,CA
61519,5/24/2013,NFL Ticket - Chargers,-17.69,CA
61519,5/24/2013,Lyft,-38.43,CA
61519,5/24/2013,Restaurant - Steakhouse,-37.88,CA
61519,5/24/2013,Lyft,-21.02,CA
61519,5/25/2013,Sprouts Market,-3.57,CA
61519,5/25/2013,Housing Rent - Late Fee,-5.85,CA
61519,5/26/2013,Sam's Sporting Apparel,-3.84,CA
61519,5/26/2013,Bike Rental,-22.18,CA
61519,5/26/2013,Food Delivery - GrubHub,-1.83,CA
61519,5/26/2013,Total Gym Fees,-7.19,CA
61519,5/26/2013,GNC,-29.11,CA
61519,5/26/2013,Dick's Sporting Goods,-19.14,CA
61519,5/26/2013,Athletic Apparel,-102.31,CA
61519,5/26/2013,Water & Sewer - Late Payment Penalty,-11.1,CA
61519,5/27/2013,NBA Ticket - Lakers,-14.7,CA
61519,5/28/2013,Public Transportation - Bus Pass,-11.92,CA
61519,5/28/2013,Dick's Sporting Goods,-10.94,CA
61519,5/28/2013,Ralph's Grocery Store,-4.78,CA
61519,5/28/2013,Bank Fee - Negative Balance,-34.09,CA
61519,5/28/2013,Taxi,-5.39,CA
61519,5/28/2013,Athletic Apparel,-54.93,CA
61519,5/28/2013,Amazon Order - Athletic Equipment,-6.65,CA
61519,5/29/2013,Public Transportation - Train Pass,-89.2,CA
61519,5/29/2013,NFL Ticket - Chargers,-4.26,CA
61519,5/30/2013,Amazon Order - Athletic Equipment,-11.16,CA
61519,5/30/2013,Water & Sewer - Late Payment Penalty,-24.23,CA
61519,6/2/2013,Paycheck,2867,CA
61519,6/2/2013,Housing Rent,-977,CA
61519,6/2/2013,Water & Sewer,-53,CA
61519,6/2/2013,Gas & Electric,-32,CA
61519,6/2/2013,Lyft,-17.65,CA
61519,6/3/2013,Lyft,-3.95,CA
61519,6/3/2013,Vitamin Shoppe,-6.05,CA
61519,6/4/2013,Bike Rental,-2.2,CA
61519,6/4/2013,Starbucks Coffee,-110.41,CA
61519,6/4/2013,Sam's Sporting Apparel,-71.03,CA
61519,6/5/2013,Bike Rental,-14.49,CA
61519,6/5/2013,Sam's Sporting Apparel,-102.98,CA
61519,6/5/2013,Public Transportation - Bus Pass,-3.37,CA
61519,6/5/2013,Sam's Sporting Apparel,-29.48,CA
61519,6/5/2013,Bike Rental,-26.84,CA
61519,6/5/2013,GNC,-69.12,CA
61519,6/5/2013,NBA Ticket - Lakers,-82.04,CA
61519,6/6/2013,Public Transportation - Train Pass,-35.43,CA
61519,6/6/2013,Dick's Sporting Goods,-92.57,CA
61519,6/6/2013,Uber,-32.12,CA
61519,6/7/2013,Housing Rent - Late Fee,-4.32,CA
61519,6/7/2013,Dick's Sporting Goods,-17.54,CA
61519,6/8/2013,Whole Foods,-19.62,CA
61519,6/9/2013,GNC,-5.44,CA
61519,6/9/2013,Amazon Order - Athletic Equipment,-90.77,CA
61519,6/9/2013,Bike Rental,-29.01,CA
61519,6/10/2013,Public Transportation - Bus Pass,-38.36,CA
61519,6/10/2013,GNC,-35.35,CA
61519,6/10/2013,NBA Ticket - Lakers,-25.55,CA
61519,6/11/2013,Amazon Order - Athletic Equipment,-9.09,CA
61519,6/11/2013,Vitamin Shoppe,-13.44,CA
61519,6/12/2013,NFL Ticket - Chargers,-11.23,CA
61519,6/12/2013,Lyft,-7.27,CA
61519,6/12/2013,Whole Foods,-10.29,CA
61519,6/12/2013,Dick's Sporting Goods,-20.21,CA
61519,6/13/2013,Total Gym Fees,-35.69,CA
61519,6/13/2013,GNC,-21.37,CA
61519,6/13/2013,Total Gym Fees,-1.5,CA
61519,6/13/2013,Credit Card Overdraft Fee,-10.45,CA
61519,6/14/2013,Sprouts Market,-7.96,CA
61519,6/15/2013,Total Gym Fees,-36.51,CA
61519,6/15/2013,Food Delivery - GrubHub,-51.06,CA
61519,6/16/2013,Uber,-91.88,CA
61519,6/16/2013,Athletic Apparel,-30.85,CA
61519,6/17/2013,NBA Ticket - Lakers,-53.99,CA
61519,6/17/2013,Restaurant - Steakhouse,-107.82,CA
61519,6/17/2013,Uber,-7.01,CA
61519,6/17/2013,Water & Sewer - Late Payment Penalty,0,CA
61519,6/18/2013,NFL Ticket - Chargers,-101.48,CA
61519,6/18/2013,Public Transportation - Train Pass,-33.19,CA
61519,6/18/2013,Restaurant - Pizza,-6.44,CA
61519,6/18/2013,GNC,-115.17,CA
61519,6/18/2013,Public Transportation - Bus Pass,-2.12,CA
61519,6/19/2013,Von's Groceries,-18.85,CA
61519,6/19/2013,GNC,-31.09,CA
61519,6/19/2013,Whole Foods,-34.9,CA
61519,6/19/2013,NBA Ticket - Lakers,-15.49,CA
61519,6/20/2013,Vitamin Shoppe,-23.97,CA
61519,6/20/2013,NFL Ticket - Chargers,-75.61,CA
61519,6/20/2013,Restaurant - Chinese,-83.36,CA
61519,6/20/2013,Athletic Apparel,-76.73,CA
61519,6/21/2013,Public Transportation - Bus Pass,-19.63,CA
61519,6/22/2013,Food Delivery - GrubHub,-17.05,CA
61519,6/23/2013,Public Transportation - Bus Pass,-24.54,CA
61519,6/23/2013,Restaurant - Steakhouse,-20.39,CA
61519,6/23/2013,Von's Groceries,-14.47,CA
61519,6/24/2013,Sam's Sporting Apparel,-17.71,CA
61519,6/25/2013,GNC,-84.87,CA
61519,6/25/2013,Ralph's Grocery Store,-33.58,CA
61519,6/26/2013,Sam's Sporting Apparel,-35.2,CA
61519,6/26/2013,Athletic Apparel,-24.46,CA
61519,6/26/2013,NFL Ticket - Chargers,-28.59,CA
61519,6/26/2013,NBA Ticket - Lakers,-87.62,CA
61519,6/26/2013,Bike Rental,-20.16,CA
61519,6/27/2013,Ralph's Grocery Store,-3.2,CA
61519,6/28/2013,NFL Ticket - Chargers,-49.47,CA
61519,6/28/2013,Sprouts Market,-3.78,CA
61519,6/28/2013,Athletic Apparel,-9.41,CA
61519,6/28/2013,Dick's Sporting Goods,-38.43,CA
61519,6/28/2013,GNC,-27.33,CA
61519,6/28/2013,Lyft,-21.16,CA
61519,6/28/2013,Restaurant - Pizza,-110.23,CA
61519,6/28/2013,Housing Rent - Late Fee,-38.89,CA
61519,6/28/2013,Dick's Sporting Goods,-32.79,CA
61519,6/28/2013,Sam's Sporting Apparel,-43.87,CA
61519,6/28/2013,Credit Card Overdraft Fee,-26.47,CA
61519,6/28/2013,Uber,-27.33,CA
61519,6/28/2013,Public Transportation - Bus Pass,-14.19,CA
61519,6/29/2013,Athletic Apparel,-32.03,CA
61519,6/29/2013,Vitamin Shoppe,-35.45,CA
61519,6/29/2013,NBA Ticket - Lakers,-3.23,CA
61519,6/30/2013,Dick's Sporting Goods,-69.29,CA
61519,6/30/2013,Ralph's Grocery Store,-34.02,CA
61519,6/30/2013,Sprouts Market,-38.96,CA
61519,7/2/2013,Paycheck,2867,CA
61519,7/2/2013,Housing Rent,-1280,CA
61519,7/2/2013,Water & Sewer,-53,CA
61519,7/2/2013,Gas & Electric,-32,CA
61519,7/2/2013,Credit Card Overdraft Fee,-29.04,CA
61519,7/3/2013,Food Delivery - GrubHub,-35.45,CA
61519,7/3/2013,Vitamin Shoppe,-26.52,CA
61519,7/3/2013,Lyft,-38.98,CA
61519,7/3/2013,Credit Card Overdraft Fee,-36.86,CA
61519,7/3/2013,Vitamin Shoppe,-58.07,CA
61519,7/3/2013,Water & Sewer - Late Payment Penalty,-36.8,CA
61519,7/3/2013,Athletic Apparel,-24.27,CA
61519,7/3/2013,Dick's Sporting Goods,-19.39,CA
61519,7/3/2013,Total Gym Fees,-12.17,CA
61519,7/4/2013,Dick's Sporting Goods,-108.75,CA
61519,7/4/2013,Starbucks Coffee,-4.23,CA
61519,7/4/2013,Time Warne Cable - Late Payment Fee,-32.09,CA
61519,7/4/2013,Sprouts Market,-9.45,CA
61519,7/5/2013,Public Transportation - Train Pass,-60.69,CA
61519,7/5/2013,Time Warne Cable - Late Payment Fee,-18.35,CA
61519,7/6/2013,Credit Card Overdraft Fee,-58.72,CA
61519,7/7/2013,Public Transportation - Bus Pass,-24.77,CA
61519,7/7/2013,Lyft,-39.45,CA
61519,7/7/2013,Total Gym Fees,-11.95,CA
61519,7/7/2013,Amazon Order - Athletic Equipment,-27.6,CA
61519,7/8/2013,NFL Ticket - Chargers,-11.55,CA
61519,7/8/2013,Public Transportation - Train Pass,-33.48,CA
61519,7/9/2013,NBA Ticket - Lakers,-17.63,CA
61519,7/10/2013,Food Delivery - GrubHub,-64.26,CA
61519,7/10/2013,Amazon Order - Athletic Equipment,-28.05,CA
61519,7/10/2013,Total Gym Fees,-11.12,CA
61519,7/10/2013,Restaurant - Burgers,-61.63,CA
61519,7/11/2013,NFL Ticket - Chargers,-76.5,CA
61519,7/11/2013,NBA Ticket - Lakers,-45.24,CA
61519,7/11/2013,Total Gym Fees,-16.98,CA
61519,7/11/2013,Restaurant - Pizza,-38.55,CA
61519,7/11/2013,Starbucks Coffee,-20.48,CA
61519,7/12/2013,Amazon Order - Athletic Equipment,-23.16,CA
61519,7/13/2013,Athletic Apparel,-38.12,CA
61519,7/13/2013,Lyft,-10.68,CA
61519,7/14/2013,Taxi,-29.32,CA
61519,7/14/2013,GNC,-13.57,CA
61519,7/14/2013,GNC,-50.88,CA
61519,7/14/2013,Whole Foods,-34.86,CA
61519,7/15/2013,NFL Ticket - Chargers,-8.41,CA
61519,7/16/2013,Total Gym Fees,-36.41,CA
61519,7/16/2013,Athletic Apparel,-15.15,CA
61519,7/17/2013,Credit Card Overdraft Fee,-6.25,CA
61519,7/17/2013,Ralph's Grocery Store,-21.34,CA
61519,7/17/2013,NFL Ticket - Chargers,-8.49,CA
61519,7/17/2013,Restaurant - Chinese,-38.48,CA
61519,7/17/2013,Taxi,-9.19,CA
61519,7/18/2013,Total Gym Fees,-0.11,CA
61519,7/18/2013,NBA Ticket - Lakers,-23.39,CA
61519,7/18/2013,GNC,-32.93,CA
61519,7/18/2013,Ralph's Grocery Store,-103.48,CA
61519,7/18/2013,Ralph's Grocery Store,-20.53,CA
61519,7/19/2013,Food Delivery - GrubHub,-24.35,CA
61519,7/19/2013,Uber,-52.04,CA
61519,7/19/2013,Food Delivery - GrubHub,-26.96,CA
61519,7/20/2013,Total Gym Fees,-25.04,CA
61519,7/20/2013,Total Gym Fees,-4.37,CA
61519,7/20/2013,Food Delivery - GrubHub,-57.13,CA
61519,7/20/2013,Dick's Sporting Goods,-23.16,CA
61519,7/21/2013,Ralph's Grocery Store,-34.26,CA
61519,7/22/2013,Bike Rental,-0.13,CA
61519,7/22/2013,Amazon Order - Athletic Equipment,-18.34,CA
61519,7/23/2013,Taxi,-18.37,CA
61519,7/23/2013,Total Gym Fees,-29.72,CA
61519,7/23/2013,Starbucks Coffee,-30.5,CA
61519,7/23/2013,Sam's Sporting Apparel,-12.16,CA
61519,7/23/2013,Vitamin Shoppe,-27.12,CA
61519,7/23/2013,Athletic Apparel,-6.22,CA
61519,7/23/2013,Dick's Sporting Goods,-15.92,CA
61519,7/23/2013,NFL Ticket - Chargers,-71.51,CA
61519,7/24/2013,NBA Ticket - Lakers,-11.52,CA
61519,7/24/2013,Bike Rental,-26.79,CA
61519,7/25/2013,NFL Ticket - Chargers,-18.07,CA
61519,7/25/2013,Taxi,-14.08,CA
61519,7/25/2013,Restaurant - Burgers,-113.01,CA
61519,7/25/2013,Credit Card Overdraft Fee,-22.53,CA
61519,7/26/2013,GNC,-10.25,CA
61519,7/26/2013,Whole Foods,-37.82,CA
61519,7/27/2013,Vitamin Shoppe,-45.27,CA
61519,7/27/2013,Amazon Order - Athletic Equipment,-28.37,CA
61519,7/27/2013,Athletic Apparel,-84.46,CA
61519,7/28/2013,Uber,-24.73,CA
61519,7/28/2013,Public Transportation - Bus Pass,-9.77,CA
61519,7/28/2013,Total Gym Fees,-3.68,CA
61519,7/28/2013,Public Transportation - Train Pass,-32.41,CA
61519,7/29/2013,Public Transportation - Bus Pass,-108.53,CA
61519,7/30/2013,Bike Rental,-3.16,CA
61519,8/2/2013,Paycheck,2867,CA
61519,8/2/2013,Housing Rent,-1095,CA
61519,8/2/2013,Water & Sewer,-53,CA
61519,8/2/2013,Gas & Electric,-32,CA
61519,8/2/2013,Athletic Apparel,-13.22,CA
61519,8/2/2013,Bike Rental,-18.76,CA
61519,8/3/2013,Dick's Sporting Goods,-118.6,CA
61519,8/3/2013,Total Gym Fees,-20.8,CA
61519,8/3/2013,Public Transportation - Train Pass,-17.18,CA
61519,8/4/2013,Restaurant - Pizza,-66.26,CA
61519,8/4/2013,Sprouts Market,-3.77,CA
61519,8/4/2013,Uber,-8.89,CA
61519,8/5/2013,Total Gym Fees,-13.05,CA
61519,8/5/2013,Public Transportation - Bus Pass,-41.33,CA
61519,8/6/2013,Vitamin Shoppe,-98.31,CA
61519,8/6/2013,Bike Rental,-7.02,CA
61519,8/6/2013,Taxi,-8.78,CA
61519,8/6/2013,Credit Card Overdraft Fee,-7.09,CA
61519,8/6/2013,Dick's Sporting Goods,-9.5,CA
61519,8/6/2013,Water & Sewer - Late Payment Penalty,-26.14,CA
61519,8/6/2013,Sam's Sporting Apparel,-31.84,CA
61519,8/7/2013,Dick's Sporting Goods,-8.5,CA
61519,8/7/2013,Amazon Order - Athletic Equipment,-13.94,CA
61519,8/7/2013,Amazon Order - Athletic Equipment,-39.95,CA
61519,8/8/2013,Athletic Apparel,-11.32,CA
61519,8/8/2013,Taxi,-39.15,CA
61519,8/8/2013,Lyft,-66.58,CA
61519,8/8/2013,Dick's Sporting Goods,-24.82,CA
61519,8/8/2013,Restaurant - Chinese,-21.06,CA
61519,8/8/2013,Restaurant - Chinese,-4.05,CA
61519,8/8/2013,Athletic Apparel,-28.04,CA
61519,8/9/2013,Bike Rental,-39.61,CA
61519,8/9/2013,Public Transportation - Bus Pass,-35.69,CA
61519,8/10/2013,GNC,-21.18,CA
61519,8/11/2013,Public Transportation - Bus Pass,-36.2,CA
61519,8/11/2013,Athletic Apparel,-37.14,CA
61519,8/11/2013,Total Gym Fees,-82.25,CA
61519,8/11/2013,GNC,-25.29,CA
61519,8/11/2013,Lyft,-21.85,CA
61519,8/11/2013,GNC,-8.42,CA
61519,8/11/2013,Public Transportation - Bus Pass,-38.39,CA
61519,8/11/2013,Bike Rental,-80.07,CA
61519,8/11/2013,Public Transportation - Bus Pass,-30.83,CA
61519,8/11/2013,Uber,-39.35,CA
61519,8/12/2013,Sprouts Market,-24.14,CA
61519,8/12/2013,Von's Groceries,-39.74,CA
61519,8/12/2013,Public Transportation - Bus Pass,-14.93,CA
61519,8/12/2013,Amazon Order - Athletic Equipment,-75.01,CA
61519,8/12/2013,Restaurant - Pizza,-82.1,CA
61519,8/13/2013,GNC,-24.74,CA
61519,8/13/2013,Bike Rental,-73.88,CA
61519,8/13/2013,Restaurant - Pizza,-15.85,CA
61519,8/14/2013,Sprouts Market,-21.29,CA
61519,8/14/2013,Uber,-21.13,CA
61519,8/14/2013,Amazon Order - Athletic Equipment,-32.12,CA
61519,8/14/2013,NBA Ticket - Lakers,-1.73,CA
61519,8/15/2013,Bike Rental,-31.15,CA
61519,8/16/2013,GNC,-2.62,CA
61519,8/17/2013,Vitamin Shoppe,-37.61,CA
61519,8/17/2013,Ralph's Grocery Store,-11.68,CA
61519,8/17/2013,Public Transportation - Bus Pass,-20.06,CA
61519,8/17/2013,Public Transportation - Bus Pass,-28.75,CA
61519,8/17/2013,Dick's Sporting Goods,-69.68,CA
61519,8/17/2013,Dick's Sporting Goods,-31.45,CA
61519,8/17/2013,Total Gym Fees,-28.24,CA
61519,8/17/2013,Restaurant - Pizza,-14.42,CA
61519,8/17/2013,Total Gym Fees,-13.38,CA
61519,8/17/2013,Restaurant - Pizza,-110.93,CA
61519,8/17/2013,Bike Rental,-16.69,CA
61519,8/18/2013,NFL Ticket - Chargers,-15.35,CA
61519,8/18/2013,GNC,-36.7,CA
61519,8/19/2013,Bike Rental,-28.9,CA
61519,8/20/2013,Credit Card Overdraft Fee,-0.81,CA
61519,8/20/2013,Whole Foods,-21.99,CA
61519,8/21/2013,Bank Fee - Negative Balance,-30.18,CA
61519,8/22/2013,Lyft,-105.8,CA
61519,8/22/2013,Ralph's Grocery Store,-29.21,CA
61519,8/22/2013,GNC,-30.63,CA
61519,8/22/2013,Starbucks Coffee,-106.93,CA
61519,8/23/2013,Public Transportation - Train Pass,-19.49,CA
61519,8/23/2013,NBA Ticket - Lakers,-1.33,CA
61519,8/24/2013,Bike Rental,-49.9,CA
61519,8/24/2013,Athletic Apparel,-25.45,CA
61519,8/24/2013,Ralph's Grocery Store,-11.01,CA
61519,8/24/2013,Amazon Order - Athletic Equipment,-52.72,CA
61519,8/24/2013,Public Transportation - Bus Pass,-18.55,CA
61519,8/24/2013,Lyft,-35.78,CA
61519,8/25/2013,Credit Card Overdraft Fee,-4.01,CA
61519,8/25/2013,Bike Rental,-84.92,CA
61519,8/25/2013,NBA Ticket - Lakers,-18.2,CA
61519,8/25/2013,NFL Ticket - Chargers,-27.05,CA
61519,8/26/2013,Restaurant - Chinese,-0.8,CA
61519,8/26/2013,Amazon Order - Athletic Equipment,-35.51,CA
61519,8/26/2013,NBA Ticket - Lakers,-9.95,CA
61519,8/26/2013,Athletic Apparel,-36.74,CA
61519,8/27/2013,NFL Ticket - Chargers,-13.3,CA
61519,8/27/2013,Dick's Sporting Goods,-15.37,CA
61519,8/27/2013,Restaurant - Chinese,-56.76,CA
61519,8/27/2013,Public Transportation - Train Pass,-4.76,CA
61519,8/28/2013,NBA Ticket - Lakers,-18.03,CA
61519,8/28/2013,Taxi,-19.2,CA
61519,8/28/2013,Public Transportation - Train Pass,-38.69,CA
61519,8/28/2013,Water & Sewer - Late Payment Penalty,-28.78,CA
61519,8/28/2013,Bank Fee - Negative Balance,-39.21,CA
61519,8/29/2013,Restaurant - Chinese,-38.07,CA
61519,8/29/2013,Athletic Apparel,-22.42,CA
61519,8/29/2013,Public Transportation - Bus Pass,-15.85,CA
61519,8/29/2013,Athletic Apparel,-31.72,CA
61519,8/29/2013,Vitamin Shoppe,-79.43,CA
61519,8/29/2013,Water & Sewer - Late Payment Penalty,-19.1,CA
61519,8/29/2013,Restaurant - Chinese,-25.48,CA
61519,8/29/2013,Dick's Sporting Goods,-28.76,CA
61519,8/30/2013,Amazon Order - Athletic Equipment,-15.06,CA
61519,9/2/2013,Paycheck,2867,CA
61519,9/2/2013,Housing Rent,-1093,CA
61519,9/2/2013,Water & Sewer,-53,CA
61519,9/2/2013,Gas & Electric,-32,CA
61519,9/2/2013,Dick's Sporting Goods,-58.74,CA
61519,9/2/2013,Bike Rental,-79.34,CA
61519,9/2/2013,Restaurant - Chinese,-21.54,CA
61519,9/2/2013,Restaurant - Steakhouse,-23.83,CA
61519,9/2/2013,Total Gym Fees,-34.13,CA
61519,9/3/2013,Time Warne Cable - Late Payment Fee,-23.14,CA
61519,9/4/2013,Dick's Sporting Goods,-35.71,CA
61519,9/4/2013,GNC,-39.16,CA
61519,9/4/2013,NBA Ticket - Lakers,-10.84,CA
61519,9/5/2013,GNC,-5.53,CA
61519,9/5/2013,Vitamin Shoppe,-43.9,CA
61519,9/5/2013,Bike Rental,-24.91,CA
61519,9/5/2013,Lyft,-7.18,CA
61519,9/5/2013,Total Gym Fees,-29.42,CA
61519,9/5/2013,Sam's Sporting Apparel,-19.18,CA
61519,9/6/2013,Vitamin Shoppe,-13.09,CA
61519,9/6/2013,Credit Card Overdraft Fee,-42.77,CA
61519,9/6/2013,Whole Foods,-26.2,CA
61519,9/7/2013,Athletic Apparel,-9.81,CA
61519,9/8/2013,NBA Ticket - Lakers,-24.5,CA
61519,9/8/2013,Bike Rental,-32.91,CA
61519,9/8/2013,Restaurant - Burgers,-34.98,CA
61519,9/8/2013,Bike Rental,-24.17,CA
61519,9/8/2013,Lyft,-22.84,CA
61519,9/8/2013,Uber,-34.22,CA
61519,9/9/2013,Restaurant - Chinese,-10.1,CA
61519,9/10/2013,Restaurant - Chinese,-29.96,CA
61519,9/10/2013,Credit Card Overdraft Fee,-22.91,CA
61519,9/10/2013,Vitamin Shoppe,-29.53,CA
61519,9/10/2013,Uber,-4.82,CA
61519,9/10/2013,Lyft,-64.86,CA
61519,9/10/2013,Dick's Sporting Goods,-3.18,CA
61519,9/10/2013,NFL Ticket - Chargers,-52.18,CA
61519,9/10/2013,GNC,-3.3,CA
61519,9/10/2013,Food Delivery - GrubHub,-36.1,CA
61519,9/10/2013,Restaurant - Burgers,-26.38,CA
61519,9/10/2013,Dick's Sporting Goods,-15.15,CA
61519,9/11/2013,Vitamin Shoppe,-3.41,CA
61519,9/11/2013,Sam's Sporting Apparel,-5.07,CA
61519,9/11/2013,Total Gym Fees,-1.55,CA
61519,9/11/2013,GNC,-90.76,CA
61519,9/12/2013,Public Transportation - Bus Pass,-75.33,CA
61519,9/12/2013,Athletic Apparel,-83.18,CA
61519,9/12/2013,Whole Foods,-50.97,CA
61519,9/12/2013,Bike Rental,-18.48,CA
61519,9/13/2013,GNC,-20.15,CA
61519,9/14/2013,Von's Groceries,-104.57,CA
61519,9/14/2013,GNC,-33.09,CA
61519,9/14/2013,Public Transportation - Train Pass,-34.92,CA
61519,9/14/2013,Public Transportation - Bus Pass,-31.47,CA
61519,9/14/2013,Sam's Sporting Apparel,-29.8,CA
61519,9/14/2013,Taxi,-21.11,CA
61519,9/14/2013,Sam's Sporting Apparel,-6.46,CA
61519,9/14/2013,Sam's Sporting Apparel,-45.5,CA
61519,9/14/2013,Bike Rental,-10.38,CA
61519,9/14/2013,Amazon Order - Athletic Equipment,-23.41,CA
61519,9/14/2013,Bike Rental,-7.14,CA
61519,9/14/2013,Public Transportation - Bus Pass,-0.33,CA
61519,9/15/2013,Uber,-27.53,CA
61519,9/15/2013,NFL Ticket - Chargers,-26.94,CA
61519,9/15/2013,Vitamin Shoppe,-37.56,CA
61519,9/15/2013,Vitamin Shoppe,-39.02,CA
61519,9/15/2013,Sam's Sporting Apparel,-82.56,CA
61519,9/15/2013,Public Transportation - Bus Pass,-50.67,CA
61519,9/15/2013,Food Delivery - GrubHub,-24.6,CA
61519,9/16/2013,Taxi,-9.22,CA
61519,9/16/2013,NFL Ticket - Chargers,-35.39,CA
61519,9/16/2013,Restaurant - Steakhouse,-3.89,CA
61519,9/16/2013,Sam's Sporting Apparel,-25.42,CA
61519,9/16/2013,Water & Sewer - Late Payment Penalty,-0.44,CA
61519,9/16/2013,Athletic Apparel,-7.17,CA
61519,9/17/2013,Athletic Apparel,-31.94,CA
61519,9/18/2013,Total Gym Fees,-12.66,CA
61519,9/18/2013,Vitamin Shoppe,-65.18,CA
61519,9/18/2013,Bike Rental,-8.5,CA
61519,9/18/2013,GNC,-79.31,CA
61519,9/18/2013,Sam's Sporting Apparel,-12.42,CA
61519,9/19/2013,Public Transportation - Train Pass,-1.61,CA
61519,9/19/2013,Sam's Sporting Apparel,-41.38,CA
61519,9/19/2013,Public Transportation - Bus Pass,-100.32,CA
61519,9/19/2013,Vitamin Shoppe,-93.69,CA
61519,9/19/2013,NBA Ticket - Lakers,-18.89,CA
61519,9/20/2013,Amazon Order - Athletic Equipment,-81.42,CA
61519,9/21/2013,Athletic Apparel,-30.11,CA
61519,9/21/2013,Total Gym Fees,-56.41,CA
61519,9/21/2013,NFL Ticket - Chargers,-28.82,CA
61519,9/21/2013,Amazon Order - Athletic Equipment,-14.4,CA
61519,9/22/2013,Credit Card Overdraft Fee,-38.31,CA
61519,9/22/2013,Vitamin Shoppe,-37.73,CA
61519,9/22/2013,NFL Ticket - Chargers,-7.2,CA
61519,9/23/2013,Dick's Sporting Goods,-34.42,CA
61519,9/23/2013,Vitamin Shoppe,-16.93,CA
61519,9/24/2013,Lyft,-11.38,CA
61519,9/24/2013,NFL Ticket - Chargers,-20.8,CA
61519,9/24/2013,Dick's Sporting Goods,-4.16,CA
61519,9/25/2013,NFL Ticket - Chargers,-17.14,CA
61519,9/26/2013,Vitamin Shoppe,-93.63,CA
61519,9/26/2013,Public Transportation - Train Pass,-35.46,CA
61519,9/26/2013,Bike Rental,-19.26,CA
61519,9/26/2013,GNC,-49.73,CA
61519,9/26/2013,Taxi,-25.02,CA
61519,9/26/2013,Credit Card Overdraft Fee,-55.42,CA
61519,9/26/2013,Bike Rental,-91.75,CA
61519,9/26/2013,NFL Ticket - Chargers,-7.97,CA
61519,9/26/2013,Divorce Lawyer Fees,-56.43,CA
61519,9/26/2013,Comfort Inn,-4.09,CA
61519,9/26/2013,Best Western Hotel,-88.26,CA
61519,9/27/2013,GNC,-28.43,CA
61519,9/27/2013,Water & Sewer - Late Payment Penalty,-26.91,CA
61519,9/28/2013,Food Delivery - GrubHub,-29.26,CA
61519,9/28/2013,Food Delivery - GrubHub,-18.31,CA
61519,9/28/2013,Athletic Apparel,-38.47,CA
61519,9/28/2013,Lyft,-9.19,CA
61519,9/28/2013,NFL Ticket - Chargers,-11.2,CA
61519,9/28/2013,NFL Ticket - Chargers,-20.31,CA
61519,9/28/2013,Restaurant - Burgers,-12.3,CA
61519,9/28/2013,Taxi,-29.49,CA
61519,9/28/2013,Total Gym Fees,-35.62,CA
61519,9/28/2013,Time Warne Cable - Late Payment Fee,-39.95,CA
61519,9/29/2013,Public Transportation - Bus Pass,-34.93,CA
61519,9/29/2013,NFL Ticket - Chargers,-19,CA
61519,9/30/2013,Public Transportation - Bus Pass,-32.91,CA
61519,9/30/2013,Bike Rental,-36.65,CA
61519,9/30/2013,Dick's Sporting Goods,-118.17,CA
61519,9/30/2013,NBA Ticket - Lakers,-61.89,CA
61519,9/30/2013,Sprouts Market,-53.85,CA
61519,10/2/2013,Paycheck,2867,CA
61519,10/2/2013,Housing Rent,-1361,CA
61519,10/2/2013,Water & Sewer,-53,CA
61519,10/2/2013,Gas & Electric,-32,CA
61519,10/2/2013,Dick's Sporting Goods,-37.08,CA
61519,10/2/2013,Housing Rent - Late Fee,-24.19,CA
61519,10/2/2013,Vitamin Shoppe,-16.05,CA
61519,10/2/2013,Sam's Sporting Apparel,-19.48,CA
61519,10/3/2013,Sam's Sporting Apparel,-7.16,CA
61519,10/3/2013,Lyft,-1.75,CA
61519,10/3/2013,Dick's Sporting Goods,-27.69,CA
61519,10/3/2013,Vitamin Shoppe,-0.39,CA
61519,10/3/2013,Sprouts Market,-20.59,CA
61519,10/3/2013,Sam's Sporting Apparel,-13.83,CA
61519,10/3/2013,Vitamin Shoppe,-34.69,CA
61519,10/4/2013,NBA Ticket - Lakers,-14.64,CA
61519,10/5/2013,Credit Card Overdraft Fee,-105.15,CA
61519,10/6/2013,Food Delivery - GrubHub,-7.46,CA
61519,10/7/2013,GNC,-34.29,CA
61519,10/7/2013,NBA Ticket - Lakers,-10.72,CA
61519,10/7/2013,Athletic Apparel,-67.61,CA
61519,10/7/2013,Public Transportation - Bus Pass,-4.89,CA
61519,10/7/2013,Bike Rental,-32.16,CA
61519,10/8/2013,Amazon Order - Athletic Equipment,-19.49,CA
61519,10/8/2013,NBA Ticket - Lakers,-14.28,CA
61519,10/8/2013,Public Transportation - Train Pass,-12.73,CA
61519,10/8/2013,Public Transportation - Bus Pass,-36.39,CA
61519,10/8/2013,GNC,-23.38,CA
61519,10/8/2013,Vitamin Shoppe,-87.98,CA
61519,10/9/2013,GNC,-69.5,CA
61519,10/10/2013,Athletic Apparel,-37.65,CA
61519,10/11/2013,Restaurant - Steakhouse,-16.88,CA
61519,10/11/2013,Total Gym Fees,-30.7,CA
61519,10/11/2013,Public Transportation - Bus Pass,-7.23,CA
61519,10/11/2013,Bike Rental,-20.47,CA
61519,10/12/2013,Food Delivery - GrubHub,-38.04,CA
61519,10/13/2013,NBA Ticket - Lakers,-23.02,CA
61519,10/13/2013,GNC,-2.56,CA
61519,10/13/2013,Lyft,-25.25,CA
61519,10/13/2013,Restaurant - Steakhouse,-3.23,CA
61519,10/13/2013,Amazon Order - Athletic Equipment,-14.38,CA
61519,10/14/2013,Public Transportation - Train Pass,-5.36,CA
61519,10/15/2013,GNC,-22.31,CA
61519,10/15/2013,Public Transportation - Bus Pass,-14.02,CA
61519,10/15/2013,Dick's Sporting Goods,-29.41,CA
61519,10/16/2013,Taxi,-28.28,CA
61519,10/16/2013,Public Transportation - Train Pass,-13.1,CA
61519,10/17/2013,Lyft,-7.39,CA
61519,10/17/2013,Ralph's Grocery Store,-11.92,CA
61519,10/18/2013,Bike Rental,-34.12,CA
61519,10/19/2013,Taxi,-115.35,CA
61519,10/20/2013,Restaurant - Pizza,-29.17,CA
61519,10/20/2013,Water & Sewer - Late Payment Penalty,-9.87,CA
61519,10/21/2013,Taxi,-28.52,CA
61519,10/21/2013,Whole Foods,-9.51,CA
61519,10/21/2013,Taxi,-104.25,CA
61519,10/22/2013,Restaurant - Burgers,-6.85,CA
61519,10/22/2013,NBA Ticket - Lakers,-29.26,CA
61519,10/22/2013,NFL Ticket - Chargers,-7.28,CA
61519,10/22/2013,Total Gym Fees,-38.48,CA
61519,10/22/2013,Restaurant - Chinese,-63.95,CA
61519,10/23/2013,Amazon Order - Athletic Equipment,-17.92,CA
61519,10/23/2013,NFL Ticket - Chargers,-27.29,CA
61519,10/24/2013,Sam's Sporting Apparel,-6.85,CA
61519,10/25/2013,Athletic Apparel,-14.63,CA
61519,10/25/2013,Lyft,-33.3,CA
61519,10/26/2013,Amazon Order - Athletic Equipment,-16.94,CA
61519,10/26/2013,Total Gym Fees,-35,CA
61519,10/26/2013,Vitamin Shoppe,-19.24,CA
61519,10/26/2013,Amazon Order - Athletic Equipment,-38.96,CA
61519,10/26/2013,Starbucks Coffee,-16.76,CA
61519,10/27/2013,Housing Rent - Late Fee,-29.63,CA
61519,10/27/2013,Whole Foods,-3.02,CA
61519,10/27/2013,GNC,-37.2,CA
61519,10/27/2013,GNC,-92.24,CA
61519,10/27/2013,Total Gym Fees,-2.13,CA
61519,10/27/2013,Total Gym Fees,-0.71,CA
61519,10/27/2013,Taxi,-35.91,CA
61519,10/28/2013,Athletic Apparel,-17.14,CA
61519,10/28/2013,Athletic Apparel,-0.97,CA
61519,10/29/2013,Restaurant - Chinese,-25.68,CA
61519,10/29/2013,Restaurant - Pizza,-9.54,CA
61519,10/30/2013,NFL Ticket - Chargers,-39.93,CA
61519,11/2/2013,Paycheck,2867,CA
61519,11/2/2013,Housing Rent,-1188,CA
61519,11/2/2013,Water & Sewer,-53,CA
61519,11/2/2013,Gas & Electric,-32,CA
61519,11/2/2013,Taxi,-11.08,CA
61519,11/2/2013,Total Gym Fees,-20.93,CA
61519,11/2/2013,Bank Fee - Negative Balance,-22.38,CA
61519,11/3/2013,NFL Ticket - Chargers,-34.9,CA
61519,11/3/2013,Total Gym Fees,-6.19,CA
61519,11/4/2013,Amazon Order - Athletic Equipment,-29.32,CA
61519,11/4/2013,NBA Ticket - Lakers,-37.2,CA
61519,11/5/2013,Vitamin Shoppe,-34.98,CA
61519,11/6/2013,Public Transportation - Bus Pass,-31.87,CA
61519,11/6/2013,Taxi,-4.76,CA
61519,11/6/2013,Sam's Sporting Apparel,-4.76,CA
61519,11/7/2013,Dick's Sporting Goods,-7.36,CA
61519,11/7/2013,Restaurant - Chinese,-2.68,CA
61519,11/7/2013,Sam's Sporting Apparel,-31.21,CA
61519,11/7/2013,NBA Ticket - Lakers,-4.73,CA
61519,11/7/2013,Bike Rental,-36.1,CA
61519,11/7/2013,Restaurant - Burgers,-18.09,CA
61519,11/8/2013,Vitamin Shoppe,-17.84,CA
61519,11/9/2013,Sprouts Market,-16.6,CA
61519,11/9/2013,Taxi,-54.25,CA
61519,11/9/2013,Housing Rent - Late Fee,-14.01,CA
61519,11/10/2013,Bike Rental,-25.15,CA
61519,11/10/2013,Dick's Sporting Goods,-55.6,CA
61519,11/11/2013,Total Gym Fees,-39.61,CA
61519,11/11/2013,Ralph's Grocery Store,-0.09,CA
61519,11/11/2013,Restaurant - Pizza,-11.43,CA
61519,11/11/2013,Vitamin Shoppe,-44.98,CA
61519,11/12/2013,Whole Foods,-34.68,CA
61519,11/12/2013,Athletic Apparel,-11.9,CA
61519,11/13/2013,Taxi,-38.56,CA
61519,11/14/2013,Athletic Apparel,-36.95,CA
61519,11/14/2013,NBA Ticket - Lakers,-23.29,CA
61519,11/14/2013,Public Transportation - Train Pass,-73.15,CA
61519,11/15/2013,Sam's Sporting Apparel,-12.97,CA
61519,11/15/2013,Restaurant - Steakhouse,-31.65,CA
61519,11/15/2013,Public Transportation - Bus Pass,-81.26,CA
61519,11/16/2013,Dick's Sporting Goods,-1.62,CA
61519,11/17/2013,NBA Ticket - Lakers,-7.78,CA
61519,11/17/2013,Housing Rent - Late Fee,-38.45,CA
61519,11/18/2013,Public Transportation - Train Pass,-61.21,CA
61519,11/18/2013,Taxi,-30.78,CA
61519,11/18/2013,Total Gym Fees,-34.12,CA
61519,11/18/2013,Restaurant - Chinese,-3.59,CA
61519,11/18/2013,Restaurant - Chinese,-6.64,CA
61519,11/19/2013,Athletic Apparel,-27.38,CA
61519,11/19/2013,NFL Ticket - Chargers,-115.99,CA
61519,11/19/2013,NBA Ticket - Lakers,-28.37,CA
61519,11/19/2013,NBA Ticket - Lakers,-8.71,CA
61519,11/20/2013,Sam's Sporting Apparel,-30.58,CA
61519,11/20/2013,Bike Rental,-24.89,CA
61519,11/21/2013,Vitamin Shoppe,-25.1,CA
61519,11/21/2013,Restaurant - Pizza,-22.83,CA
61519,11/22/2013,Total Gym Fees,-2.31,CA
61519,11/22/2013,Restaurant - Steakhouse,-36.47,CA
61519,11/23/2013,Starbucks Coffee,-26.87,CA
61519,11/23/2013,Vitamin Shoppe,-12.29,CA
61519,11/23/2013,Public Transportation - Bus Pass,-7.57,CA
61519,11/23/2013,Food Delivery - GrubHub,-89.49,CA
61519,11/24/2013,Credit Card Overdraft Fee,-27.75,CA
61519,11/24/2013,Total Gym Fees,-4.91,CA
61519,11/24/2013,GNC,-19.07,CA
61519,11/24/2013,GNC,-19.39,CA
61519,11/24/2013,Starbucks Coffee,-12.92,CA
61519,11/24/2013,Whole Foods,-29.06,CA
61519,11/24/2013,Amazon Order - Athletic Equipment,-7.37,CA
61519,11/24/2013,Public Transportation - Bus Pass,-31.84,CA
61519,11/24/2013,Uber,-15.44,CA
61519,11/25/2013,Restaurant - Steakhouse,-36.46,CA
61519,11/26/2013,NFL Ticket - Chargers,-30.22,CA
61519,11/26/2013,Athletic Apparel,-7.94,CA
61519,11/26/2013,NFL Ticket - Chargers,-86.09,CA
61519,11/26/2013,Sam's Sporting Apparel,-24.09,CA
61519,11/27/2013,Dick's Sporting Goods,-22.08,CA
61519,11/27/2013,Amazon Order - Athletic Equipment,-113.11,CA
61519,11/27/2013,Uber,-39.71,CA
61519,11/27/2013,Restaurant - Pizza,-33.28,CA
61519,11/27/2013,Public Transportation - Train Pass,-9.73,CA
61519,11/27/2013,Lyft,-29.33,CA
61519,11/28/2013,Total Gym Fees,-95.07,CA
61519,11/29/2013,Sprouts Market,-36.66,CA
61519,11/30/2013,Public Transportation - Bus Pass,-14.29,CA
61519,11/30/2013,NFL Ticket - Chargers,-105.94,CA
61519,11/30/2013,Athletic Apparel,-3.82,CA
61519,11/30/2013,Taxi,-57.98,CA
61519,11/30/2013,Total Gym Fees,-36.25,CA
61519,12/2/2013,Paycheck,2867,CA
61519,12/2/2013,Housing Rent,-1340,CA
61519,12/2/2013,Water & Sewer,-53,CA
61519,12/2/2013,Gas & Electric,-32,CA
61519,12/2/2013,Athletic Apparel,-28.89,CA
61519,12/3/2013,Uber,-21.7,CA
61519,12/3/2013,NFL Ticket - Chargers,-32.92,CA
61519,12/4/2013,Time Warne Cable - Late Payment Fee,-23.04,CA
61519,12/4/2013,Restaurant - Chinese,-19.35,CA
61519,12/5/2013,Lyft,-28.76,CA
61519,12/6/2013,Housing Rent - Late Fee,-81.93,CA
61519,12/7/2013,Total Gym Fees,-7.92,CA
61519,12/8/2013,Restaurant - Burgers,-11.07,CA
61519,12/9/2013,Vitamin Shoppe,-37.31,CA
61519,12/10/2013,Restaurant - Steakhouse,-31.44,CA
61519,12/10/2013,Starbucks Coffee,-38.42,CA
61519,12/11/2013,Lyft,-37.2,CA
61519,12/11/2013,Athletic Apparel,-30.73,CA
61519,12/11/2013,Dick's Sporting Goods,-10.79,CA
61519,12/11/2013,Restaurant - Steakhouse,-11.02,CA
61519,12/11/2013,Total Gym Fees,-87.31,CA
61519,12/12/2013,Restaurant - Steakhouse,-11.4,CA
61519,12/12/2013,Public Transportation - Train Pass,-30.91,CA
61519,12/13/2013,GNC,-32.01,CA
61519,12/13/2013,Athletic Apparel,-15.16,CA
61519,12/13/2013,Public Transportation - Train Pass,-18.1,CA
61519,12/13/2013,Public Transportation - Train Pass,-45.52,CA
61519,12/13/2013,Water & Sewer - Late Payment Penalty,-29.92,CA
61519,12/13/2013,NBA Ticket - Lakers,-0.93,CA
61519,12/13/2013,GNC,-6.41,CA
61519,12/13/2013,NFL Ticket - Chargers,-7.94,CA
61519,12/13/2013,Bike Rental,-4.22,CA
61519,12/13/2013,NFL Ticket - Chargers,-38.57,CA
61519,12/13/2013,Athletic Apparel,-101.59,CA
61519,12/14/2013,Total Gym Fees,-46.42,CA
61519,12/14/2013,Lyft,-100.58,CA
61519,12/14/2013,Public Transportation - Train Pass,-45.38,CA
61519,12/14/2013,Amazon Order - Athletic Equipment,-22.04,CA
61519,12/15/2013,Taxi,-62.06,CA
61519,12/15/2013,Public Transportation - Bus Pass,-26.77,CA
61519,12/15/2013,Restaurant - Steakhouse,-99.15,CA
61519,12/15/2013,Whole Foods,-34.44,CA
61519,12/16/2013,Vitamin Shoppe,-0.75,CA
61519,12/17/2013,Vitamin Shoppe,-33.59,CA
61519,12/18/2013,Public Transportation - Train Pass,-31.51,CA
61519,12/18/2013,NBA Ticket - Lakers,-38.7,CA
61519,12/19/2013,Starbucks Coffee,-29.69,CA
61519,12/19/2013,Lyft,-22.55,CA
61519,12/20/2013,Athletic Apparel,-58.19,CA
61519,12/20/2013,Vitamin Shoppe,-55.05,CA
61519,12/20/2013,Public Transportation - Train Pass,-33.76,CA
61519,12/20/2013,Von's Groceries,-10.63,CA
61519,12/20/2013,Athletic Apparel,-20.64,CA
61519,12/20/2013,GNC,-29.62,CA
61519,12/20/2013,Kay Jewelry,-31.25,CA
61519,12/20/2013,Wedding Planner,-114.71,CA
61519,12/20/2013,Southwest Flights - Cancun,-69.48,CA
61519,12/20/2013,Cancun Beach Resort,-22.5,CA
61519,12/21/2013,Dick's Sporting Goods,-33,CA
61519,12/21/2013,NBA Ticket - Lakers,-6.36,CA
61519,12/21/2013,Restaurant - Chinese,-3.04,CA
61519,12/21/2013,NBA Ticket - Lakers,-26.89,CA
61519,12/21/2013,Public Transportation - Bus Pass,-36.65,CA
61519,12/22/2013,Bike Rental,-35.5,CA
61519,12/23/2013,Ralph's Grocery Store,-33.07,CA
61519,12/23/2013,Amazon Order - Athletic Equipment,-37.67,CA
61519,12/23/2013,NBA Ticket - Lakers,-3.15,CA
61519,12/24/2013,NFL Ticket - Chargers,-33.76,CA
61519,12/25/2013,NFL Ticket - Chargers,-21.57,CA
61519,12/25/2013,Athletic Apparel,-5.97,CA
61519,12/26/2013,Total Gym Fees,-29.44,CA
61519,12/27/2013,NBA Ticket - Lakers,-26.09,CA
61519,12/27/2013,Bike Rental,-9.74,CA
61519,12/28/2013,NBA Ticket - Lakers,-13.47,CA
61519,12/29/2013,Public Transportation - Bus Pass,-19.13,CA
61519,12/30/2013,Vitamin Shoppe,-37.87,CA
61519,12/30/2013,Food Delivery - GrubHub,-68.75,CA
61519,12/30/2013,Total Gym Fees,-26.35,CA
61519,12/30/2013,NFL Ticket - Chargers,-21.27,CA
61519,12/30/2013,Amazon Order - Athletic Equipment,-5.56,CA
61519,12/32/2013,Sprouts Market,-29.05,CA
61519,1/2/2014,Credit Card Overdraft Fee,-22.02,CA
61519,1/2/2014,Von's Groceries,-34.76,CA
61519,1/2/2014,Lyft,-34.8,CA
61519,1/2/2014,Restaurant - Pizza,-16.16,CA
61519,1/2/2014,Whole Foods,-33.02,CA
61519,1/2/2014,Public Transportation - Bus Pass,-4.69,CA
61519,1/2/2014,Vitamin Shoppe,-35.27,CA
61519,1/2/2014,Lyft,-10.11,CA
61519,1/2/2014,Public Transportation - Train Pass,-14.54,CA
61519,1/3/2014,Uber,-48.36,CA
61519,1/4/2014,Total Gym Fees,-24.62,CA
61519,1/4/2014,Dick's Sporting Goods,-14.24,CA
61519,1/4/2014,Restaurant - Steakhouse,-1.32,CA
61519,1/5/2014,Total Gym Fees,-0.11,CA
61519,1/6/2014,Amazon Order - Athletic Equipment,-38.86,CA
61519,1/6/2014,Bike Rental,-21.38,CA
61519,1/6/2014,Public Transportation - Bus Pass,-17.66,CA
61519,1/6/2014,GNC,-36.39,CA
61519,1/6/2014,Taxi,-97.15,CA
61519,1/6/2014,Amazon Order - Athletic Equipment,-9.75,CA
61519,1/7/2014,Public Transportation - Train Pass,-3.51,CA
61519,1/7/2014,Vitamin Shoppe,-37.37,CA
61519,1/7/2014,Restaurant - Pizza,-2.42,CA
61519,1/7/2014,Athletic Apparel,-109.95,CA
61519,1/7/2014,Amazon Order - Athletic Equipment,-20.76,CA
61519,1/8/2014,Uber,-24.35,CA
61519,1/8/2014,Dick's Sporting Goods,-64.7,CA
61519,1/8/2014,Public Transportation - Train Pass,-99.08,CA
61519,1/9/2014,Lyft,-116.72,CA
61519,1/9/2014,Public Transportation - Train Pass,-13.26,CA
61519,1/9/2014,Restaurant - Burgers,-6.55,CA
61519,1/10/2014,Dick's Sporting Goods,-18.33,CA
61519,1/10/2014,Dick's Sporting Goods,-5.35,CA
61519,1/10/2014,Time Warne Cable - Late Payment Fee,-4.82,CA
61519,1/11/2014,Food Delivery - GrubHub,-25.72,CA
61519,1/11/2014,Bike Rental,-35.71,CA
61519,1/12/2014,Public Transportation - Bus Pass,-36.27,CA
61519,1/12/2014,Restaurant - Burgers,-55.33,CA
61519,1/12/2014,Athletic Apparel,-7.09,CA
61519,1/13/2014,Amazon Order - Athletic Equipment,-2.08,CA
61519,1/13/2014,Uber,-10.39,CA
61519,1/13/2014,Bike Rental,-25.33,CA
61519,1/13/2014,Amazon Order - Athletic Equipment,-11.37,CA
61519,1/13/2014,Uber,-33.52,CA
61519,1/13/2014,Public Transportation - Train Pass,-35.67,CA
61519,1/14/2014,Dick's Sporting Goods,-24.36,CA
61519,1/15/2014,Housing Rent - Late Fee,-7.5,CA
61519,1/15/2014,Total Gym Fees,-105.61,CA
61519,1/15/2014,Vitamin Shoppe,-31.48,CA
61519,1/15/2014,Restaurant - Chinese,-39.01,CA
61519,1/15/2014,Athletic Apparel,-15.02,CA
61519,1/15/2014,GNC,-10.87,CA
61519,1/16/2014,Athletic Apparel,-22.44,CA
61519,1/16/2014,Credit Card Overdraft Fee,-24.14,CA
61519,1/16/2014,GNC,-37.93,CA
61519,1/16/2014,Sam's Sporting Apparel,-38.38,CA
61519,1/16/2014,NBA Ticket - Lakers,-0.89,CA
61519,1/17/2014,Dick's Sporting Goods,-38,CA
61519,1/17/2014,NFL Ticket - Chargers,-58.04,CA
61519,1/18/2014,Athletic Apparel,-19.38,CA
61519,1/18/2014,GNC,-33.86,CA
61519,1/18/2014,Lyft,-47.38,CA
61519,1/19/2014,GNC,-12.67,CA
61519,1/19/2014,Restaurant - Chinese,-37.49,CA
61519,1/20/2014,Time Warne Cable - Late Payment Fee,-33.67,CA
61519,1/20/2014,Bike Rental,-36.7,CA
61519,1/21/2014,Uber,-39.24,CA
61519,1/21/2014,Vitamin Shoppe,-37.24,CA
61519,1/22/2014,Restaurant - Chinese,-5.59,CA
61519,1/23/2014,Sam's Sporting Apparel,-10.77,CA
61519,1/24/2014,Public Transportation - Bus Pass,-34.64,CA
61519,1/24/2014,Public Transportation - Bus Pass,-18.33,CA
61519,1/24/2014,GNC,-108.33,CA
61519,1/24/2014,GNC,-22.58,CA
61519,1/24/2014,Food Delivery - GrubHub,-30.06,CA
61519,1/24/2014,GNC,-37.8,CA
61519,1/24/2014,Sprouts Market,-3.8,CA
61519,1/25/2014,Von's Groceries,-84.19,CA
61519,1/26/2014,Total Gym Fees,-21.54,CA
61519,1/26/2014,Dick's Sporting Goods,-102.69,CA
61519,1/26/2014,Uber,-23.47,CA
61519,1/26/2014,GNC,-32.17,CA
61519,1/26/2014,NFL Ticket - Chargers,-7.1,CA
61519,1/26/2014,Bike Rental,-38.75,CA
61519,1/26/2014,Sam's Sporting Apparel,-15.22,CA
61519,1/26/2014,Sprouts Market,-20.94,CA
61519,1/26/2014,Taxi,-26.33,CA
61519,1/27/2014,NFL Ticket - Chargers,-30.89,CA
61519,1/28/2014,NFL Ticket - Chargers,-76.54,CA
61519,1/28/2014,Dick's Sporting Goods,-31.25,CA
61519,1/29/2014,NBA Ticket - Lakers,-67.97,CA
61519,1/29/2014,Housing Rent - Late Fee,-11.02,CA
61519,1/29/2014,Sam's Sporting Apparel,-28.48,CA
61519,1/29/2014,Restaurant - Burgers,-32.91,CA
61519,1/30/2014,Dick's Sporting Goods,-36.91,CA
61519,1/30/2014,NBA Ticket - Lakers,-2.89,CA
61519,3/2/2014,Paycheck,2867,CA
61519,3/2/2014,Housing Rent,-901,CA
61519,3/2/2014,Water & Sewer,-53,CA
61519,3/2/2014,Gas & Electric,-32,CA
61519,3/2/2014,Sprouts Market,-30.57,CA
61519,3/2/2014,Restaurant - Pizza,-34.71,CA
61519,3/2/2014,Restaurant - Burgers,-82.66,CA
61519,3/2/2014,GNC,-7.53,CA
61519,3/2/2014,GNC,-115.49,CA
61519,3/3/2014,NBA Ticket - Lakers,-6.12,CA
61519,3/3/2014,Amazon Order - Athletic Equipment,-85.26,CA
61519,3/4/2014,Athletic Apparel,-28.4,CA
61519,3/4/2014,GNC,-5.42,CA
61519,3/4/2014,Water & Sewer - Late Payment Penalty,-12.77,CA
61519,3/4/2014,Lyft,-18.69,CA
61519,3/4/2014,Vitamin Shoppe,-20.43,CA
61519,3/4/2014,Sam's Sporting Apparel,-32.62,CA
61519,3/4/2014,Total Gym Fees,-3.81,CA
61519,3/5/2014,Restaurant - Pizza,-24.99,CA
61519,3/5/2014,Sam's Sporting Apparel,-37.52,CA
61519,3/5/2014,GNC,-19.98,CA
61519,3/5/2014,Credit Card Overdraft Fee,-54.13,CA
61519,3/5/2014,Bank Fee - Negative Balance,-10.4,CA
61519,3/6/2014,GNC,-27.47,CA
61519,3/6/2014,Von's Groceries,-15.56,CA
61519,3/6/2014,Vitamin Shoppe,-34.98,CA
61519,3/7/2014,Uber,-100.4,CA
61519,3/8/2014,NBA Ticket - Lakers,-18.85,CA
61519,3/9/2014,Water & Sewer - Late Payment Penalty,-3.86,CA
61519,3/9/2014,Time Warne Cable - Late Payment Fee,-25.14,CA
61519,3/9/2014,Athletic Apparel,-3.77,CA
61519,3/10/2014,Dick's Sporting Goods,-108.96,CA
61519,3/11/2014,GNC,-21.87,CA
61519,3/11/2014,Restaurant - Chinese,-39.91,CA
61519,3/11/2014,Total Gym Fees,-30.69,CA
61519,3/11/2014,Bike Rental,-7.51,CA
61519,3/11/2014,Total Gym Fees,-35.5,CA
61519,3/11/2014,Athletic Apparel,-11.69,CA
61519,3/11/2014,NBA Ticket - Lakers,-3.31,CA
61519,3/11/2014,Dick's Sporting Goods,-16.01,CA
61519,3/11/2014,NFL Ticket - Chargers,-25.07,CA
61519,3/12/2014,Public Transportation - Bus Pass,-78.08,CA
61519,3/13/2014,Public Transportation - Bus Pass,-30.38,CA
61519,3/13/2014,GNC,-119.03,CA
61519,3/13/2014,Credit Card Overdraft Fee,-28.69,CA
61519,3/14/2014,NFL Ticket - Chargers,-34.57,CA
61519,3/14/2014,Public Transportation - Train Pass,-18.05,CA
61519,3/14/2014,NFL Ticket - Chargers,-17.71,CA
61519,3/14/2014,Sprouts Market,-71.24,CA
61519,3/14/2014,Total Gym Fees,-7.7,CA
61519,3/14/2014,Taxi,-18.46,CA
61519,3/15/2014,Lyft,-9.22,CA
61519,3/15/2014,Restaurant - Chinese,-35.48,CA
61519,3/15/2014,Public Transportation - Bus Pass,-24.32,CA
61519,3/15/2014,Taxi,-5.88,CA
61519,3/16/2014,Dick's Sporting Goods,-19.86,CA
61519,3/17/2014,Athletic Apparel,-58.98,CA
61519,3/17/2014,Dick's Sporting Goods,-6.73,CA
61519,3/18/2014,Food Delivery - GrubHub,-10.62,CA
61519,3/18/2014,Dick's Sporting Goods,-38.63,CA
61519,3/18/2014,Restaurant - Burgers,-34.2,CA
61519,3/19/2014,Uber,-25,CA
61519,3/20/2014,Sam's Sporting Apparel,-3.74,CA
61519,3/20/2014,NBA Ticket - Lakers,-35.69,CA
61519,3/20/2014,Restaurant - Pizza,-2.76,CA
61519,3/20/2014,Public Transportation - Bus Pass,-22.98,CA
61519,3/20/2014,Von's Groceries,-5.77,CA
61519,3/20/2014,Starbucks Coffee,-14.04,CA
61519,3/20/2014,Whole Foods,-10.64,CA
61519,3/21/2014,Whole Foods,-1.84,CA
61519,3/21/2014,Amazon Order - Athletic Equipment,-100.61,CA
61519,3/22/2014,Restaurant - Steakhouse,-103.93,CA
61519,3/22/2014,Bike Rental,-9.57,CA
61519,3/22/2014,NBA Ticket - Lakers,-86.75,CA
61519,3/22/2014,Uber,-35.23,CA
61519,3/22/2014,Starbucks Coffee,-24.02,CA
61519,3/23/2014,Vitamin Shoppe,-38.47,CA
61519,3/23/2014,GNC,-0.52,CA
61519,3/24/2014,NBA Ticket - Lakers,-0.9,CA
61519,3/25/2014,Sprouts Market,-25.63,CA
61519,3/26/2014,Bike Rental,-4.35,CA
61519,3/26/2014,Athletic Apparel,-23.4,CA
61519,3/26/2014,Sam's Sporting Apparel,-0.44,CA
61519,3/27/2014,Food Delivery - GrubHub,-38.52,CA
61519,3/27/2014,Taxi,-12.55,CA
61519,3/28/2014,Dick's Sporting Goods,-9.03,CA
61519,3/28/2014,Whole Foods,-6.47,CA
61519,3/28/2014,Total Gym Fees,-100.86,CA
61519,3/28/2014,Restaurant - Chinese,-28.13,CA
61519,3/28/2014,Vitamin Shoppe,-1.84,CA
61519,3/28/2014,Restaurant - Burgers,-9.89,CA
61519,3/28/2014,Sam's Sporting Apparel,-1.16,CA
61519,3/28/2014,Credit Card Overdraft Fee,-37.29,CA
61519,3/28/2014,NFL Ticket - Chargers,-35.86,CA
61519,3/28/2014,Restaurant - Burgers,-40.8,CA
61519,3/29/2014,Lyft,-75.31,CA
61519,3/30/2014,Public Transportation - Bus Pass,-42.54,CA
61519,3/30/2014,Public Transportation - Train Pass,-13.99,CA
61519,3/30/2014,Sam's Sporting Apparel,-6.11,CA
61519,3/30/2014,Dick's Sporting Goods,-32.33,CA
61519,3/30/2014,Bank Fee - Negative Balance,-39.8,CA
61519,3/30/2014,Credit Card Overdraft Fee,-22.06,CA
61519,3/30/2014,Public Transportation - Bus Pass,-17.16,CA
61519,3/30/2014,NFL Ticket - Chargers,-100.15,CA
61519,3/30/2014,Credit Card Overdraft Fee,-23.49,CA
61519,4/2/2014,Paycheck,2867,CA
61519,4/2/2014,Housing Rent,-1214,CA
61519,4/2/2014,Water & Sewer,-53,CA
61519,4/2/2014,Gas & Electric,-32,CA
61519,4/2/2014,Bank Fee - Negative Balance,-112.46,CA
61519,4/3/2014,Time Warne Cable - Late Payment Fee,-26.4,CA
61519,4/4/2014,NFL Ticket - Chargers,-4.15,CA
61519,4/4/2014,Dick's Sporting Goods,-5.78,CA
61519,4/4/2014,Lyft,-28.72,CA
61519,4/5/2014,Vitamin Shoppe,-38.61,CA
61519,4/6/2014,Taxi,-116.58,CA
61519,4/6/2014,Lyft,-88.84,CA
61519,4/6/2014,Starbucks Coffee,-34.06,CA
61519,4/7/2014,Athletic Apparel,-85.07,CA
61519,4/7/2014,Dick's Sporting Goods,-22.17,CA
61519,4/7/2014,Sam's Sporting Apparel,-6.87,CA
61519,4/7/2014,Starbucks Coffee,-102.06,CA
61519,4/7/2014,Public Transportation - Bus Pass,-24.42,CA
61519,4/7/2014,Von's Groceries,-27.27,CA
61519,4/7/2014,Von's Groceries,-79.83,CA
61519,4/7/2014,Taxi,-12.15,CA
61519,4/7/2014,Dick's Sporting Goods,-10.3,CA
61519,4/7/2014,Bike Rental,-42.15,CA
61519,4/7/2014,Dick's Sporting Goods,-18.17,CA
61519,4/7/2014,Housing Rent - Late Fee,-35.01,CA
61519,4/7/2014,NBA Ticket - Lakers,-21.89,CA
61519,4/8/2014,Starbucks Coffee,-20.48,CA
61519,4/8/2014,NFL Ticket - Chargers,-31.23,CA
61519,4/8/2014,Lyft,-26.43,CA
61519,4/8/2014,Restaurant - Steakhouse,-41.54,CA
61519,4/8/2014,NFL Ticket - Chargers,-23.21,CA
61519,4/8/2014,Dick's Sporting Goods,-23.33,CA
61519,4/8/2014,Amazon Order - Athletic Equipment,-35.74,CA
61519,4/9/2014,NFL Ticket - Chargers,-9.12,CA
61519,4/10/2014,Taxi,-37.96,CA
61519,4/11/2014,Athletic Apparel,-29.77,CA
61519,4/12/2014,Uber,-59.59,CA
61519,4/12/2014,Total Gym Fees,-7.9,CA
61519,4/12/2014,Ralph's Grocery Store,-5.34,CA
61519,4/12/2014,Amazon Order - Athletic Equipment,-117.34,CA
61519,4/13/2014,GNC,-35.64,CA
61519,4/13/2014,Food Delivery - GrubHub,-30.99,CA
61519,4/14/2014,Amazon Order - Athletic Equipment,-12.81,CA
61519,4/15/2014,Public Transportation - Bus Pass,-40.8,CA
61519,4/16/2014,Sam's Sporting Apparel,-66.71,CA
61519,4/17/2014,Public Transportation - Train Pass,-15.43,CA
61519,4/18/2014,Vitamin Shoppe,-24.01,CA
61519,4/19/2014,Vitamin Shoppe,-29.21,CA
61519,4/19/2014,Public Transportation - Train Pass,-37.32,CA
61519,4/19/2014,Lyft,-7.95,CA
61519,4/19/2014,Water & Sewer - Late Payment Penalty,-49.53,CA
61519,4/19/2014,Sam's Sporting Apparel,-26.55,CA
61519,4/19/2014,Vitamin Shoppe,-20.16,CA
61519,4/19/2014,Public Transportation - Bus Pass,-14.29,CA
61519,4/20/2014,Vitamin Shoppe,-10.51,CA
61519,4/20/2014,Sprouts Market,-76.93,CA
61519,4/20/2014,Sam's Sporting Apparel,-3.09,CA
61519,4/20/2014,Lyft,-32.54,CA
61519,4/20/2014,Total Gym Fees,-1.92,CA
61519,4/20/2014,NBA Ticket - Lakers,-23.75,CA
61519,4/21/2014,Restaurant - Steakhouse,-69.13,CA
61519,4/21/2014,Bank Fee - Negative Balance,-8.93,CA
61519,4/22/2014,Credit Card Overdraft Fee,-24.25,CA
61519,4/22/2014,Uber,-17.42,CA
61519,4/22/2014,Food Delivery - GrubHub,-16.69,CA
61519,4/22/2014,Starbucks Coffee,-41.85,CA
61519,4/22/2014,Athletic Apparel,-39.94,CA
61519,4/22/2014,Public Transportation - Train Pass,-14.95,CA
61519,4/22/2014,Public Transportation - Bus Pass,-6.49,CA
61519,4/22/2014,NFL Ticket - Chargers,-14.06,CA
61519,4/23/2014,Amazon Order - Athletic Equipment,-24.12,CA
61519,4/23/2014,Vitamin Shoppe,-41.65,CA
61519,4/23/2014,Athletic Apparel,-20.77,CA
61519,4/24/2014,Sam's Sporting Apparel,-110.75,CA
61519,4/24/2014,Sam's Sporting Apparel,-11.44,CA
61519,4/24/2014,Whole Foods,-14.62,CA
61519,4/25/2014,Public Transportation - Bus Pass,-2.09,CA
61519,4/26/2014,GNC,-8.81,CA
61519,4/27/2014,Total Gym Fees,-18.93,CA
61519,4/27/2014,Whole Foods,-38.97,CA
61519,4/27/2014,Athletic Apparel,-11.48,CA
61519,4/27/2014,NFL Ticket - Chargers,-25.65,CA
61519,4/27/2014,Whole Foods,-6.09,CA
61519,4/27/2014,Whole Foods,-6.43,CA
61519,4/27/2014,Restaurant - Burgers,-15.73,CA
61519,4/27/2014,Sam's Sporting Apparel,-20.54,CA
61519,4/28/2014,Von's Groceries,-1.78,CA
61519,4/28/2014,NBA Ticket - Lakers,-20.75,CA
61519,4/28/2014,Vitamin Shoppe,-10.06,CA
61519,4/28/2014,NBA Ticket - Lakers,-33.18,CA
61519,4/29/2014,Uber,-37.09,CA
61519,4/29/2014,Bike Rental,-20.01,CA
61519,4/29/2014,Total Gym Fees,-68.06,CA
61519,4/30/2014,Bike Rental,-69.18,CA
61519,4/30/2014,Credit Card Overdraft Fee,-13.14,CA
61519,5/2/2014,Paycheck,2867,CA
61519,5/2/2014,Housing Rent,-966,CA
61519,5/2/2014,Water & Sewer,-53,CA
61519,5/2/2014,Gas & Electric,-32,CA
61519,5/2/2014,Public Transportation - Bus Pass,-0.58,CA
61519,5/2/2014,Ralph's Grocery Store,-37.97,CA
61519,5/3/2014,Vitamin Shoppe,-39.93,CA
61519,5/3/2014,Total Gym Fees,-25.76,CA
61519,5/4/2014,NFL Ticket - Chargers,-16.95,CA
61519,5/4/2014,Vitamin Shoppe,-10.95,CA
61519,5/4/2014,Sam's Sporting Apparel,-4,CA
61519,5/5/2014,Taxi,-26.52,CA
61519,5/5/2014,Amazon Order - Athletic Equipment,-19.95,CA
61519,5/6/2014,Mark's Movers,-12.41,CA
61519,5/6/2014,FedEx Shipping,-9.33,CA
61519,5/6/2014,Jerome's Furniture,-35.42,CA
61519,5/6/2014,Home Depot,-19.18,CA
61519,5/6/2014,Refrigerator Depot,-25.66,CA
61519,5/6/2014,Hamilton Move & Storage,-20.21,CA
61519,5/7/2014,Public Transportation - Train Pass,-29.58,CA
61519,5/7/2014,NFL Ticket - Chargers,-17.26,CA
61519,5/8/2014,Taxi,-6.11,CA
61519,5/8/2014,NBA Ticket - Lakers,-9.66,CA
61519,5/9/2014,Public Transportation - Train Pass,-8.23,CA
61519,5/9/2014,Bike Rental,-9.54,CA
61519,5/10/2014,Restaurant - Chinese,-12.36,CA
61519,5/10/2014,Public Transportation - Train Pass,-25.49,CA
61519,5/10/2014,NBA Ticket - Lakers,-21.91,CA
61519,5/10/2014,Public Transportation - Train Pass,-38.17,CA
61519,5/10/2014,Vitamin Shoppe,-6.84,CA
61519,5/10/2014,Total Gym Fees,-9.4,CA
61519,5/11/2014,Uber,-32.8,CA
61519,5/11/2014,GNC,-21.82,CA
61519,5/11/2014,Bike Rental,-23.89,CA
61519,5/11/2014,Restaurant - Steakhouse,-54.29,CA
61519,5/11/2014,Restaurant - Burgers,-21.74,CA
61519,5/11/2014,Public Transportation - Bus Pass,-26.92,CA
61519,5/11/2014,NFL Ticket - Chargers,-92.06,CA
61519,5/11/2014,Amazon Order - Athletic Equipment,-7.26,CA
61519,5/11/2014,Vitamin Shoppe,-118.27,CA
61519,5/12/2014,Restaurant - Steakhouse,-37.13,CA
61519,5/13/2014,Sam's Sporting Apparel,-61.16,CA
61519,5/14/2014,Taxi,-1.55,CA
61519,5/15/2014,Lyft,-16.96,CA
61519,5/15/2014,Taxi,-23.39,CA
61519,5/15/2014,NFL Ticket - Chargers,-26.96,CA
61519,5/15/2014,Athletic Apparel,-23.98,CA
61519,5/15/2014,Public Transportation - Train Pass,-32.63,CA
61519,5/16/2014,Restaurant - Steakhouse,-94.86,CA
61519,5/16/2014,Public Transportation - Train Pass,-3.14,CA
61519,5/16/2014,Athletic Apparel,-11.65,CA
61519,5/17/2014,Uber,-37.59,CA
61519,5/17/2014,Total Gym Fees,-11.79,CA
61519,5/17/2014,Total Gym Fees,-26.05,CA
61519,5/17/2014,Taxi,-1.55,CA
61519,5/17/2014,Public Transportation - Train Pass,-34.26,CA
61519,5/18/2014,Taxi,-24.47,CA
61519,5/18/2014,Vitamin Shoppe,-0.58,CA
61519,5/18/2014,GNC,-99.02,CA
61519,5/18/2014,Time Warne Cable - Late Payment Fee,-33.18,CA
61519,5/19/2014,Restaurant - Chinese,-21.25,CA
61519,5/19/2014,Public Transportation - Bus Pass,-14.1,CA
61519,5/20/2014,NFL Ticket - Chargers,-3.11,CA
61519,5/21/2014,Sam's Sporting Apparel,-32.78,CA
61519,5/21/2014,Total Gym Fees,-27.71,CA
61519,5/21/2014,Lyft,-20.27,CA
61519,5/22/2014,Athletic Apparel,-6.55,CA
61519,5/22/2014,Public Transportation - Bus Pass,-29.58,CA
61519,5/22/2014,GNC,-15.5,CA
61519,5/22/2014,Public Transportation - Train Pass,-29.46,CA
61519,5/22/2014,Dick's Sporting Goods,-38.74,CA
61519,5/22/2014,NFL Ticket - Chargers,-25.33,CA
61519,5/22/2014,Amazon Order - Athletic Equipment,-7.1,CA
61519,5/23/2014,Uber,-14.25,CA
61519,5/23/2014,Housing Rent - Late Fee,-45.49,CA
61519,5/24/2014,Credit Card Overdraft Fee,-9.33,CA
61519,5/25/2014,Public Transportation - Train Pass,-7.41,CA
61519,5/25/2014,Bike Rental,-22.66,CA
61519,5/25/2014,NFL Ticket - Chargers,-91.18,CA
61519,5/25/2014,Total Gym Fees,-25.71,CA
61519,5/25/2014,Lyft,-32.68,CA
61519,5/26/2014,Amazon Order - Athletic Equipment,-75.59,CA
61519,5/26/2014,Lyft,-28.55,CA
61519,5/27/2014,Whole Foods,-30.2,CA
61519,5/27/2014,Public Transportation - Bus Pass,-32.03,CA
61519,5/27/2014,Public Transportation - Train Pass,-13.64,CA
61519,5/28/2014,NFL Ticket - Chargers,-102.92,CA
61519,5/28/2014,Sam's Sporting Apparel,-6.86,CA
61519,5/28/2014,Athletic Apparel,-59.91,CA
61519,5/28/2014,Food Delivery - GrubHub,-85.73,CA
61519,5/29/2014,Sam's Sporting Apparel,-36.13,CA
61519,5/30/2014,NFL Ticket - Chargers,-25.9,CA
61519,5/30/2014,Time Warne Cable - Late Payment Fee,-51.98,CA
61519,5/30/2014,Bike Rental,-14.89,CA
61519,5/30/2014,Amazon Order - Athletic Equipment,-14.82,CA
61519,6/2/2014,Paycheck,2867,CA
61519,6/2/2014,Housing Rent,-944,CA
61519,6/2/2014,Water & Sewer,-53,CA
61519,6/2/2014,Gas & Electric,-32,CA
61519,6/2/2014,Credit Card Overdraft Fee,-16.06,CA
61519,6/2/2014,Lyft,-21.66,CA
61519,6/3/2014,Von's Groceries,-12.28,CA
61519,6/3/2014,Starbucks Coffee,-8.73,CA
61519,6/3/2014,Total Gym Fees,-16.37,CA
61519,6/4/2014,Total Gym Fees,-5.05,CA
61519,6/4/2014,NFL Ticket - Chargers,-16.24,CA
61519,6/4/2014,Credit Card Overdraft Fee,-30.61,CA
61519,6/4/2014,Amazon Order - Athletic Equipment,-14.92,CA
61519,6/4/2014,Total Gym Fees,-58.26,CA
61519,6/4/2014,Sam's Sporting Apparel,-14.37,CA
61519,6/4/2014,Total Gym Fees,-31.8,CA
61519,6/4/2014,Athletic Apparel,-114.93,CA
61519,6/5/2014,Time Warne Cable - Late Payment Fee,-13.91,CA
61519,6/5/2014,Restaurant - Steakhouse,-35.5,CA
61519,6/5/2014,Dick's Sporting Goods,-88.5,CA
61519,6/5/2014,NBA Ticket - Lakers,-5.75,CA
61519,6/6/2014,Public Transportation - Bus Pass,-45.42,CA
61519,6/7/2014,Total Gym Fees,-5.57,CA
61519,6/7/2014,Restaurant - Steakhouse,-20.22,CA
61519,6/7/2014,Restaurant - Steakhouse,-28.35,CA
61519,6/8/2014,Athletic Apparel,-53.89,CA
61519,6/9/2014,Lyft,-4.71,CA
61519,6/9/2014,Sam's Sporting Apparel,-8.37,CA
61519,6/9/2014,Vitamin Shoppe,-7.42,CA
61519,6/9/2014,Athletic Apparel,-7.41,CA
61519,6/9/2014,Public Transportation - Bus Pass,-31.88,CA
61519,6/9/2014,Lyft,-19.13,CA
61519,6/9/2014,Uber,-9.95,CA
61519,6/9/2014,Whole Foods,-25.57,CA
61519,6/9/2014,Food Delivery - GrubHub,-1.7,CA
61519,6/9/2014,Bike Rental,-19.73,CA
61519,6/10/2014,NBA Ticket - Lakers,-13.77,CA
61519,6/10/2014,NFL Ticket - Chargers,-30.95,CA
61519,6/11/2014,Public Transportation - Train Pass,-30.1,CA
61519,6/11/2014,Restaurant - Steakhouse,-51.5,CA
61519,6/11/2014,Bike Rental,-7.93,CA
61519,6/11/2014,Restaurant - Chinese,-15.21,CA
61519,6/11/2014,Sam's Sporting Apparel,-0.01,CA
61519,6/12/2014,NFL Ticket - Chargers,-26.51,CA
61519,6/12/2014,Total Gym Fees,-45.64,CA
61519,6/12/2014,Athletic Apparel,-33.57,CA
61519,6/12/2014,Vitamin Shoppe,-103.78,CA
61519,6/13/2014,NBA Ticket - Lakers,-33.35,CA
61519,6/13/2014,Dick's Sporting Goods,-33.74,CA
61519,6/14/2014,Restaurant - Chinese,-31.14,CA
61519,6/15/2014,GNC,-57.84,CA
61519,6/16/2014,Dick's Sporting Goods,-12.21,CA
61519,6/17/2014,Athletic Apparel,-3.35,CA
61519,6/18/2014,Restaurant - Chinese,-38.24,CA
61519,6/18/2014,Total Gym Fees,-14.7,CA
61519,6/18/2014,Amazon Order - Athletic Equipment,-44.71,CA
61519,6/18/2014,Restaurant - Chinese,-0.97,CA
61519,6/18/2014,NFL Ticket - Chargers,-11.14,CA
61519,6/18/2014,Lyft,-13.02,CA
61519,6/18/2014,Restaurant - Steakhouse,-82.57,CA
61519,6/19/2014,Public Transportation - Train Pass,-13.48,CA
61519,6/19/2014,Amazon Order - Athletic Equipment,-29.84,CA
61519,6/19/2014,Public Transportation - Bus Pass,-20.91,CA
61519,6/20/2014,Food Delivery - GrubHub,-12.94,CA
61519,6/20/2014,Lyft,-23.22,CA
61519,6/20/2014,Restaurant - Steakhouse,-3.55,CA
61519,6/20/2014,Time Warne Cable - Late Payment Fee,-28.65,CA
61519,6/20/2014,Athletic Apparel,-23.58,CA
61519,6/20/2014,Sam's Sporting Apparel,-9.57,CA
61519,6/21/2014,Athletic Apparel,-13.6,CA
61519,6/21/2014,NFL Ticket - Chargers,-22.38,CA
61519,6/21/2014,Starbucks Coffee,-7.29,CA
61519,6/21/2014,Sam's Sporting Apparel,-37.49,CA
61519,6/22/2014,Credit Card Overdraft Fee,-68.01,CA
61519,6/23/2014,Sam's Sporting Apparel,-8.75,CA
61519,6/23/2014,NBA Ticket - Lakers,-31.5,CA
61519,6/24/2014,Bike Rental,-1.53,CA
61519,6/24/2014,Dick's Sporting Goods,-14.92,CA
61519,6/25/2014,Amazon Order - Athletic Equipment,-119.14,CA
61519,6/25/2014,Total Gym Fees,-3.33,CA
61519,6/25/2014,Lyft,-33.39,CA
61519,6/25/2014,Lyft,-28.88,CA
61519,6/26/2014,Public Transportation - Train Pass,-11.15,CA
61519,6/26/2014,GNC,-33.56,CA
61519,6/26/2014,Sam's Sporting Apparel,-30.73,CA
61519,6/27/2014,NBA Ticket - Lakers,-76.98,CA
61519,6/27/2014,Bike Rental,-27.03,CA
61519,6/27/2014,Public Transportation - Train Pass,-4.97,CA
61519,6/28/2014,Vitamin Shoppe,-31.74,CA
61519,6/28/2014,Restaurant - Steakhouse,-2.63,CA
61519,6/28/2014,Restaurant - Pizza,-7.37,CA
61519,6/29/2014,Vitamin Shoppe,-31.12,CA
61519,6/29/2014,NFL Ticket - Chargers,-14.05,CA
61519,6/29/2014,Amazon Order - Athletic Equipment,-31.19,CA
61519,6/29/2014,Athletic Apparel,-29.93,CA
61519,6/30/2014,Taxi,-68.24,CA
61519,7/2/2014,Paycheck,2867,CA
61519,7/2/2014,Housing Rent,-836,CA
61519,7/2/2014,Water & Sewer,-53,CA
61519,7/2/2014,Gas & Electric,-32,CA
61519,7/2/2014,Food Delivery - GrubHub,-13.32,CA
61519,7/2/2014,Water & Sewer - Late Payment Penalty,-8.2,CA
61519,7/2/2014,Public Transportation - Train Pass,-71.86,CA
61519,7/2/2014,GNC,-20.04,CA
61519,7/2/2014,Athletic Apparel,-72.51,CA
61519,7/2/2014,Vitamin Shoppe,-28.07,CA
61519,7/3/2014,Taxi,-8.05,CA
61519,7/3/2014,Restaurant - Burgers,-14.84,CA
61519,7/3/2014,Starbucks Coffee,-5.39,CA
61519,7/3/2014,Public Transportation - Train Pass,-118.64,CA
61519,7/3/2014,NBA Ticket - Lakers,-18.13,CA
61519,7/3/2014,Athletic Apparel,-28.78,CA
61519,7/4/2014,Lyft,-16.73,CA
61519,7/4/2014,Credit Card Overdraft Fee,-9.61,CA
61519,7/4/2014,NBA Ticket - Lakers,-19.53,CA
61519,7/4/2014,Restaurant - Steakhouse,-17.15,CA
61519,7/4/2014,Taxi,-24.97,CA
61519,7/5/2014,NBA Ticket - Lakers,-32.74,CA
61519,7/5/2014,Lyft,-7.75,CA
61519,7/6/2014,Vitamin Shoppe,-33.64,CA
61519,7/6/2014,Whole Foods,-15.82,CA
61519,7/6/2014,GNC,-40.69,CA
61519,7/6/2014,Vitamin Shoppe,-24.21,CA
61519,7/6/2014,Sam's Sporting Apparel,-34.61,CA
61519,7/6/2014,Dick's Sporting Goods,-34.3,CA
61519,7/7/2014,NFL Ticket - Chargers,-18.68,CA
61519,7/7/2014,NBA Ticket - Lakers,-17.49,CA
61519,7/7/2014,Athletic Apparel,-23.73,CA
61519,7/7/2014,Whole Foods,-26.61,CA
61519,7/7/2014,Public Transportation - Bus Pass,-47.2,CA
61519,7/7/2014,Sam's Sporting Apparel,-11.02,CA
61519,7/7/2014,Public Transportation - Bus Pass,-33.77,CA
61519,7/7/2014,GNC,-23.3,CA
61519,7/8/2014,Restaurant - Pizza,-3.92,CA
61519,7/9/2014,Vitamin Shoppe,-2.69,CA
61519,7/9/2014,NBA Ticket - Lakers,-9.89,CA
61519,7/10/2014,Amazon Order - Athletic Equipment,-53.54,CA
61519,7/10/2014,Ralph's Grocery Store,-7.88,CA
61519,7/11/2014,Restaurant - Chinese,-3.12,CA
61519,7/11/2014,Starbucks Coffee,-12.71,CA
61519,7/11/2014,Time Warne Cable - Late Payment Fee,-19.53,CA
61519,7/12/2014,NFL Ticket - Chargers,-66.05,CA
61519,7/13/2014,Sam's Sporting Apparel,-5.3,CA
61519,7/14/2014,NFL Ticket - Chargers,-1.38,CA
61519,7/14/2014,Dick's Sporting Goods,-7.05,CA
61519,7/14/2014,Total Gym Fees,-12.21,CA
61519,7/14/2014,NFL Ticket - Chargers,-5.54,CA
61519,7/15/2014,NFL Ticket - Chargers,-11.47,CA
61519,7/16/2014,Ralph's Grocery Store,-49.68,CA
61519,7/16/2014,Ralph's Grocery Store,-21.92,CA
61519,7/16/2014,Restaurant - Steakhouse,-16.51,CA
61519,7/16/2014,Restaurant - Pizza,-98,CA
61519,7/16/2014,Lyft,-28.57,CA
61519,7/16/2014,Vitamin Shoppe,-4.53,CA
61519,7/16/2014,Taxi,-16.82,CA
61519,7/16/2014,Total Gym Fees,-6.4,CA
61519,7/16/2014,Von's Groceries,-2.76,CA
61519,7/16/2014,Food Delivery - GrubHub,-12.95,CA
61519,7/16/2014,Dick's Sporting Goods,-56.97,CA
61519,7/16/2014,Lyft,-22.81,CA
61519,7/17/2014,Total Gym Fees,-79.84,CA
61519,7/18/2014,Bike Rental,-25.6,CA
61519,7/18/2014,NFL Ticket - Chargers,-25.57,CA
61519,7/18/2014,Taxi,-29.67,CA
61519,7/19/2014,Restaurant - Pizza,-10.27,CA
61519,7/19/2014,NFL Ticket - Chargers,-11.95,CA
61519,7/19/2014,NBA Ticket - Lakers,-20.53,CA
61519,7/20/2014,Restaurant - Pizza,-14.21,CA
61519,7/21/2014,Housing Rent - Late Fee,-5.02,CA
61519,7/21/2014,GNC,-19.17,CA
61519,7/22/2014,Athletic Apparel,-5.24,CA
61519,7/23/2014,Whole Foods,-2.73,CA
61519,7/23/2014,Uber,-30.82,CA
61519,7/24/2014,GNC,-21.35,CA
61519,7/24/2014,Dick's Sporting Goods,-14.39,CA
61519,7/25/2014,Vitamin Shoppe,-12.69,CA
61519,7/25/2014,Taxi,-20.16,CA
61519,7/25/2014,Bike Rental,-11.25,CA
61519,7/25/2014,Athletic Apparel,-33.74,CA
61519,7/25/2014,Sam's Sporting Apparel,-34.15,CA
61519,7/25/2014,Vitamin Shoppe,-43.5,CA
61519,7/25/2014,Food Delivery - GrubHub,-12.89,CA
61519,7/25/2014,GNC,-39.69,CA
61519,7/26/2014,Restaurant - Burgers,-20.59,CA
61519,7/26/2014,Amazon Order - Athletic Equipment,-118.42,CA
61519,7/26/2014,Vitamin Shoppe,-5.57,CA
61519,7/26/2014,Athletic Apparel,-103.62,CA
61519,7/26/2014,Total Gym Fees,-20.2,CA
61519,7/27/2014,Bike Rental,-51.22,CA
61519,7/27/2014,NBA Ticket - Lakers,-15.2,CA
61519,7/27/2014,Restaurant - Chinese,-111.83,CA
61519,7/27/2014,Bike Rental,-73.4,CA
61519,7/27/2014,NFL Ticket - Chargers,-77.53,CA
61519,7/27/2014,Public Transportation - Bus Pass,-86.46,CA
61519,7/28/2014,GNC,-32.39,CA
61519,7/29/2014,Athletic Apparel,-5.87,CA
61519,7/30/2014,NBA Ticket - Lakers,-27.11,CA
61519,7/30/2014,Total Gym Fees,-37.75,CA
61519,8/2/2014,Paycheck,2867,CA
61519,8/2/2014,Housing Rent,-1329,CA
61519,8/2/2014,Water & Sewer,-53,CA
61519,8/2/2014,Gas & Electric,-32,CA
61519,8/2/2014,NFL Ticket - Chargers,-21.14,CA
61519,8/2/2014,Time Warne Cable - Late Payment Fee,-15.06,CA
61519,8/3/2014,Athletic Apparel,-11.26,CA
61519,8/3/2014,Total Gym Fees,-59.52,CA
61519,8/3/2014,Vitamin Shoppe,-25.89,CA
61519,8/3/2014,GNC,-104.73,CA
61519,8/3/2014,GNC,-0.58,CA
61519,8/3/2014,Taxi,-20.12,CA
61519,8/4/2014,Von's Groceries,-31.79,CA
61519,8/4/2014,Dick's Sporting Goods,-10.85,CA
61519,8/4/2014,Bike Rental,-81.1,CA
61519,8/4/2014,Athletic Apparel,-32.6,CA
61519,8/4/2014,NBA Ticket - Lakers,-4.92,CA
61519,8/4/2014,NFL Ticket - Chargers,-19.99,CA
61519,8/4/2014,GNC,-25.45,CA
61519,8/5/2014,NBA Ticket - Lakers,-97.46,CA
61519,8/5/2014,Dick's Sporting Goods,-1.94,CA
61519,8/6/2014,Public Transportation - Bus Pass,-5.52,CA
61519,8/6/2014,GNC,-14.68,CA
61519,8/6/2014,Bike Rental,-9.68,CA
61519,8/6/2014,Vitamin Shoppe,-10.72,CA
61519,8/6/2014,Bike Rental,-39.96,CA
61519,8/6/2014,Von's Groceries,-19.75,CA
61519,8/7/2014,Credit Card Overdraft Fee,-17.69,CA
61519,8/7/2014,Credit Card Overdraft Fee,-22.8,CA
61519,8/8/2014,GNC,-27.24,CA
61519,8/8/2014,NBA Ticket - Lakers,-31.06,CA
61519,8/8/2014,Starbucks Coffee,-34.99,CA
61519,8/8/2014,Lyft,-21.89,CA
61519,8/8/2014,Total Gym Fees,-17.06,CA
61519,8/8/2014,Dick's Sporting Goods,-57.79,CA
61519,8/8/2014,NFL Ticket - Chargers,-19.13,CA
61519,8/9/2014,Public Transportation - Bus Pass,-29.89,CA
61519,8/9/2014,Sprouts Market,-17.44,CA
61519,8/9/2014,Sam's Sporting Apparel,-87.35,CA
61519,8/9/2014,Taxi,-30.71,CA
61519,8/9/2014,Restaurant - Pizza,-9.95,CA
61519,8/9/2014,NBA Ticket - Lakers,-27.58,CA
61519,8/10/2014,Starbucks Coffee,-1.57,CA
61519,8/11/2014,NFL Ticket - Chargers,-7.46,CA
61519,8/11/2014,Total Gym Fees,-75.77,CA
61519,8/11/2014,Lyft,-22.86,CA
61519,8/11/2014,Taxi,-25.69,CA
61519,8/11/2014,Amazon Order - Athletic Equipment,-27.38,CA
61519,8/12/2014,Public Transportation - Train Pass,-26.19,CA
61519,8/12/2014,Sam's Sporting Apparel,-107.5,CA
61519,8/12/2014,GNC,-36.89,CA
61519,8/12/2014,Athletic Apparel,-11.76,CA
61519,8/13/2014,Vitamin Shoppe,-15.57,CA
61519,8/13/2014,Uber,-31.53,CA
61519,8/14/2014,Ralph's Grocery Store,-0.54,CA
61519,8/14/2014,Vitamin Shoppe,-71.67,CA
61519,8/14/2014,Taxi,-1.97,CA
61519,8/15/2014,Public Transportation - Bus Pass,-22.15,CA
61519,8/16/2014,Public Transportation - Train Pass,-92.15,CA
61519,8/16/2014,Restaurant - Burgers,-0.68,CA
61519,8/17/2014,Credit Card Overdraft Fee,-12.92,CA
61519,8/18/2014,NFL Ticket - Chargers,-1.91,CA
61519,8/19/2014,Public Transportation - Bus Pass,-19,CA
61519,8/20/2014,Sam's Sporting Apparel,-37.06,CA
61519,8/21/2014,GNC,-2.97,CA
61519,8/21/2014,Vitamin Shoppe,-75.11,CA
61519,8/21/2014,Public Transportation - Bus Pass,-112.31,CA
61519,8/22/2014,NBA Ticket - Lakers,-32.7,CA
61519,8/22/2014,Athletic Apparel,-12.35,CA
61519,8/22/2014,Restaurant - Pizza,-3.74,CA
61519,8/23/2014,Sam's Sporting Apparel,-0.86,CA
61519,8/23/2014,Sprouts Market,-12.21,CA
61519,8/23/2014,Sam's Sporting Apparel,-90.88,CA
61519,8/23/2014,Dick's Sporting Goods,-31.05,CA
61519,8/23/2014,Taxi,-8.43,CA
61519,8/23/2014,Lyft,-90.42,CA
61519,8/23/2014,NBA Ticket - Lakers,-21.24,CA
61519,8/23/2014,Uber,-18.45,CA
61519,8/23/2014,Lyft,-46.24,CA
61519,8/23/2014,Public Transportation - Train Pass,-90.04,CA
61519,8/24/2014,Bike Rental,-12.72,CA
61519,8/25/2014,NBA Ticket - Lakers,-38.34,CA
61519,8/26/2014,Sprouts Market,-35.8,CA
61519,8/27/2014,NFL Ticket - Chargers,-90.88,CA
61519,8/28/2014,GNC,-23.41,CA
61519,8/28/2014,NFL Ticket - Chargers,-16.47,CA
61519,8/28/2014,Restaurant - Steakhouse,-34.49,CA
61519,8/28/2014,Vitamin Shoppe,-29.56,CA
61519,8/28/2014,Sam's Sporting Apparel,-7.32,CA
61519,8/28/2014,Lyft,-71.18,CA
61519,8/28/2014,Water & Sewer - Late Payment Penalty,-2.82,CA
61519,8/28/2014,Athletic Apparel,-5.17,CA
61519,8/29/2014,Restaurant - Pizza,-67.93,CA
61519,8/29/2014,Athletic Apparel,-93.21,CA
61519,8/30/2014,Von's Groceries,-10.44,CA
61519,8/30/2014,Bank Fee - Negative Balance,-33.34,CA
61519,8/30/2014,Lyft,-29.1,CA
61519,8/30/2014,Sam's Sporting Apparel,-18.99,CA
61519,8/30/2014,Total Gym Fees,-28.64,CA
61519,9/2/2014,Paycheck,2867,CA
61519,9/2/2014,Housing Rent,-1316,CA
61519,9/2/2014,Water & Sewer,-53,CA
61519,9/2/2014,Gas & Electric,-32,CA
61519,9/2/2014,Athletic Apparel,-10.32,CA
61519,9/2/2014,Whole Foods,-0.55,CA
61519,9/3/2014,Bike Rental,-0.6,CA
61519,9/3/2014,Food Delivery - GrubHub,-11.5,CA
61519,9/3/2014,Sprouts Market,-25.61,CA
61519,9/3/2014,GNC,-38.53,CA
61519,9/3/2014,Taxi,-15.45,CA
61519,9/3/2014,Dick's Sporting Goods,-24.4,CA
61519,9/3/2014,NBA Ticket - Lakers,-43.3,CA
61519,9/3/2014,Restaurant - Pizza,-23.41,CA
61519,9/3/2014,Von's Groceries,-21.06,CA
61519,9/3/2014,Amazon Order - Athletic Equipment,-19.03,CA
61519,9/4/2014,Sam's Sporting Apparel,-0.01,CA
61519,9/4/2014,Restaurant - Chinese,-0.11,CA
61519,9/5/2014,Bike Rental,-106.32,CA
61519,9/5/2014,Total Gym Fees,-18.33,CA
61519,9/5/2014,Amazon Order - Athletic Equipment,-13.82,CA
61519,9/5/2014,Dick's Sporting Goods,-3,CA
61519,9/5/2014,Public Transportation - Bus Pass,-16.25,CA
61519,9/6/2014,Dick's Sporting Goods,-25.25,CA
61519,9/6/2014,NBA Ticket - Lakers,-5.43,CA
61519,9/6/2014,Lyft,-80.4,CA
61519,9/7/2014,Sprouts Market,-78.22,CA
61519,9/8/2014,Restaurant - Chinese,-22.31,CA
61519,9/9/2014,Housing Rent - Late Fee,-18.38,CA
61519,9/9/2014,Housing Rent - Late Fee,-28.41,CA
61519,9/9/2014,Bank Fee - Negative Balance,-31.61,CA
61519,9/9/2014,Food Delivery - GrubHub,-37.82,CA
61519,9/9/2014,NBA Ticket - Lakers,-19.41,CA
61519,9/9/2014,Restaurant - Chinese,-28.35,CA
61519,9/10/2014,NFL Ticket - Chargers,-46.85,CA
61519,9/10/2014,NFL Ticket - Chargers,-73.57,CA
61519,9/10/2014,Bank Fee - Negative Balance,-7.81,CA
61519,9/10/2014,Public Transportation - Bus Pass,-35.48,CA
61519,9/11/2014,Uber,-98.85,CA
61519,9/12/2014,Ralph's Grocery Store,-73.57,CA
61519,9/12/2014,Taxi,-12.86,CA
61519,9/12/2014,NBA Ticket - Lakers,-30.34,CA
61519,9/13/2014,Water & Sewer - Late Payment Penalty,-42.4,CA
61519,9/13/2014,NFL Ticket - Chargers,-39.18,CA
61519,9/13/2014,Public Transportation - Bus Pass,-72.92,CA
61519,9/14/2014,NBA Ticket - Lakers,-10.08,CA
61519,9/14/2014,Bike Rental,-17.47,CA
61519,9/14/2014,Lyft,-14.48,CA
61519,9/14/2014,Dick's Sporting Goods,-4.68,CA
61519,9/14/2014,Restaurant - Burgers,-32.34,CA
61519,9/14/2014,Athletic Apparel,-13.39,CA
61519,9/14/2014,Lyft,-84.27,CA
61519,9/14/2014,Vitamin Shoppe,-14.41,CA
61519,9/15/2014,Bike Rental,-8.53,CA
61519,9/15/2014,Restaurant - Steakhouse,-13.97,CA
61519,9/15/2014,Amazon Order - Athletic Equipment,-0.44,CA
61519,9/15/2014,Sam's Sporting Apparel,-5.29,CA
61519,9/15/2014,Athletic Apparel,-3.15,CA
61519,9/15/2014,Credit Card Overdraft Fee,-5.5,CA
61519,9/15/2014,GNC,-0.05,CA
61519,9/15/2014,Restaurant - Chinese,-8.26,CA
61519,9/15/2014,NFL Ticket - Chargers,-3.34,CA
61519,9/15/2014,Vitamin Shoppe,-35.83,CA
61519,9/15/2014,NFL Ticket - Chargers,-17.17,CA
61519,9/15/2014,Lyft,-17.69,CA
61519,9/15/2014,Vitamin Shoppe,-44.37,CA
61519,9/15/2014,Amazon Order - Athletic Equipment,-30.99,CA
61519,9/15/2014,GNC,-25.18,CA
61519,9/15/2014,Sam's Sporting Apparel,-19.06,CA
61519,9/16/2014,Uber,-15.69,CA
61519,9/16/2014,NBA Ticket - Lakers,-24.05,CA
61519,9/16/2014,NFL Ticket - Chargers,-13.32,CA
61519,9/17/2014,NBA Ticket - Lakers,-37.45,CA
61519,9/17/2014,Amazon Order - Athletic Equipment,-22.04,CA
61519,9/17/2014,Sam's Sporting Apparel,-55.22,CA
61519,9/17/2014,Taxi,-45.42,CA
61519,9/18/2014,Sprouts Market,-17.4,CA
61519,9/18/2014,Sam's Sporting Apparel,-31.79,CA
61519,9/18/2014,NFL Ticket - Chargers,-116.75,CA
61519,9/18/2014,Housing Rent - Late Fee,-71.07,CA
61519,9/19/2014,GNC,-0.22,CA
61519,9/19/2014,NBA Ticket - Lakers,-86.13,CA
61519,9/19/2014,Bike Rental,-39.65,CA
61519,9/20/2014,Athletic Apparel,-21.19,CA
61519,9/20/2014,Athletic Apparel,-24.33,CA
61519,9/20/2014,Dick's Sporting Goods,-20.89,CA
61519,9/20/2014,Restaurant - Chinese,-16.86,CA
61519,9/20/2014,Dick's Sporting Goods,-29.43,CA
61519,9/20/2014,Restaurant - Burgers,-34.01,CA
61519,9/21/2014,Athletic Apparel,-118,CA
61519,9/21/2014,Uber,-26.32,CA
61519,9/21/2014,Public Transportation - Train Pass,-19.28,CA
61519,9/22/2014,NBA Ticket - Lakers,-75.37,CA
61519,9/22/2014,Public Transportation - Bus Pass,-33.2,CA
61519,9/22/2014,Restaurant - Pizza,-26.98,CA
61519,9/22/2014,NFL Ticket - Chargers,-1.95,CA
61519,9/22/2014,Sam's Sporting Apparel,-36.94,CA
61519,9/23/2014,Vitamin Shoppe,-30.5,CA
61519,9/23/2014,Total Gym Fees,-12.81,CA
61519,9/23/2014,Starbucks Coffee,-34.93,CA
61519,9/23/2014,NFL Ticket - Chargers,-34.7,CA
61519,9/23/2014,NFL Ticket - Chargers,-15.82,CA
61519,9/24/2014,Bike Rental,-36.43,CA
61519,9/24/2014,GNC,-26.59,CA
61519,9/25/2014,Bike Rental,-25.42,CA
61519,9/25/2014,GNC,-14.91,CA
61519,9/26/2014,Von's Groceries,-6.07,CA
61519,9/26/2014,Restaurant - Steakhouse,-23.1,CA
61519,9/26/2014,Bike Rental,-1.35,CA
61519,9/27/2014,Von's Groceries,-0.34,CA
61519,9/27/2014,Food Delivery - GrubHub,-15.64,CA
61519,9/28/2014,NBA Ticket - Lakers,-21.23,CA
61519,9/28/2014,Uber,-33.88,CA
61519,9/28/2014,Vitamin Shoppe,-38.72,CA
61519,9/28/2014,Bike Rental,-14.68,CA
61519,9/28/2014,Amazon Order - Athletic Equipment,-4.93,CA
61519,9/28/2014,Amazon Order - Baby Crib,-107.2,CA
61519,9/28/2014,Hospital - Prenatal Care,-10.4,CA
61519,9/28/2014,Babies "R" Us,-0.61,CA
61519,9/28/2014,BuyBuyBaby.com,-15.45,CA
61519,9/29/2014,Credit Card Overdraft Fee,-38.12,CA
61519,9/29/2014,Public Transportation - Bus Pass,-21.76,CA
61519,9/29/2014,Von's Groceries,-9.22,CA
61519,9/30/2014,GNC,-5.51,CA
61519,9/30/2014,Public Transportation - Bus Pass,-18.28,CA
61519,10/2/2014,Paycheck,2867,CA
61519,10/2/2014,Housing Rent,-855,CA
61519,10/2/2014,Water & Sewer,-53,CA
61519,10/2/2014,Gas & Electric,-32,CA
61519,10/2/2014,Vitamin Shoppe,-25.26,CA
61519,10/2/2014,Time Warne Cable - Late Payment Fee,-37.22,CA
61519,10/2/2014,Housing Rent - Late Fee,-5.33,CA
61519,10/3/2014,Uber,-32.31,CA
61519,10/3/2014,Uber,-25.89,CA
61519,10/3/2014,Lyft,-34.38,CA
61519,10/3/2014,Athletic Apparel,-30.32,CA
61519,10/3/2014,Total Gym Fees,-8.72,CA
61519,10/4/2014,Vitamin Shoppe,-1.44,CA
61519,10/5/2014,Starbucks Coffee,-27.34,CA
61519,10/5/2014,Bike Rental,-34.27,CA
61519,10/5/2014,Taxi,-20.9,CA
61519,10/5/2014,Lyft,-29.28,CA
61519,10/6/2014,Credit Card Overdraft Fee,-24.16,CA
61519,10/6/2014,Ralph's Grocery Store,-37.06,CA
61519,10/6/2014,Sam's Sporting Apparel,-40.98,CA
61519,10/6/2014,Credit Card Overdraft Fee,-35.11,CA
61519,10/6/2014,Taxi,-44.68,CA
61519,10/6/2014,Dick's Sporting Goods,-1.08,CA
61519,10/6/2014,Bike Rental,-39.99,CA
61519,10/7/2014,Credit Card Overdraft Fee,-89.8,CA
61519,10/7/2014,Time Warne Cable - Late Payment Fee,-16.83,CA
61519,10/7/2014,Dick's Sporting Goods,-14.26,CA
61519,10/7/2014,Restaurant - Pizza,-23.07,CA
61519,10/7/2014,Food Delivery - GrubHub,-5.77,CA
61519,10/7/2014,NBA Ticket - Lakers,-27.06,CA
61519,10/7/2014,Restaurant - Chinese,-105.44,CA
61519,10/7/2014,Taxi,-14.96,CA
61519,10/8/2014,Restaurant - Burgers,-16.01,CA
61519,10/9/2014,Dick's Sporting Goods,-17.86,CA
61519,10/9/2014,Restaurant - Steakhouse,-15.61,CA
61519,10/10/2014,Public Transportation - Train Pass,-6.86,CA
61519,10/11/2014,Lyft,-17.1,CA
61519,10/12/2014,Vitamin Shoppe,-3.97,CA
61519,10/13/2014,Vitamin Shoppe,-23.42,CA
61519,10/13/2014,Restaurant - Pizza,-15.33,CA
61519,10/13/2014,Athletic Apparel,-28.57,CA
61519,10/13/2014,GNC,-89,CA
61519,10/13/2014,Water & Sewer - Late Payment Penalty,-34.97,CA
61519,10/14/2014,NFL Ticket - Chargers,-30.88,CA
61519,10/14/2014,Athletic Apparel,-23.52,CA
61519,10/15/2014,Restaurant - Chinese,-39.36,CA
61519,10/15/2014,Lyft,-40.35,CA
61519,10/15/2014,Total Gym Fees,-13.24,CA
61519,10/16/2014,Vitamin Shoppe,-38.3,CA
61519,10/17/2014,Dick's Sporting Goods,-17.85,CA
61519,10/18/2014,NFL Ticket - Chargers,-3.77,CA
61519,10/18/2014,Athletic Apparel,-47.23,CA
61519,10/18/2014,Public Transportation - Train Pass,-116.02,CA
61519,10/18/2014,NBA Ticket - Lakers,-6.04,CA
61519,10/19/2014,Bike Rental,-36.36,CA
61519,10/19/2014,Restaurant - Pizza,-17.84,CA
61519,10/20/2014,Dick's Sporting Goods,-11.83,CA
61519,10/20/2014,Sam's Sporting Apparel,-2.45,CA
61519,10/21/2014,NFL Ticket - Chargers,-7.15,CA
61519,10/22/2014,Athletic Apparel,-23.06,CA
61519,10/22/2014,Public Transportation - Train Pass,-14.57,CA
61519,10/22/2014,Restaurant - Burgers,-16.32,CA
61519,10/23/2014,Dick's Sporting Goods,-3.32,CA
61519,10/23/2014,Amazon Order - Athletic Equipment,-19.95,CA
61519,10/23/2014,GNC,-25.34,CA
61519,10/24/2014,Whole Foods,-117.32,CA
61519,10/24/2014,Sam's Sporting Apparel,-48.78,CA
61519,10/25/2014,Uber,-36.87,CA
61519,10/25/2014,Taxi,-34.33,CA
61519,10/25/2014,Uber,-0.64,CA
61519,10/26/2014,Amazon Order - Athletic Equipment,-21.82,CA
61519,10/26/2014,Sam's Sporting Apparel,-9.43,CA
61519,10/26/2014,Vitamin Shoppe,-103.65,CA
61519,10/26/2014,Total Gym Fees,-31.76,CA
61519,10/27/2014,NBA Ticket - Lakers,-26.16,CA
61519,10/27/2014,Restaurant - Pizza,-75.1,CA
61519,10/27/2014,Lyft,-36.37,CA
61519,10/28/2014,NFL Ticket - Chargers,-0.96,CA
61519,10/28/2014,GNC,-33.61,CA
61519,10/28/2014,Vitamin Shoppe,-18.09,CA
61519,10/28/2014,Restaurant - Chinese,-21.64,CA
61519,10/28/2014,Restaurant - Steakhouse,-58.53,CA
61519,10/29/2014,Uber,-3.21,CA
61519,10/29/2014,Ralph's Grocery Store,-12.4,CA
61519,10/30/2014,Bike Rental,-18.98,CA
61519,10/30/2014,Restaurant - Pizza,-68.34,CA
61519,11/2/2014,Housing Rent,-768,CA
61519,11/2/2014,Water & Sewer,-53,CA
61519,11/2/2014,Gas & Electric,-32,CA
61519,11/2/2014,Total Gym Fees,-7.91,CA
61519,11/2/2014,Von's Groceries,-31.73,CA
61519,11/2/2014,GNC,-4.97,CA
61519,11/3/2014,Lyft,-1.74,CA
61519,11/3/2014,Lyft,-9.99,CA
61519,11/4/2014,NFL Ticket - Chargers,-32.35,CA
61519,11/4/2014,Dick's Sporting Goods,-26.23,CA
61519,11/4/2014,GNC,-32.26,CA
61519,11/4/2014,Sprouts Market,-33.67,CA
61519,11/4/2014,Water & Sewer - Late Payment Penalty,-36.24,CA
61519,11/4/2014,Restaurant - Steakhouse,-21.47,CA
61519,11/4/2014,Dick's Sporting Goods,-31.99,CA
61519,11/4/2014,Uber,-1.07,CA
61519,11/4/2014,Public Transportation - Train Pass,-3.94,CA
61519,11/4/2014,GNC,-3.12,CA
61519,11/4/2014,GNC,-21.82,CA
61519,11/4/2014,Bike Rental,-20.81,CA
61519,11/5/2014,NBA Ticket - Lakers,-37.57,CA
61519,11/5/2014,Restaurant - Chinese,-11.44,CA
61519,11/6/2014,Taxi,-11.11,CA
61519,11/7/2014,Sprouts Market,-15,CA
61519,11/7/2014,Total Gym Fees,-24.29,CA
61519,11/7/2014,Credit Card Overdraft Fee,-16.54,CA
61519,11/8/2014,Public Transportation - Train Pass,-26.5,CA
61519,11/8/2014,NBA Ticket - Lakers,-23.59,CA
61519,11/8/2014,Lyft,-56.52,CA
61519,11/9/2014,Bike Rental,-19.22,CA
61519,11/10/2014,Total Gym Fees,-71.95,CA
61519,11/11/2014,Public Transportation - Train Pass,-35.23,CA
61519,11/11/2014,NFL Ticket - Chargers,-93.68,CA
61519,11/12/2014,Sprouts Market,-60.23,CA
61519,11/13/2014,NFL Ticket - Chargers,-38.63,CA
61519,11/14/2014,Public Transportation - Train Pass,-15.55,CA
61519,11/15/2014,Time Warne Cable - Late Payment Fee,-35.6,CA
61519,11/15/2014,Bike Rental,-6.96,CA
61519,11/15/2014,GNC,-30.99,CA
61519,11/15/2014,NBA Ticket - Lakers,-33.06,CA
61519,11/15/2014,Restaurant - Steakhouse,-52.37,CA
61519,11/16/2014,NFL Ticket - Chargers,-103.55,CA
61519,11/17/2014,Sam's Sporting Apparel,-2.37,CA
61519,11/18/2014,NBA Ticket - Lakers,-22.22,CA
61519,11/18/2014,Bike Rental,-32.49,CA
61519,11/18/2014,Vitamin Shoppe,-52.88,CA
61519,11/18/2014,Vitamin Shoppe,-0.96,CA
61519,11/18/2014,Taxi,-35.13,CA
61519,11/18/2014,Public Transportation - Train Pass,-38.52,CA
61519,11/18/2014,Restaurant - Chinese,-5.2,CA
61519,11/18/2014,NFL Ticket - Chargers,-23.44,CA
61519,11/18/2014,Taxi,-22.55,CA
61519,11/19/2014,Lyft,-26.6,CA
61519,11/19/2014,Food Delivery - GrubHub,-36.7,CA
61519,11/20/2014,Restaurant - Steakhouse,-11.29,CA
61519,11/20/2014,Taxi,-3.96,CA
61519,11/20/2014,Restaurant - Pizza,-13.34,CA
61519,11/21/2014,NFL Ticket - Chargers,-87.55,CA
61519,11/22/2014,GNC,-13.31,CA
61519,11/22/2014,Ralph's Grocery Store,-4.35,CA
61519,11/23/2014,GNC,-0.71,CA
61519,11/23/2014,Von's Groceries,-16.06,CA
61519,11/23/2014,Public Transportation - Bus Pass,-1.13,CA
61519,11/24/2014,Restaurant - Steakhouse,-40.77,CA
61519,11/24/2014,Bike Rental,-37.4,CA
61519,11/24/2014,Whole Foods,-26.99,CA
61519,11/24/2014,Taxi,-30.89,CA
61519,11/24/2014,Restaurant - Pizza,-5.22,CA
61519,11/24/2014,Housing Rent - Late Fee,-2.38,CA
61519,11/25/2014,Bike Rental,-38.6,CA
61519,11/26/2014,Athletic Apparel,-10.5,CA
61519,11/27/2014,NBA Ticket - Lakers,-0.75,CA
61519,11/27/2014,Bike Rental,-29.66,CA
61519,11/27/2014,Bank Fee - Negative Balance,-35.5,CA
61519,11/27/2014,Sprouts Market,-30.56,CA
61519,11/28/2014,Vitamin Shoppe,-21.45,CA
61519,11/28/2014,Bike Rental,-113.13,CA
61519,11/28/2014,Amazon Order - Athletic Equipment,-13.31,CA
61519,11/28/2014,Athletic Apparel,-12.3,CA
61519,11/28/2014,Total Gym Fees,-35.85,CA
61519,11/28/2014,Public Transportation - Train Pass,-34.61,CA
61519,11/29/2014,Restaurant - Chinese,-5.11,CA
61519,11/30/2014,NFL Ticket - Chargers,-5.73,CA
61519,11/30/2014,Public Transportation - Bus Pass,-18.45,CA
61519,11/30/2014,Sam's Sporting Apparel,-9.3,CA
61519,11/30/2014,Bike Rental,-21.97,CA
61519,11/30/2014,NBA Ticket - Lakers,-3.83,CA
61519,11/30/2014,Vitamin Shoppe,-22.24,CA
61519,11/30/2014,Sam's Sporting Apparel,-39.48,CA
61519,11/30/2014,NBA Ticket - Lakers,-30.53,CA
61519,11/30/2014,Taxi,-17.9,CA
61519,12/2/2014,Housing Rent,-1310,CA
61519,12/2/2014,Water & Sewer,-53,CA
61519,12/2/2014,Gas & Electric,-32,CA
61519,12/2/2014,Athletic Apparel,-0.95,CA
61519,12/2/2014,Restaurant - Pizza,-12.36,CA
61519,12/3/2014,GNC,-100.17,CA
61519,12/3/2014,Restaurant - Burgers,-31.23,CA
61519,12/4/2014,Taxi,-62.31,CA
61519,12/4/2014,Bike Rental,-13.85,CA
61519,12/4/2014,Dick's Sporting Goods,-54.44,CA
61519,12/5/2014,Athletic Apparel,-1.87,CA
61519,12/5/2014,Credit Card Overdraft Fee,-99.63,CA
61519,12/6/2014,Total Gym Fees,-21.17,CA
61519,12/6/2014,Uber,-3.46,CA
61519,12/6/2014,Public Transportation - Train Pass,-15.58,CA
61519,12/6/2014,Bike Rental,-22.2,CA
61519,12/7/2014,Taxi,-8.75,CA
61519,12/7/2014,Vitamin Shoppe,-113.16,CA
61519,12/7/2014,Bike Rental,-11.81,CA
61519,12/7/2014,Sam's Sporting Apparel,-99.15,CA
61519,12/7/2014,GNC,-52.13,CA
61519,12/7/2014,Uber,-15.18,CA
61519,12/7/2014,Dick's Sporting Goods,-34.55,CA
61519,12/7/2014,NFL Ticket - Chargers,-16.59,CA
61519,12/8/2014,Vitamin Shoppe,-4.69,CA
61519,12/9/2014,Vitamin Shoppe,-36.84,CA
61519,12/9/2014,Von's Groceries,-31.99,CA
61519,12/9/2014,Starbucks Coffee,-90.23,CA
61519,12/10/2014,Sam's Sporting Apparel,-2.83,CA
61519,12/10/2014,Public Transportation - Bus Pass,-38.5,CA
61519,12/10/2014,Athletic Apparel,-31.67,CA
61519,12/10/2014,GNC,-30.15,CA
61519,12/10/2014,Vitamin Shoppe,-28.03,CA
61519,12/10/2014,NBA Ticket - Lakers,-12.18,CA
61519,12/10/2014,Food Delivery - GrubHub,-23.73,CA
61519,12/10/2014,Amazon Order - Athletic Equipment,-19.4,CA
61519,12/11/2014,Dick's Sporting Goods,-3.99,CA
61519,12/11/2014,Total Gym Fees,-33.44,CA
61519,12/11/2014,Starbucks Coffee,-27.6,CA
61519,12/12/2014,Total Gym Fees,-23.87,CA
61519,12/12/2014,Taxi,-22.09,CA
61519,12/13/2014,Water & Sewer - Late Payment Penalty,-4.49,CA
61519,12/13/2014,Lyft,-26.44,CA
61519,12/13/2014,Vitamin Shoppe,-32.05,CA
61519,12/13/2014,Dick's Sporting Goods,-14.42,CA
61519,12/14/2014,Dick's Sporting Goods,-16.13,CA
61519,12/14/2014,Starbucks Coffee,-25.62,CA
61519,12/14/2014,Amazon Order - Athletic Equipment,-32.63,CA
61519,12/14/2014,Bank Fee - Negative Balance,-5.19,CA
61519,12/14/2014,Restaurant - Pizza,-25.45,CA
61519,12/15/2014,NBA Ticket - Lakers,-10.67,CA
61519,12/16/2014,Taxi,-22.73,CA
61519,12/16/2014,GNC,-27.64,CA
61519,12/16/2014,Public Transportation - Bus Pass,-5.44,CA
61519,12/16/2014,Vitamin Shoppe,-4.05,CA
61519,12/16/2014,Credit Card Overdraft Fee,-7.14,CA
61519,12/17/2014,GNC,-114.79,CA
61519,12/17/2014,Public Transportation - Train Pass,-13.04,CA
61519,12/18/2014,Taxi,-36.42,CA
61519,12/18/2014,Public Transportation - Train Pass,-25.2,CA
61519,12/18/2014,Water & Sewer - Late Payment Penalty,-34.08,CA
61519,12/19/2014,Restaurant - Chinese,-11.97,CA
61519,12/19/2014,Vitamin Shoppe,-18.54,CA
61519,12/20/2014,NBA Ticket - Lakers,-14.19,CA
61519,12/20/2014,Food Delivery - GrubHub,-29.22,CA
61519,12/20/2014,Uber,-46.06,CA
61519,12/21/2014,NFL Ticket - Chargers,-30.75,CA
61519,12/21/2014,Public Transportation - Bus Pass,-37.64,CA
61519,12/21/2014,GNC,-10.59,CA
61519,12/21/2014,Uber,-14.64,CA
61519,12/21/2014,Time Warne Cable - Late Payment Fee,-12.6,CA
61519,12/22/2014,Ralph's Grocery Store,-34.88,CA
61519,12/23/2014,NFL Ticket - Chargers,-16.1,CA
61519,12/23/2014,Ralph's Grocery Store,-12.27,CA
61519,12/23/2014,GNC,-0.45,CA
61519,12/23/2014,Vitamin Shoppe,-116.43,CA
61519,12/23/2014,Amazon Order - Athletic Equipment,-21.97,CA
61519,12/23/2014,Dick's Sporting Goods,-24.45,CA
61519,12/23/2014,Amazon Order - Athletic Equipment,-12.27,CA
61519,12/24/2014,Starbucks Coffee,-35.21,CA
61519,12/24/2014,Vitamin Shoppe,-24.96,CA
61519,12/24/2014,Food Delivery - GrubHub,-9.09,CA
61519,12/24/2014,Restaurant - Pizza,-35.64,CA
61519,12/24/2014,Taxi,-5.88,CA
61519,12/24/2014,Starbucks Coffee,-13.78,CA
61519,12/24/2014,Uber,-13.27,CA
61519,12/24/2014,Dick's Sporting Goods,-91.31,CA
61519,12/25/2014,Lyft,-16.79,CA
61519,12/25/2014,Whole Foods,-103.89,CA
61519,12/25/2014,Restaurant - Pizza,-9.58,CA
61519,12/25/2014,Taxi,-83.15,CA
61519,12/26/2014,Public Transportation - Bus Pass,-30.2,CA
61519,12/26/2014,NBA Ticket - Lakers,-33.4,CA
61519,12/27/2014,NBA Ticket - Lakers,-3.65,CA
61519,12/27/2014,Amazon Order - Athletic Equipment,-12.79,CA
61519,12/27/2014,Bike Rental,-38.14,CA
61519,12/27/2014,Food Delivery - GrubHub,-34.12,CA
61519,12/27/2014,Sam's Sporting Apparel,-15.45,CA
61519,12/28/2014,Ralph's Grocery Store,-34.78,CA
61519,12/29/2014,Amazon Order - Athletic Equipment,-97.56,CA
61519,12/30/2014,Restaurant - Burgers,-24.74,CA
61519,12/30/2014,GNC,-79.98,CA
61519,12/32/2014,Starbucks Coffee,-39.45,CA
