auth_id, Date, Vendor, Amount, Location 
42059,1/2/2013,Painting Course Fees,-105.93,CA
42059,1/2/2013,Amazon Order - Paint Bushes,-113.74,CA
42059,1/2/2013,Art Auction,-21.54,CA
42059,1/2/2013,Art's Art Supplies,-48.43,CA
42059,1/2/2013,Music Lessons - Piano,-22.23,CA
42059,1/2/2013,Amazon Order - Paint Canvas,-97.6,CA
42059,1/2/2013,Michael's Crafts,-7.5,CA
42059,1/2/2013,Painting Course Fees,-10.75,CA
42059,1/2/2013,Public Transportation - Train Pass,-52.17,CA
42059,1/2/2013,Guitar Center,-23.63,CA
42059,1/2/2013,Lyft,-84.9,CA
42059,1/2/2013,Painting Course Fees,-23.84,CA
42059,1/2/2013,Michael's Crafts,-12.23,CA
42059,1/2/2013,Art Auction,-32.97,CA
42059,1/2/2013,Whole Foods,-22.01,CA
42059,1/2/2013,Art Auction,-98.66,CA
42059,1/2/2013,Food Delivery - GrubHub,-6.29,CA
42059,1/2/2013,Ashley's Craft Store,-22.5,CA
42059,1/3/2013,Guitar Center,-1.74,CA
42059,1/3/2013,Food Delivery - GrubHub,-13.02,CA
42059,1/3/2013,Amazon Order - Paint Canvas,-92.7,CA
42059,1/4/2013,Ashley's Craft Store,-76.33,CA
42059,1/4/2013,Art Auction,-7.69,CA
42059,1/4/2013,Art's Art Supplies,-1.1,CA
42059,1/4/2013,Guitar Center,-36.54,CA
42059,1/4/2013,Guitar Center,-28.84,CA
42059,1/4/2013,Amazon Order - Paint Canvas,-28.41,CA
42059,1/4/2013,Art's Art Supplies,-19.04,CA
42059,1/5/2013,Starbucks Coffee,-5.07,CA
42059,1/5/2013,Art Auction,-33.09,CA
42059,1/6/2013,Whole Foods,-18.39,CA
42059,1/6/2013,Guitar Center,-18.63,CA
42059,1/6/2013,Painting Course Fees,-91.81,CA
42059,1/7/2013,Ashley's Craft Store,-32.17,CA
42059,1/7/2013,Music Lessons - Piano,-18.84,CA
42059,1/7/2013,Ashley's Craft Store,-18.66,CA
42059,1/7/2013,Public Transportation - Bus Pass,-34.26,CA
42059,1/7/2013,Von's Groceries,-24.25,CA
42059,1/7/2013,Ashley's Craft Store,-14.23,CA
42059,1/7/2013,Starbucks Coffee,-110.62,CA
42059,1/7/2013,Ashley's Craft Store,-36.27,CA
42059,1/7/2013,Art Auction,-26.61,CA
42059,1/7/2013,Amazon Order - Paint Canvas,-36.57,CA
42059,1/7/2013,Restaurant - Steakhouse,-34.65,CA
42059,1/7/2013,Art Auction,-27.35,CA
42059,1/7/2013,Taxi,-31.11,CA
42059,1/7/2013,Amazon Order - Paint Canvas,-86.84,CA
42059,1/7/2013,Lyft,-28.01,CA
42059,1/7/2013,Art Auction,-25.79,CA
42059,1/8/2013,Restaurant - Pizza,-22.84,CA
42059,1/8/2013,Art's Art Supplies,-48.98,CA
42059,1/8/2013,Restaurant - Burgers,-80.33,CA
42059,1/9/2013,Amazon Order - Paint Bushes,-22.53,CA
42059,1/9/2013,Guitar Center,-94,CA
42059,1/9/2013,Public Transportation - Train Pass,-12.98,CA
42059,1/9/2013,Music Lessons - Piano,-27.03,CA
42059,1/10/2013,Ashley's Craft Store,-24.04,CA
42059,1/10/2013,Starbucks Coffee,-78.03,CA
42059,1/10/2013,Amazon Order - Paint Canvas,-12.09,CA
42059,1/10/2013,Guitar Center,-6.71,CA
42059,1/10/2013,Amazon Order - Paint Bushes,-79.87,CA
42059,1/10/2013,Painting Course Fees,-40.47,CA
42059,1/11/2013,Ashley's Craft Store,-15.2,CA
42059,1/11/2013,Taxi,-15.17,CA
42059,1/11/2013,Lyft,-14.39,CA
42059,1/11/2013,Whole Foods,-52.37,CA
42059,1/12/2013,Amazon Order - Paint Bushes,-15.56,CA
42059,1/12/2013,Uber,-30.6,CA
42059,1/13/2013,Restaurant - Burgers,-23.91,CA
42059,1/13/2013,Food Delivery - GrubHub,-18.91,CA
42059,1/13/2013,Food Delivery - GrubHub,-18.17,CA
42059,1/13/2013,Food Delivery - GrubHub,-71.39,CA
42059,1/13/2013,Restaurant - Pizza,-88.53,CA
42059,1/14/2013,Ashley's Craft Store,-100.29,CA
42059,1/15/2013,Amazon Order - Paint Canvas,-12.41,CA
42059,1/15/2013,Michael's Crafts,-9.68,CA
42059,1/15/2013,Lyft,-24,CA
42059,1/16/2013,Art Auction,-30.58,CA
42059,1/16/2013,Restaurant - Steakhouse,-36.73,CA
42059,1/17/2013,Music Lessons - Piano,-12.14,CA
42059,1/18/2013,Music Lessons - Piano,-27.35,CA
42059,1/19/2013,Starbucks Coffee,-14.06,CA
42059,1/19/2013,Painting Course Fees,-35.61,CA
42059,1/20/2013,Guitar Center,-8.53,CA
42059,1/20/2013,Public Transportation - Bus Pass,-11.29,CA
42059,1/21/2013,Sprouts Market,-113.17,CA
42059,1/21/2013,Public Transportation - Bus Pass,-54.83,CA
42059,1/21/2013,Taxi,-21.62,CA
42059,1/22/2013,Amazon Order - Paint Canvas,-61.13,CA
42059,1/23/2013,Uber,-25.8,CA
42059,1/23/2013,Michael's Crafts,-16.35,CA
42059,1/23/2013,Painting Course Fees,-95.01,CA
42059,1/23/2013,Restaurant - Steakhouse,-18.61,CA
42059,1/23/2013,Michael's Crafts,-66.07,CA
42059,1/24/2013,Taxi,-26.04,CA
42059,1/24/2013,Restaurant - Steakhouse,-39.27,CA
42059,1/24/2013,Art Auction,-37.37,CA
42059,1/25/2013,Music Lessons - Piano,-10.5,CA
42059,1/25/2013,Painting Course Fees,-28.06,CA
42059,1/26/2013,Amazon Order - Paint Bushes,-27.96,CA
42059,1/27/2013,Amazon Order - Paint Bushes,-34.34,CA
42059,1/28/2013,Music Lessons - Piano,-117.56,CA
42059,1/28/2013,Lyft,-3.55,CA
42059,1/28/2013,Michael's Crafts,-18.19,CA
42059,1/28/2013,Art Auction,-7.89,CA
42059,1/28/2013,Art's Art Supplies,-24.86,CA
42059,1/28/2013,Art Auction,-16.66,CA
42059,1/29/2013,Painting Course Fees,-2.49,CA
42059,1/30/2013,Michael's Crafts,-42.53,CA
42059,1/30/2013,Art's Art Supplies,-33.4,CA
42059,3/2/2013,Paycheck,2977,CA
42059,3/2/2013,Housing Rent,-1195,CA
42059,3/2/2013,Water & Sewer,-53,CA
42059,3/2/2013,Taxi,-17.56,CA
42059,3/2/2013,Restaurant - Burgers,-21.48,CA
42059,3/2/2013,Amazon Order - Paint Bushes,-111.02,CA
42059,3/2/2013,Amazon Order - Paint Canvas,-33.92,CA
42059,3/3/2013,Ashley's Craft Store,-0.17,CA
42059,3/3/2013,Michael's Crafts,-56.8,CA
42059,3/4/2013,Art Auction,-3.55,CA
42059,3/5/2013,Art's Art Supplies,-14.52,CA
42059,3/6/2013,Art Auction,-18.56,CA
42059,3/6/2013,Ashley's Craft Store,-11.96,CA
42059,3/6/2013,Michael's Crafts,-83.34,CA
42059,3/6/2013,Music Lessons - Piano,-5.41,CA
42059,3/6/2013,Art's Art Supplies,-34.77,CA
42059,3/6/2013,Restaurant - Pizza,-82.36,CA
42059,3/6/2013,Whole Foods,-11.69,CA
42059,3/6/2013,Uber,-24.91,CA
42059,3/7/2013,Amazon Order - Paint Canvas,-34.53,CA
42059,3/7/2013,Amazon Order - Paint Canvas,-4.8,CA
42059,3/8/2013,Lyft,-88.46,CA
42059,3/8/2013,Michael's Crafts,-2.55,CA
42059,3/8/2013,Guitar Center,-72.04,CA
42059,3/8/2013,Uber,-18.12,CA
42059,3/8/2013,Restaurant - Chinese,-37.78,CA
42059,3/8/2013,Michael's Crafts,-5.38,CA
42059,3/8/2013,Restaurant - Pizza,-26.57,CA
42059,3/8/2013,Art Auction,-16.5,CA
42059,3/8/2013,Ashley's Craft Store,-22.36,CA
42059,3/8/2013,Amazon Order - Paint Bushes,-30.96,CA
42059,3/8/2013,Michael's Crafts,-17.6,CA
42059,3/9/2013,Public Transportation - Bus Pass,-38.08,CA
42059,3/9/2013,Art's Art Supplies,-115.16,CA
42059,3/9/2013,Michael's Crafts,-32.18,CA
42059,3/10/2013,Public Transportation - Train Pass,-4.93,CA
42059,3/10/2013,Art's Art Supplies,-39.51,CA
42059,3/10/2013,Whole Foods,-73.33,CA
42059,3/10/2013,Restaurant - Pizza,-17.26,CA
42059,3/11/2013,Public Transportation - Train Pass,-23.82,CA
42059,3/12/2013,Ralph's Grocery Store,-20.52,CA
42059,3/12/2013,Art's Art Supplies,-19.62,CA
42059,3/12/2013,Public Transportation - Bus Pass,-15.38,CA
42059,3/12/2013,Taxi,-42.18,CA
42059,3/12/2013,Sprouts Market,-4.36,CA
42059,3/12/2013,Restaurant - Chinese,-36.05,CA
42059,3/13/2013,Painting Course Fees,-7.32,CA
42059,3/13/2013,Uber,-39.03,CA
42059,3/14/2013,Music Lessons - Piano,-39.3,CA
42059,3/14/2013,Amazon Order - Paint Bushes,-66.42,CA
42059,3/15/2013,Painting Course Fees,-39.17,CA
42059,3/15/2013,Amazon Order - Paint Canvas,-18.06,CA
42059,3/16/2013,Music Lessons - Piano,-75.26,CA
42059,3/17/2013,Music Lessons - Piano,-39.56,CA
42059,3/18/2013,Music Lessons - Piano,-31.29,CA
42059,3/18/2013,Guitar Center,-8.92,CA
42059,3/18/2013,Starbucks Coffee,-6.48,CA
42059,3/18/2013,Uber,-3.77,CA
42059,3/18/2013,Guitar Center,-22.85,CA
42059,3/18/2013,Art's Art Supplies,-28.88,CA
42059,3/18/2013,Restaurant - Burgers,-22.2,CA
42059,3/19/2013,Michael's Crafts,-10.38,CA
42059,3/19/2013,Public Transportation - Bus Pass,-25.58,CA
42059,3/19/2013,Lyft,-24.75,CA
42059,3/20/2013,Painting Course Fees,-0.77,CA
42059,3/21/2013,Restaurant - Chinese,-2.24,CA
42059,3/21/2013,Ashley's Craft Store,-37.91,CA
42059,3/21/2013,Michael's Crafts,-28.07,CA
42059,3/21/2013,Ralph's Grocery Store,-23.08,CA
42059,3/21/2013,Restaurant - Burgers,-16.82,CA
42059,3/21/2013,Guitar Center,-7.51,CA
42059,3/21/2013,Painting Course Fees,-31.29,CA
42059,3/22/2013,Art's Art Supplies,-10.44,CA
42059,3/22/2013,Food Delivery - GrubHub,-76.61,CA
42059,3/22/2013,Art Auction,-19.77,CA
42059,3/23/2013,Whole Foods,-21.51,CA
42059,3/24/2013,Restaurant - Burgers,-33.71,CA
42059,3/24/2013,Restaurant - Burgers,-4.17,CA
42059,3/24/2013,Michael's Crafts,-4,CA
42059,3/24/2013,Restaurant - Chinese,-20.79,CA
42059,3/25/2013,Michael's Crafts,-37.8,CA
42059,3/25/2013,Music Lessons - Piano,-22.78,CA
42059,3/26/2013,Public Transportation - Train Pass,-20.87,CA
42059,3/27/2013,Michael's Crafts,-36.12,CA
42059,3/27/2013,Taxi,-23.39,CA
42059,3/27/2013,Restaurant - Chinese,-84.43,CA
42059,3/27/2013,Taxi,-33.11,CA
42059,3/27/2013,Music Lessons - Piano,-16.6,CA
42059,3/27/2013,Music Lessons - Piano,-28.92,CA
42059,3/27/2013,Amazon Order - Paint Bushes,-0.61,CA
42059,3/27/2013,Michael's Crafts,-35.49,CA
42059,3/27/2013,Restaurant - Steakhouse,-20.6,CA
42059,3/28/2013,Art's Art Supplies,-16.4,CA
42059,3/28/2013,Sprouts Market,-33.63,CA
42059,3/29/2013,Restaurant - Burgers,-24.92,CA
42059,3/30/2013,Uber,-2.79,CA
42059,3/30/2013,Uber,-17.4,CA
42059,3/30/2013,Von's Groceries,-8.72,CA
42059,3/30/2013,Music Lessons - Piano,-27.05,CA
42059,4/2/2013,Paycheck,2977,CA
42059,4/2/2013,Housing Rent,-1043,CA
42059,4/2/2013,Water & Sewer,-53,CA
42059,4/2/2013,Restaurant - Chinese,-12.57,CA
42059,4/2/2013,Uber,-19.78,CA
42059,4/2/2013,Michael's Crafts,-29.19,CA
42059,4/2/2013,Painting Course Fees,-80.22,CA
42059,4/2/2013,Art Auction,-14.45,CA
42059,4/2/2013,Painting Course Fees,-15.75,CA
42059,4/2/2013,Amazon Order - Paint Bushes,-24.17,CA
42059,4/2/2013,Amazon Order - Paint Bushes,-63.08,CA
42059,4/2/2013,Ralph's Grocery Store,-10.42,CA
42059,4/3/2013,Guitar Center,-4.99,CA
42059,4/3/2013,Amazon Order - Paint Bushes,-18.23,CA
42059,4/4/2013,Ashley's Craft Store,-26.56,CA
42059,4/4/2013,Lyft,-27.48,CA
42059,4/4/2013,Amazon Order - Paint Canvas,-37.7,CA
42059,4/5/2013,Amazon Order - Paint Canvas,-39.6,CA
42059,4/5/2013,Amazon Order - Paint Canvas,-1.97,CA
42059,4/5/2013,Mark's Movers,-84,CA
42059,4/5/2013,FedEx Shipping,-4.08,CA
42059,4/5/2013,Jerome's Furniture,-8.76,CA
42059,4/5/2013,Home Depot,-22.44,CA
42059,4/5/2013,Refrigerator Depot,-32.57,CA
42059,4/5/2013,Hamilton Move & Storage,-9.95,CA
42059,4/5/2013,Restaurant - Steakhouse,-60.86,CA
42059,4/5/2013,Art Auction,-21.34,CA
42059,4/5/2013,Art's Art Supplies,-37.65,CA
42059,4/6/2013,Painting Course Fees,-72.56,CA
42059,4/6/2013,Restaurant - Burgers,-16.47,CA
42059,4/6/2013,Amazon Order - Paint Canvas,-1.57,CA
42059,4/6/2013,Painting Course Fees,-1.6,CA
42059,4/7/2013,Taxi,-37.22,CA
42059,4/7/2013,Restaurant - Burgers,-29.61,CA
42059,4/7/2013,Ashley's Craft Store,-18.63,CA
42059,4/7/2013,Restaurant - Steakhouse,-3.15,CA
42059,4/8/2013,Von's Groceries,-105.47,CA
42059,4/8/2013,Michael's Crafts,-0.18,CA
42059,4/8/2013,Amazon Order - Paint Bushes,-14.71,CA
42059,4/8/2013,Painting Course Fees,-4.47,CA
42059,4/9/2013,Amazon Order - Baby Crib,-3.44,CA
42059,4/9/2013,Hospital - Prenatal Care,-34.23,CA
42059,4/9/2013,Babies "R" Us,-5.4,CA
42059,4/9/2013,BuyBuyBaby.com,-30.26,CA
42059,4/9/2013,Lyft,-28.22,CA
42059,4/9/2013,Michael's Crafts,-8.59,CA
42059,4/9/2013,Music Lessons - Piano,-109.94,CA
42059,4/9/2013,Ralph's Grocery Store,-118.98,CA
42059,4/9/2013,Amazon Order - Paint Bushes,-71.64,CA
42059,4/9/2013,Restaurant - Pizza,-27.4,CA
42059,4/9/2013,Uber,-16.55,CA
42059,4/9/2013,Public Transportation - Train Pass,-13.29,CA
42059,4/10/2013,Music Lessons - Piano,-6.28,CA
42059,4/11/2013,Ralph's Grocery Store,-40.37,CA
42059,4/11/2013,Amazon Order - Paint Bushes,-16.44,CA
42059,4/12/2013,Food Delivery - GrubHub,-9.08,CA
42059,4/12/2013,Food Delivery - GrubHub,-6,CA
42059,4/13/2013,Public Transportation - Bus Pass,-35.9,CA
42059,4/14/2013,Taxi,-8.03,CA
42059,4/15/2013,Food Delivery - GrubHub,-69.24,CA
42059,4/15/2013,Von's Groceries,-29.36,CA
42059,4/16/2013,Music Lessons - Piano,-25.9,CA
42059,4/16/2013,Painting Course Fees,-18.95,CA
42059,4/17/2013,Restaurant - Burgers,-28.95,CA
42059,4/17/2013,Amazon Order - Paint Bushes,-30.69,CA
42059,4/17/2013,Art's Art Supplies,-20.15,CA
42059,4/17/2013,Restaurant - Steakhouse,-36.06,CA
42059,4/17/2013,Lyft,-104.9,CA
42059,4/18/2013,Ralph's Grocery Store,-12.8,CA
42059,4/18/2013,Art Auction,-21.63,CA
42059,4/19/2013,Lyft,-96.04,CA
42059,4/20/2013,Ralph's Grocery Store,-23.75,CA
42059,4/20/2013,Music Lessons - Piano,-38.78,CA
42059,4/20/2013,Public Transportation - Bus Pass,-0.7,CA
42059,4/20/2013,Art's Art Supplies,-38.76,CA
42059,4/20/2013,Art's Art Supplies,-27.17,CA
42059,4/20/2013,Von's Groceries,-43.22,CA
42059,4/21/2013,Michael's Crafts,-39.13,CA
42059,4/21/2013,Art's Art Supplies,-26.01,CA
42059,4/22/2013,Ralph's Grocery Store,-31.28,CA
42059,4/22/2013,Michael's Crafts,-9.47,CA
42059,4/22/2013,Sprouts Market,-7.84,CA
42059,4/22/2013,Public Transportation - Bus Pass,-6.12,CA
42059,4/22/2013,Amazon Order - Paint Bushes,-7.76,CA
42059,4/23/2013,Music Lessons - Piano,-85.61,CA
42059,4/23/2013,Art's Art Supplies,-2.01,CA
42059,4/23/2013,Whole Foods,-32.89,CA
42059,4/23/2013,Music Lessons - Piano,-63.53,CA
42059,4/24/2013,Restaurant - Burgers,-55.03,CA
42059,4/24/2013,Michael's Crafts,-19.01,CA
42059,4/24/2013,Kay Jewelry,-96.54,CA
42059,4/24/2013,Wedding Planner,-24.92,CA
42059,4/24/2013,Southwest Flights - Cancun,-5.26,CA
42059,4/24/2013,Cancun Beach Resort,-38.57,CA
42059,4/24/2013,Guitar Center,-7.09,CA
42059,4/24/2013,Guitar Center,-8.23,CA
42059,4/24/2013,Music Lessons - Piano,-20.72,CA
42059,4/24/2013,Lyft,-13.27,CA
42059,4/24/2013,Amazon Order - Paint Bushes,-29.8,CA
42059,4/25/2013,Guitar Center,-51.87,CA
42059,4/25/2013,Painting Course Fees,-32.78,CA
42059,4/25/2013,Amazon Order - Paint Bushes,-28.17,CA
42059,4/26/2013,Ashley's Craft Store,-11.18,CA
42059,4/26/2013,Music Lessons - Piano,-46.64,CA
42059,4/27/2013,Art's Art Supplies,-9.83,CA
42059,4/27/2013,Amazon Order - Paint Bushes,-39.51,CA
42059,4/28/2013,Ralph's Grocery Store,-13.95,CA
42059,4/29/2013,Guitar Center,-85.61,CA
42059,4/29/2013,Restaurant - Burgers,-28.1,CA
42059,4/29/2013,Music Lessons - Piano,-38.66,CA
42059,4/29/2013,Ashley's Craft Store,-38.41,CA
42059,4/29/2013,Whole Foods,-19.16,CA
42059,4/30/2013,Lyft,-33.06,CA
42059,5/2/2013,Paycheck,2977,CA
42059,5/2/2013,Housing Rent,-1174,CA
42059,5/2/2013,Water & Sewer,-53,CA
42059,5/2/2013,Sprouts Market,-14.25,CA
42059,5/2/2013,Guitar Center,-82.64,CA
42059,5/2/2013,Amazon Order - Paint Bushes,-5.31,CA
42059,5/3/2013,Michael's Crafts,-12.99,CA
42059,5/4/2013,Public Transportation - Bus Pass,-13.63,CA
42059,5/5/2013,Music Lessons - Piano,-32.24,CA
42059,5/5/2013,Painting Course Fees,-10.1,CA
42059,5/5/2013,Ashley's Craft Store,-23.47,CA
42059,5/5/2013,Amazon Order - Paint Canvas,-11.92,CA
42059,5/5/2013,Art Auction,-1.47,CA
42059,5/5/2013,Restaurant - Chinese,-25.43,CA
42059,5/5/2013,Painting Course Fees,-10.32,CA
42059,5/6/2013,Ralph's Grocery Store,-78.56,CA
42059,5/6/2013,Restaurant - Chinese,-2.92,CA
42059,5/7/2013,Ashley's Craft Store,-32.54,CA
42059,5/8/2013,Guitar Center,-79.35,CA
42059,5/8/2013,Guitar Center,-6.83,CA
42059,5/8/2013,Michael's Crafts,-2.53,CA
42059,5/9/2013,Restaurant - Chinese,-13.15,CA
42059,5/9/2013,Guitar Center,-27.83,CA
42059,5/9/2013,Restaurant - Pizza,-23.76,CA
42059,5/9/2013,Amazon Order - Paint Bushes,-18.33,CA
42059,5/9/2013,Whole Foods,-29.81,CA
42059,5/9/2013,Art's Art Supplies,-29.41,CA
42059,5/9/2013,Art Auction,-36.18,CA
42059,5/9/2013,Amazon Order - Paint Canvas,-38.77,CA
42059,5/9/2013,Public Transportation - Bus Pass,-10.46,CA
42059,5/9/2013,Guitar Center,-1.27,CA
42059,5/9/2013,Music Lessons - Piano,-88.03,CA
42059,5/10/2013,Public Transportation - Train Pass,-10.07,CA
42059,5/11/2013,Public Transportation - Train Pass,-0.02,CA
42059,5/11/2013,Music Lessons - Piano,-3.53,CA
42059,5/12/2013,Ashley's Craft Store,-30.67,CA
42059,5/13/2013,Music Lessons - Piano,-23.65,CA
42059,5/13/2013,Restaurant - Chinese,-23.03,CA
42059,5/14/2013,Art's Art Supplies,-18.53,CA
42059,5/14/2013,Painting Course Fees,-69.49,CA
42059,5/15/2013,Painting Course Fees,-98.56,CA
42059,5/15/2013,Amazon Order - Paint Canvas,-17.24,CA
42059,5/16/2013,Sprouts Market,-3.73,CA
42059,5/17/2013,Amazon Order - Paint Canvas,-22.74,CA
42059,5/17/2013,Sprouts Market,-28.41,CA
42059,5/18/2013,Restaurant - Steakhouse,-32.91,CA
42059,5/18/2013,Ashley's Craft Store,-21.47,CA
42059,5/18/2013,Restaurant - Burgers,-44.6,CA
42059,5/18/2013,Public Transportation - Train Pass,-20.52,CA
42059,5/18/2013,Ashley's Craft Store,-0.64,CA
42059,5/19/2013,Art's Art Supplies,-34.96,CA
42059,5/19/2013,Amazon Order - Paint Bushes,-116.7,CA
42059,5/19/2013,Painting Course Fees,-46.84,CA
42059,5/19/2013,Michael's Crafts,-55.56,CA
42059,5/20/2013,Art's Art Supplies,-4.44,CA
42059,5/20/2013,Amazon Order - Paint Canvas,-37.12,CA
42059,5/20/2013,Art's Art Supplies,-15.25,CA
42059,5/21/2013,Public Transportation - Bus Pass,-12.18,CA
42059,5/21/2013,Michael's Crafts,-8.91,CA
42059,5/21/2013,Art's Art Supplies,-1.05,CA
42059,5/21/2013,Starbucks Coffee,-13.8,CA
42059,5/21/2013,Guitar Center,-30.18,CA
42059,5/22/2013,Amazon Order - Paint Canvas,-19.45,CA
42059,5/22/2013,Guitar Center,-13.36,CA
42059,5/22/2013,Music Lessons - Piano,-91.97,CA
42059,5/23/2013,Taxi,-58.54,CA
42059,5/23/2013,Public Transportation - Train Pass,-27.68,CA
42059,5/23/2013,Amazon Order - Paint Bushes,-7.77,CA
42059,5/24/2013,Uber,-8.77,CA
42059,5/24/2013,Ashley's Craft Store,-10.6,CA
42059,5/25/2013,Amazon Order - Paint Canvas,-12.34,CA
42059,5/25/2013,Uber,-31.28,CA
42059,5/25/2013,Art's Art Supplies,-28.34,CA
42059,5/26/2013,Painting Course Fees,-9.7,CA
42059,5/26/2013,Taxi,-9.61,CA
42059,5/26/2013,Ashley's Craft Store,-10.45,CA
42059,5/26/2013,Painting Course Fees,-119.4,CA
42059,5/26/2013,Amazon Order - Paint Bushes,-26.94,CA
42059,5/27/2013,Painting Course Fees,-10.45,CA
42059,5/27/2013,Restaurant - Burgers,-10.79,CA
42059,5/27/2013,Restaurant - Steakhouse,-12.22,CA
42059,5/27/2013,Lyft,-29.57,CA
42059,5/27/2013,Amazon Order - Paint Canvas,-20.22,CA
42059,5/27/2013,Taxi,-4.18,CA
42059,5/28/2013,Painting Course Fees,-5.66,CA
42059,5/28/2013,Music Lessons - Piano,-25.04,CA
42059,5/28/2013,Music Lessons - Piano,-81.96,CA
42059,5/29/2013,Amazon Order - Paint Canvas,-5.24,CA
42059,5/29/2013,Uber,-14.72,CA
42059,5/30/2013,Ashley's Craft Store,-114.2,CA
42059,5/30/2013,Amazon Order - Paint Canvas,-3.59,CA
42059,5/30/2013,Amazon Order - Paint Bushes,-31.54,CA
42059,5/30/2013,Sprouts Market,-26.93,CA
42059,5/30/2013,Ashley's Craft Store,-7.23,CA
42059,5/30/2013,Restaurant - Burgers,-37.54,CA
42059,5/30/2013,Amazon Order - Paint Canvas,-37.43,CA
42059,6/2/2013,Paycheck,2977,CA
42059,6/2/2013,Housing Rent,-1199,CA
42059,6/2/2013,Water & Sewer,-53,CA
42059,6/2/2013,Guitar Center,-87,CA
42059,6/2/2013,Restaurant - Burgers,-35.13,CA
42059,6/2/2013,Taxi,-6.82,CA
42059,6/3/2013,Music Lessons - Piano,-10.61,CA
42059,6/3/2013,Taxi,-14.43,CA
42059,6/4/2013,Guitar Center,-67.4,CA
42059,6/4/2013,Painting Course Fees,-26.71,CA
42059,6/4/2013,Art's Art Supplies,-13.24,CA
42059,6/4/2013,Painting Course Fees,-28.38,CA
42059,6/5/2013,Restaurant - Chinese,-14.71,CA
42059,6/5/2013,Amazon Order - Paint Bushes,-74.91,CA
42059,6/5/2013,Ashley's Craft Store,-19.64,CA
42059,6/5/2013,Restaurant - Steakhouse,-7.39,CA
42059,6/5/2013,Restaurant - Burgers,-10.51,CA
42059,6/6/2013,Amazon Order - Paint Canvas,-12.83,CA
42059,6/6/2013,Ashley's Craft Store,-103.26,CA
42059,6/7/2013,Amazon Order - Paint Canvas,-20.1,CA
42059,6/7/2013,Uber,-26.8,CA
42059,6/7/2013,Art's Art Supplies,-57.92,CA
42059,6/8/2013,Art Auction,-1.76,CA
42059,6/8/2013,Ashley's Craft Store,-0.7,CA
42059,6/8/2013,Restaurant - Burgers,-14.01,CA
42059,6/8/2013,Taxi,-7.77,CA
42059,6/8/2013,Restaurant - Burgers,-7.69,CA
42059,6/8/2013,Lyft,-86.86,CA
42059,6/8/2013,Restaurant - Pizza,-21.18,CA
42059,6/9/2013,Amazon Order - Paint Canvas,-7.08,CA
42059,6/9/2013,Von's Groceries,-18.1,CA
42059,6/10/2013,Amazon Order - Paint Canvas,-9.87,CA
42059,6/10/2013,Art's Art Supplies,-24.73,CA
42059,6/11/2013,Sprouts Market,-23.75,CA
42059,6/12/2013,Amazon Order - Paint Canvas,-2.11,CA
42059,6/13/2013,Guitar Center,-26.68,CA
42059,6/14/2013,Restaurant - Burgers,-36.41,CA
42059,6/14/2013,Starbucks Coffee,-40.2,CA
42059,6/14/2013,Amazon Order - Paint Bushes,-22.19,CA
42059,6/15/2013,Uber,-90.75,CA
42059,6/16/2013,Michael's Crafts,-37.51,CA
42059,6/16/2013,Amazon Order - Paint Bushes,-63.11,CA
42059,6/16/2013,Guitar Center,-108.75,CA
42059,6/17/2013,Ashley's Craft Store,-31.62,CA
42059,6/17/2013,Restaurant - Steakhouse,-38.07,CA
42059,6/17/2013,Restaurant - Steakhouse,-15.08,CA
42059,6/17/2013,Amazon Order - Paint Bushes,-3.88,CA
42059,6/18/2013,Amazon Order - Paint Bushes,-4.37,CA
42059,6/19/2013,Art's Art Supplies,-116.48,CA
42059,6/19/2013,Ralph's Grocery Store,-19.36,CA
42059,6/19/2013,Uber,-38.65,CA
42059,6/20/2013,Art's Art Supplies,-18.3,CA
42059,6/20/2013,Art Auction,-15.48,CA
42059,6/21/2013,Music Lessons - Piano,-1.13,CA
42059,6/21/2013,Starbucks Coffee,-33.78,CA
42059,6/22/2013,Food Delivery - GrubHub,-14.11,CA
42059,6/22/2013,Music Lessons - Piano,-7.76,CA
42059,6/23/2013,Whole Foods,-17.93,CA
42059,6/24/2013,Taxi,-11.68,CA
42059,6/25/2013,Ralph's Grocery Store,-13.99,CA
42059,6/26/2013,Art's Art Supplies,-0.76,CA
42059,6/26/2013,Art Auction,-21.7,CA
42059,6/26/2013,Michael's Crafts,-12.99,CA
42059,6/27/2013,Public Transportation - Train Pass,-23.11,CA
42059,6/28/2013,Lyft,-37.05,CA
42059,6/28/2013,Restaurant - Chinese,-6.64,CA
42059,6/29/2013,Public Transportation - Train Pass,-37.08,CA
42059,6/30/2013,Restaurant - Chinese,-0.03,CA
42059,6/30/2013,Von's Groceries,-13.41,CA
42059,6/30/2013,Michael's Crafts,-36.96,CA
42059,7/2/2013,Paycheck,2977,CA
42059,7/2/2013,Housing Rent,-952,CA
42059,7/2/2013,Water & Sewer,-53,CA
42059,7/2/2013,Taxi,-20.82,CA
42059,7/3/2013,Painting Course Fees,-2.91,CA
42059,7/4/2013,Restaurant - Pizza,-2.07,CA
42059,7/5/2013,Art Auction,-33.95,CA
42059,7/6/2013,Amazon Order - Paint Bushes,-47.09,CA
42059,7/6/2013,Public Transportation - Train Pass,-35.47,CA
42059,7/6/2013,Michael's Crafts,-87.01,CA
42059,7/6/2013,Lyft,-67.05,CA
42059,7/6/2013,Painting Course Fees,-90.26,CA
42059,7/6/2013,Restaurant - Pizza,-39.82,CA
42059,7/6/2013,Art's Art Supplies,-44.81,CA
42059,7/7/2013,Painting Course Fees,-0.96,CA
42059,7/7/2013,Taxi,-39.84,CA
42059,7/7/2013,Public Transportation - Bus Pass,-30.59,CA
42059,7/8/2013,Von's Groceries,-32.06,CA
42059,7/8/2013,Sprouts Market,-38.86,CA
42059,7/8/2013,Guitar Center,-38.7,CA
42059,7/8/2013,Art Auction,-12.51,CA
42059,7/8/2013,Uber,-32.21,CA
42059,7/8/2013,Amazon Order - Paint Canvas,-32.84,CA
42059,7/8/2013,Amazon Order - Paint Canvas,-30.67,CA
42059,7/8/2013,Painting Course Fees,-30.19,CA
42059,7/9/2013,Amazon Order - Paint Canvas,-0.99,CA
42059,7/9/2013,Amazon Order - Paint Canvas,-5.87,CA
42059,7/9/2013,Lyft,-25.2,CA
42059,7/9/2013,Restaurant - Pizza,-14.12,CA
42059,7/9/2013,Guitar Center,-37.14,CA
42059,7/9/2013,Ashley's Craft Store,-23.25,CA
42059,7/9/2013,Amazon Order - Paint Bushes,-16.85,CA
42059,7/9/2013,Starbucks Coffee,-14.31,CA
42059,7/9/2013,Taxi,-38.98,CA
42059,7/9/2013,Amazon Order - Paint Bushes,-13.3,CA
42059,7/10/2013,Michael's Crafts,-23.78,CA
42059,7/10/2013,Public Transportation - Bus Pass,-14.83,CA
42059,7/10/2013,Ashley's Craft Store,-17.28,CA
42059,7/10/2013,Art's Art Supplies,-4.52,CA
42059,7/10/2013,Painting Course Fees,-23.68,CA
42059,7/11/2013,Restaurant - Pizza,-27.36,CA
42059,7/12/2013,Art Auction,-3.83,CA
42059,7/12/2013,Guitar Center,-14.91,CA
42059,7/12/2013,Amazon Order - Paint Canvas,-69.35,CA
42059,7/13/2013,Ashley's Craft Store,-39.15,CA
42059,7/13/2013,Music Lessons - Piano,-101.88,CA
42059,7/14/2013,Michael's Crafts,-13.19,CA
42059,7/14/2013,Michael's Crafts,-4.24,CA
42059,7/14/2013,Public Transportation - Bus Pass,-3.81,CA
42059,7/14/2013,Ashley's Craft Store,-43.07,CA
42059,7/15/2013,Lyft,-12.18,CA
42059,7/15/2013,Michael's Crafts,-37.23,CA
42059,7/15/2013,Amazon Order - Paint Canvas,-6.15,CA
42059,7/15/2013,Painting Course Fees,-34.89,CA
42059,7/15/2013,Public Transportation - Train Pass,-33.44,CA
42059,7/15/2013,Public Transportation - Bus Pass,-27.31,CA
42059,7/15/2013,Guitar Center,-22.7,CA
42059,7/15/2013,Food Delivery - GrubHub,-10.01,CA
42059,7/15/2013,Lyft,-1.8,CA
42059,7/15/2013,Michael's Crafts,-18.22,CA
42059,7/15/2013,Uber,-117.54,CA
42059,7/15/2013,Music Lessons - Piano,-3.66,CA
42059,7/15/2013,Painting Course Fees,-21.76,CA
42059,7/15/2013,Von's Groceries,-20.4,CA
42059,7/16/2013,Painting Course Fees,-17.33,CA
42059,7/17/2013,Amazon Order - Paint Bushes,-25.91,CA
42059,7/18/2013,Starbucks Coffee,-39.65,CA
42059,7/18/2013,Art Auction,-119.18,CA
42059,7/18/2013,Restaurant - Steakhouse,-112.55,CA
42059,7/18/2013,Guitar Center,-20.93,CA
42059,7/18/2013,Music Lessons - Piano,-22.71,CA
42059,7/19/2013,Food Delivery - GrubHub,-15.64,CA
42059,7/20/2013,Public Transportation - Bus Pass,-19.16,CA
42059,7/20/2013,Food Delivery - GrubHub,-43.56,CA
42059,7/21/2013,Food Delivery - GrubHub,-48.59,CA
42059,7/21/2013,Uber,-10.1,CA
42059,7/21/2013,Art Auction,-7.46,CA
42059,7/21/2013,Music Lessons - Piano,-15.62,CA
42059,7/21/2013,Food Delivery - GrubHub,-81.34,CA
42059,7/22/2013,Taxi,-68.85,CA
42059,7/23/2013,Guitar Center,-52.85,CA
42059,7/23/2013,Ashley's Craft Store,-18.57,CA
42059,7/23/2013,Whole Foods,-109.68,CA
42059,7/24/2013,Sprouts Market,-19.14,CA
42059,7/25/2013,Michael's Crafts,-77.17,CA
42059,7/25/2013,Art's Art Supplies,-20.81,CA
42059,7/25/2013,Lyft,-8.49,CA
42059,7/26/2013,Painting Course Fees,-37.49,CA
42059,7/26/2013,Art Auction,-33.2,CA
42059,7/26/2013,Ashley's Craft Store,-29.98,CA
42059,7/26/2013,Art Auction,-0.6,CA
42059,7/27/2013,Ashley's Craft Store,-22.47,CA
42059,7/28/2013,Amazon Order - Paint Bushes,-18.45,CA
42059,7/29/2013,Von's Groceries,-25.7,CA
42059,7/30/2013,Ashley's Craft Store,-9.53,CA
42059,8/2/2013,Paycheck,2977,CA
42059,8/2/2013,Housing Rent,-912,CA
42059,8/2/2013,Water & Sewer,-53,CA
42059,8/2/2013,Starbucks Coffee,-39.66,CA
42059,8/2/2013,Public Transportation - Train Pass,-25.09,CA
42059,8/2/2013,Restaurant - Steakhouse,-30.44,CA
42059,8/2/2013,Michael's Crafts,-47.71,CA
42059,8/2/2013,Art Auction,-22.89,CA
42059,8/3/2013,Public Transportation - Train Pass,-34.8,CA
42059,8/3/2013,Michael's Crafts,-28.19,CA
42059,8/3/2013,Amazon Order - Paint Canvas,-25.69,CA
42059,8/3/2013,Art Auction,-68.58,CA
42059,8/3/2013,Public Transportation - Bus Pass,-34.72,CA
42059,8/3/2013,Art Auction,-28.2,CA
42059,8/3/2013,Music Lessons - Piano,-28.15,CA
42059,8/4/2013,Guitar Center,-22.83,CA
42059,8/4/2013,Guitar Center,-23.18,CA
42059,8/4/2013,Art's Art Supplies,-31.66,CA
42059,8/5/2013,Restaurant - Pizza,-17.61,CA
42059,8/5/2013,Painting Course Fees,-47.81,CA
42059,8/5/2013,Art Auction,-25.05,CA
42059,8/6/2013,Michael's Crafts,-38.55,CA
42059,8/6/2013,Ralph's Grocery Store,-21.46,CA
42059,8/7/2013,Public Transportation - Train Pass,-117.24,CA
42059,8/8/2013,Music Lessons - Piano,-15.29,CA
42059,8/8/2013,Michael's Crafts,-44.36,CA
42059,8/8/2013,Restaurant - Chinese,-5.72,CA
42059,8/8/2013,Painting Course Fees,-39.69,CA
42059,8/9/2013,Amazon Order - Paint Canvas,-33.67,CA
42059,8/9/2013,Restaurant - Chinese,-45.74,CA
42059,8/9/2013,Michael's Crafts,-83.49,CA
42059,8/10/2013,Food Delivery - GrubHub,-2.7,CA
42059,8/10/2013,Ralph's Grocery Store,-118.58,CA
42059,8/11/2013,Art's Art Supplies,-9,CA
42059,8/12/2013,Guitar Center,-41.28,CA
42059,8/12/2013,Lyft,-71.58,CA
42059,8/12/2013,Amazon Order - Paint Bushes,-4.87,CA
42059,8/12/2013,Music Lessons - Piano,-4.11,CA
42059,8/12/2013,Taxi,-4.17,CA
42059,8/12/2013,Starbucks Coffee,-32.46,CA
42059,8/12/2013,Guitar Center,-7.89,CA
42059,8/13/2013,Restaurant - Burgers,-24.72,CA
42059,8/13/2013,Art's Art Supplies,-38.08,CA
42059,8/13/2013,Lyft,-3.95,CA
42059,8/13/2013,Food Delivery - GrubHub,-95.95,CA
42059,8/13/2013,Michael's Crafts,-42.22,CA
42059,8/13/2013,Guitar Center,-67.78,CA
42059,8/14/2013,Amazon Order - Paint Bushes,-111.33,CA
42059,8/14/2013,Restaurant - Steakhouse,-24.75,CA
42059,8/15/2013,Art's Art Supplies,-39.51,CA
42059,8/16/2013,Restaurant - Burgers,-19.66,CA
42059,8/16/2013,Von's Groceries,-39.81,CA
42059,8/17/2013,Amazon Order - Paint Canvas,-6.76,CA
42059,8/17/2013,Painting Course Fees,-4.97,CA
42059,8/17/2013,Ashley's Craft Store,-33.25,CA
42059,8/18/2013,Guitar Center,-37.34,CA
42059,8/18/2013,Restaurant - Chinese,-3.5,CA
42059,8/19/2013,Restaurant - Burgers,-15.51,CA
42059,8/20/2013,Michael's Crafts,-24.39,CA
42059,8/20/2013,Music Lessons - Piano,-27.38,CA
42059,8/20/2013,Michael's Crafts,-39.84,CA
42059,8/21/2013,Ashley's Craft Store,-14.45,CA
42059,8/21/2013,Amazon Order - Paint Bushes,-28.3,CA
42059,8/21/2013,Michael's Crafts,-10.11,CA
42059,8/21/2013,Restaurant - Burgers,-26.7,CA
42059,8/21/2013,Music Lessons - Piano,-70.51,CA
42059,8/21/2013,Amazon Order - Paint Canvas,-21.7,CA
42059,8/22/2013,Public Transportation - Bus Pass,-87.66,CA
42059,8/22/2013,Amazon Order - Paint Canvas,-70.54,CA
42059,8/22/2013,Art's Art Supplies,-13.69,CA
42059,8/22/2013,Amazon Order - Paint Canvas,-34.14,CA
42059,8/22/2013,Ashley's Craft Store,-23.95,CA
42059,8/22/2013,Restaurant - Chinese,-15.79,CA
42059,8/23/2013,Public Transportation - Bus Pass,-37.39,CA
42059,8/23/2013,Art Auction,-47.38,CA
42059,8/23/2013,Taxi,-10.69,CA
42059,8/23/2013,Restaurant - Burgers,-21.33,CA
42059,8/24/2013,Von's Groceries,-5.89,CA
42059,8/24/2013,Amazon Order - Paint Canvas,-1.95,CA
42059,8/24/2013,Public Transportation - Train Pass,-42.69,CA
42059,8/24/2013,Art's Art Supplies,-18.94,CA
42059,8/24/2013,Painting Course Fees,-26.57,CA
42059,8/24/2013,Ashley's Craft Store,-17.94,CA
42059,8/24/2013,Ashley's Craft Store,-86.53,CA
42059,8/24/2013,Uber,-30.03,CA
42059,8/24/2013,Ashley's Craft Store,-0.33,CA
42059,8/24/2013,Art Auction,-14.37,CA
42059,8/24/2013,Art's Art Supplies,-8.66,CA
42059,8/25/2013,Lyft,-27.11,CA
42059,8/25/2013,Music Lessons - Piano,-33.85,CA
42059,8/26/2013,Ashley's Craft Store,-20.68,CA
42059,8/26/2013,Amazon Order - Paint Canvas,-23.06,CA
42059,8/27/2013,Michael's Crafts,-20.72,CA
42059,8/28/2013,Art's Art Supplies,-36.65,CA
42059,8/28/2013,Sprouts Market,-18.19,CA
42059,8/28/2013,Amazon Order - Paint Bushes,-24.49,CA
42059,8/29/2013,Amazon Order - Paint Bushes,-1.66,CA
42059,8/29/2013,Whole Foods,-13.6,CA
42059,8/29/2013,Amazon Order - Paint Bushes,-22.62,CA
42059,8/29/2013,Amazon Order - Paint Canvas,-111.14,CA
42059,8/29/2013,Michael's Crafts,-34.64,CA
42059,8/29/2013,Restaurant - Steakhouse,-8.82,CA
42059,8/30/2013,Art Auction,-33.44,CA
42059,8/30/2013,Painting Course Fees,-23.62,CA
42059,9/2/2013,Paycheck,2977,CA
42059,9/2/2013,Housing Rent,-1255,CA
42059,9/2/2013,Water & Sewer,-53,CA
42059,9/2/2013,Public Transportation - Train Pass,-108.23,CA
42059,9/2/2013,Uber,-32.62,CA
42059,9/2/2013,Art Auction,-11.74,CA
42059,9/2/2013,Public Transportation - Train Pass,-5.84,CA
42059,9/2/2013,Restaurant - Steakhouse,-20.21,CA
42059,9/3/2013,Ashley's Craft Store,-24.96,CA
42059,9/3/2013,Painting Course Fees,-7.1,CA
42059,9/4/2013,Amazon Order - Paint Canvas,-23.09,CA
42059,9/4/2013,Sprouts Market,-26.24,CA
42059,9/4/2013,Art's Art Supplies,-21.81,CA
42059,9/5/2013,Michael's Crafts,-24.95,CA
42059,9/5/2013,Public Transportation - Bus Pass,-12.35,CA
42059,9/5/2013,Music Lessons - Piano,-95.5,CA
42059,9/5/2013,Public Transportation - Bus Pass,-3.25,CA
42059,9/6/2013,Ashley's Craft Store,-66.18,CA
42059,9/6/2013,Restaurant - Steakhouse,-9.78,CA
42059,9/7/2013,Amazon Order - Paint Bushes,-36.18,CA
42059,9/7/2013,Restaurant - Steakhouse,-33.79,CA
42059,9/8/2013,Music Lessons - Piano,-25.01,CA
42059,9/8/2013,Uber,-116.34,CA
42059,9/8/2013,Sprouts Market,-30.75,CA
42059,9/9/2013,Food Delivery - GrubHub,-110.15,CA
42059,9/9/2013,Music Lessons - Piano,-21.56,CA
42059,9/10/2013,Art Auction,-116.17,CA
42059,9/10/2013,Public Transportation - Train Pass,-24.88,CA
42059,9/10/2013,Ashley's Craft Store,-32.74,CA
42059,9/10/2013,Taxi,-12.64,CA
42059,9/10/2013,Painting Course Fees,-4.83,CA
42059,9/10/2013,Starbucks Coffee,-25.33,CA
42059,9/10/2013,Amazon Order - Paint Canvas,-99.79,CA
42059,9/10/2013,Lyft,-26.58,CA
42059,9/11/2013,Michael's Crafts,-17.05,CA
42059,9/11/2013,Public Transportation - Bus Pass,-83,CA
42059,9/11/2013,Art's Art Supplies,-55.11,CA
42059,9/11/2013,Uber,-89.97,CA
42059,9/11/2013,Michael's Crafts,-33.1,CA
42059,9/11/2013,Amazon Order - Paint Canvas,-16.04,CA
42059,9/11/2013,Ashley's Craft Store,-18.71,CA
42059,9/11/2013,Public Transportation - Bus Pass,-26.53,CA
42059,9/11/2013,Public Transportation - Bus Pass,-8.83,CA
42059,9/12/2013,Whole Foods,-30.88,CA
42059,9/12/2013,Guitar Center,-93.12,CA
42059,9/12/2013,Restaurant - Steakhouse,-19.11,CA
42059,9/13/2013,Guitar Center,-21.79,CA
42059,9/14/2013,Public Transportation - Train Pass,-18.82,CA
42059,9/14/2013,Restaurant - Burgers,-32.67,CA
42059,9/14/2013,Amazon Order - Paint Canvas,-56.2,CA
42059,9/15/2013,Painting Course Fees,-58.44,CA
42059,9/15/2013,Music Lessons - Piano,-24.3,CA
42059,9/15/2013,Art's Art Supplies,-27.36,CA
42059,9/16/2013,Painting Course Fees,-28.9,CA
42059,9/17/2013,Art's Art Supplies,-10.81,CA
42059,9/17/2013,Art Auction,-96.28,CA
42059,9/17/2013,Lyft,-5.68,CA
42059,9/18/2013,Lyft,-12.07,CA
42059,9/19/2013,Public Transportation - Train Pass,-16.95,CA
42059,9/20/2013,Ashley's Craft Store,-9.81,CA
42059,9/20/2013,Music Lessons - Piano,-12.3,CA
42059,9/21/2013,Guitar Center,-18.3,CA
42059,9/22/2013,Amazon Order - Paint Canvas,-7.49,CA
42059,9/23/2013,Restaurant - Steakhouse,-0.12,CA
42059,9/23/2013,Amazon Order - Paint Bushes,-108.26,CA
42059,9/23/2013,Amazon Order - Paint Canvas,-19.91,CA
42059,9/24/2013,Ashley's Craft Store,-38.53,CA
42059,9/25/2013,Amazon Order - Paint Canvas,-15.06,CA
42059,9/25/2013,Michael's Crafts,-34.75,CA
42059,9/25/2013,Guitar Center,-32.28,CA
42059,9/25/2013,Uber,-8.98,CA
42059,9/26/2013,Public Transportation - Bus Pass,-21.11,CA
42059,9/26/2013,Uber,-6.76,CA
42059,9/26/2013,Guitar Center,-15.98,CA
42059,9/26/2013,Restaurant - Chinese,-63.04,CA
42059,9/26/2013,Food Delivery - GrubHub,-60.35,CA
42059,9/26/2013,Amazon Order - Paint Canvas,-27.27,CA
42059,9/27/2013,Amazon Order - Paint Bushes,-36.45,CA
42059,9/27/2013,Restaurant - Chinese,-26.46,CA
42059,9/27/2013,Public Transportation - Train Pass,-11.41,CA
42059,9/27/2013,Guitar Center,-45.98,CA
42059,9/28/2013,Guitar Center,-4.68,CA
42059,9/28/2013,Michael's Crafts,-27.76,CA
42059,9/28/2013,Painting Course Fees,-7.35,CA
42059,9/28/2013,Amazon Order - Paint Canvas,-43.12,CA
42059,9/29/2013,Art Auction,-28.11,CA
42059,9/29/2013,Guitar Center,-20.31,CA
42059,9/29/2013,Painting Course Fees,-23.07,CA
42059,9/29/2013,Amazon Order - Paint Canvas,-119.68,CA
42059,9/29/2013,Art's Art Supplies,-34.06,CA
42059,9/29/2013,Ralph's Grocery Store,-21.77,CA
42059,9/29/2013,Amazon Order - Paint Canvas,-4.36,CA
42059,9/29/2013,Restaurant - Steakhouse,-5.41,CA
42059,9/29/2013,Michael's Crafts,-33.64,CA
42059,9/29/2013,Public Transportation - Train Pass,-66.56,CA
42059,9/29/2013,Ralph's Grocery Store,-39.07,CA
42059,9/30/2013,Ashley's Craft Store,-58.82,CA
42059,9/30/2013,Art's Art Supplies,-28.29,CA
42059,9/30/2013,Amazon Order - Paint Bushes,-25.75,CA
42059,9/30/2013,Starbucks Coffee,-35.86,CA
42059,9/30/2013,Michael's Crafts,-18.41,CA
42059,9/30/2013,Painting Course Fees,-18.45,CA
42059,9/30/2013,Whole Foods,-22.67,CA
42059,9/30/2013,Amazon Order - Paint Bushes,-65.49,CA
42059,9/30/2013,Art Auction,-117.18,CA
42059,9/30/2013,Public Transportation - Train Pass,-32.66,CA
42059,10/2/2013,Paycheck,2977,CA
42059,10/2/2013,Housing Rent,-984,CA
42059,10/2/2013,Water & Sewer,-53,CA
42059,10/2/2013,Amazon Order - Paint Canvas,-6.29,CA
42059,10/2/2013,Amazon Order - Paint Canvas,-106.48,CA
42059,10/2/2013,Public Transportation - Bus Pass,-24.72,CA
42059,10/2/2013,Ralph's Grocery Store,-84.49,CA
42059,10/2/2013,Lyft,-34.96,CA
42059,10/2/2013,Guitar Center,-19.78,CA
42059,10/2/2013,Public Transportation - Train Pass,-17.45,CA
42059,10/2/2013,Starbucks Coffee,-6.7,CA
42059,10/3/2013,Lyft,-30.32,CA
42059,10/4/2013,Art's Art Supplies,-40.69,CA
42059,10/4/2013,Art's Art Supplies,-35.32,CA
42059,10/4/2013,Public Transportation - Train Pass,-23.68,CA
42059,10/5/2013,Amazon Order - Paint Bushes,-116.82,CA
42059,10/5/2013,Public Transportation - Bus Pass,-37.96,CA
42059,10/5/2013,Public Transportation - Bus Pass,-4.06,CA
42059,10/5/2013,Lyft,-13.39,CA
42059,10/6/2013,Music Lessons - Piano,-19.96,CA
42059,10/6/2013,Ashley's Craft Store,-19.28,CA
42059,10/6/2013,Amazon Order - Paint Bushes,-39.12,CA
42059,10/7/2013,Painting Course Fees,-8.14,CA
42059,10/8/2013,Ralph's Grocery Store,-18.86,CA
42059,10/8/2013,Taxi,-4.07,CA
42059,10/8/2013,Restaurant - Pizza,-8.6,CA
42059,10/8/2013,Amazon Order - Paint Canvas,-1.93,CA
42059,10/8/2013,Taxi,-25.25,CA
42059,10/8/2013,Taxi,-3.53,CA
42059,10/8/2013,Ashley's Craft Store,-7.97,CA
42059,10/8/2013,Public Transportation - Train Pass,-10.75,CA
42059,10/8/2013,Restaurant - Burgers,-24.49,CA
42059,10/8/2013,Taxi,-31.12,CA
42059,10/8/2013,Restaurant - Burgers,-19.55,CA
42059,10/8/2013,Amazon Order - Paint Bushes,-33.73,CA
42059,10/8/2013,Painting Course Fees,-10.73,CA
42059,10/8/2013,Art's Art Supplies,-2.52,CA
42059,10/8/2013,Uber,-33.74,CA
42059,10/8/2013,Restaurant - Chinese,-20.61,CA
42059,10/8/2013,Music Lessons - Piano,-16.87,CA
42059,10/8/2013,Ashley's Craft Store,-38.31,CA
42059,10/9/2013,Ashley's Craft Store,-1.13,CA
42059,10/10/2013,Painting Course Fees,-18.91,CA
42059,10/10/2013,Art's Art Supplies,-26.59,CA
42059,10/10/2013,Ashley's Craft Store,-111.99,CA
42059,10/10/2013,Art Auction,-15.11,CA
42059,10/10/2013,Guitar Center,-15.41,CA
42059,10/10/2013,Ashley's Craft Store,-70.15,CA
42059,10/10/2013,Painting Course Fees,-19.86,CA
42059,10/11/2013,Restaurant - Pizza,-5.92,CA
42059,10/11/2013,Painting Course Fees,-16,CA
42059,10/11/2013,Sprouts Market,-6.63,CA
42059,10/11/2013,Art Auction,-20.26,CA
42059,10/11/2013,Restaurant - Steakhouse,-25.91,CA
42059,10/11/2013,Restaurant - Chinese,-33.88,CA
42059,10/11/2013,Michael's Crafts,-3.42,CA
42059,10/11/2013,Amazon Order - Paint Bushes,-38.64,CA
42059,10/11/2013,Art Auction,-15.12,CA
42059,10/12/2013,Amazon Order - Paint Bushes,-34.87,CA
42059,10/13/2013,Lyft,-32.6,CA
42059,10/13/2013,Michael's Crafts,-24.63,CA
42059,10/13/2013,Michael's Crafts,-8.72,CA
42059,10/13/2013,Painting Course Fees,-1.53,CA
42059,10/13/2013,Amazon Order - Paint Bushes,-13.45,CA
42059,10/13/2013,Lyft,-30.55,CA
42059,10/13/2013,Public Transportation - Bus Pass,-5.24,CA
42059,10/13/2013,Guitar Center,-38.47,CA
42059,10/13/2013,Taxi,-33.01,CA
42059,10/14/2013,Art's Art Supplies,-95.33,CA
42059,10/14/2013,Starbucks Coffee,-14.81,CA
42059,10/15/2013,Guitar Center,-82.97,CA
42059,10/15/2013,Restaurant - Burgers,-12.43,CA
42059,10/15/2013,Amazon Order - Paint Canvas,-106.12,CA
42059,10/15/2013,Uber,-118.11,CA
42059,10/16/2013,Public Transportation - Bus Pass,-24.77,CA
42059,10/16/2013,Guitar Center,-89.52,CA
42059,10/16/2013,Music Lessons - Piano,-9.28,CA
42059,10/17/2013,Art's Art Supplies,-28.16,CA
42059,10/18/2013,Music Lessons - Piano,-39.29,CA
42059,10/18/2013,Ashley's Craft Store,-18.89,CA
42059,10/18/2013,Amazon Order - Paint Canvas,-19.51,CA
42059,10/19/2013,Public Transportation - Train Pass,-13.3,CA
42059,10/19/2013,Restaurant - Chinese,-26.51,CA
42059,10/19/2013,Public Transportation - Bus Pass,-45.3,CA
42059,10/19/2013,Guitar Center,-70.7,CA
42059,10/20/2013,Ralph's Grocery Store,-26.13,CA
42059,10/21/2013,Restaurant - Steakhouse,-34.76,CA
42059,10/21/2013,Restaurant - Burgers,-2.53,CA
42059,10/21/2013,Painting Course Fees,-17.91,CA
42059,10/22/2013,Painting Course Fees,-12.92,CA
42059,10/23/2013,Amazon Order - Paint Bushes,-20.18,CA
42059,10/23/2013,Lyft,-29.44,CA
42059,10/23/2013,Amazon Order - Paint Canvas,-104.04,CA
42059,10/23/2013,Amazon Order - Paint Canvas,-31.49,CA
42059,10/23/2013,Painting Course Fees,-64.02,CA
42059,10/24/2013,Starbucks Coffee,-22.62,CA
42059,10/24/2013,Uber,-35.44,CA
42059,10/25/2013,Michael's Crafts,-14.17,CA
42059,10/25/2013,Art Auction,-3.53,CA
42059,10/26/2013,Ashley's Craft Store,-33.77,CA
42059,10/26/2013,Ashley's Craft Store,-39.43,CA
42059,10/26/2013,Amazon Order - Paint Canvas,-7.72,CA
42059,10/26/2013,Lyft,-13.3,CA
42059,10/26/2013,Amazon Order - Paint Canvas,-21.56,CA
42059,10/26/2013,Amazon Order - Paint Canvas,-9.42,CA
42059,10/26/2013,Von's Groceries,-17.51,CA
42059,10/26/2013,Von's Groceries,-27.99,CA
42059,10/26/2013,Restaurant - Steakhouse,-4.35,CA
42059,10/26/2013,Lyft,-21.45,CA
42059,10/26/2013,Amazon Order - Paint Bushes,-3.51,CA
42059,10/27/2013,Taxi,-1.64,CA
42059,10/28/2013,Ashley's Craft Store,-31.32,CA
42059,10/28/2013,Guitar Center,-20.49,CA
42059,10/28/2013,Amazon Order - Paint Bushes,-6.05,CA
42059,10/29/2013,Guitar Center,-51.6,CA
42059,10/29/2013,Food Delivery - GrubHub,-21.79,CA
42059,10/30/2013,Guitar Center,-26.04,CA
42059,10/30/2013,Public Transportation - Train Pass,-3.84,CA
42059,11/2/2013,Paycheck,2977,CA
42059,11/2/2013,Housing Rent,-947,CA
42059,11/2/2013,Water & Sewer,-53,CA
42059,11/2/2013,Uber,-39.76,CA
42059,11/2/2013,Ashley's Craft Store,-106.67,CA
42059,11/2/2013,Painting Course Fees,-42.39,CA
42059,11/2/2013,Guitar Center,-2.11,CA
42059,11/2/2013,Painting Course Fees,-35.4,CA
42059,11/2/2013,Sprouts Market,-109.61,CA
42059,11/3/2013,Lyft,-65.87,CA
42059,11/3/2013,Starbucks Coffee,-103.41,CA
42059,11/3/2013,Amazon Order - Paint Bushes,-28.58,CA
42059,11/3/2013,Amazon Order - Paint Bushes,-20.28,CA
42059,11/4/2013,Guitar Center,-38.75,CA
42059,11/4/2013,Ashley's Craft Store,-13.72,CA
42059,11/4/2013,Lyft,-37.39,CA
42059,11/4/2013,Starbucks Coffee,-27.15,CA
42059,11/5/2013,Amazon Order - Paint Canvas,-13.9,CA
42059,11/6/2013,Guitar Center,-19.99,CA
42059,11/7/2013,Guitar Center,-13.1,CA
42059,11/8/2013,Ashley's Craft Store,-25.92,CA
42059,11/9/2013,Music Lessons - Piano,-7.92,CA
42059,11/10/2013,Whole Foods,-6.49,CA
42059,11/10/2013,Amazon Order - Paint Bushes,-2.39,CA
42059,11/10/2013,Sprouts Market,-93.57,CA
42059,11/10/2013,Whole Foods,-26.54,CA
42059,11/10/2013,Ashley's Craft Store,-3.32,CA
42059,11/11/2013,Michael's Crafts,-9.95,CA
42059,11/11/2013,Ashley's Craft Store,-19.6,CA
42059,11/12/2013,Von's Groceries,-34.04,CA
42059,11/12/2013,Amazon Order - Paint Bushes,-28.07,CA
42059,11/13/2013,Ashley's Craft Store,-37.44,CA
42059,11/13/2013,Art's Art Supplies,-22.22,CA
42059,11/13/2013,Lyft,-23.07,CA
42059,11/13/2013,Art's Art Supplies,-2.54,CA
42059,11/14/2013,Art's Art Supplies,-32.01,CA
42059,11/14/2013,Ashley's Craft Store,-32.3,CA
42059,11/14/2013,Amazon Order - Paint Bushes,-11.08,CA
42059,11/14/2013,Ashley's Craft Store,-8.02,CA
42059,11/14/2013,Michael's Crafts,-8.72,CA
42059,11/14/2013,Amazon Order - Paint Bushes,-47.94,CA
42059,11/14/2013,Amazon Order - Paint Canvas,-3.88,CA
42059,11/14/2013,Michael's Crafts,-5.51,CA
42059,11/14/2013,Restaurant - Burgers,-7.19,CA
42059,11/14/2013,Von's Groceries,-27.82,CA
42059,11/15/2013,Art's Art Supplies,-36.96,CA
42059,11/16/2013,Amazon Order - Paint Bushes,-27.59,CA
42059,11/16/2013,Restaurant - Chinese,-7.44,CA
42059,11/17/2013,Whole Foods,-6.55,CA
42059,11/17/2013,Starbucks Coffee,-31.62,CA
42059,11/17/2013,Von's Groceries,-16.68,CA
42059,11/18/2013,Public Transportation - Train Pass,-34.36,CA
42059,11/19/2013,Amazon Order - Paint Bushes,-15.5,CA
42059,11/19/2013,Sprouts Market,-39.14,CA
42059,11/19/2013,Lyft,-3.6,CA
42059,11/19/2013,Guitar Center,-23.76,CA
42059,11/19/2013,Taxi,-69.28,CA
42059,11/20/2013,Amazon Order - Paint Bushes,-3.11,CA
42059,11/21/2013,Public Transportation - Train Pass,-32.12,CA
42059,11/21/2013,Music Lessons - Piano,-107.99,CA
42059,11/21/2013,Ashley's Craft Store,-90.26,CA
42059,11/21/2013,Guitar Center,-24.53,CA
42059,11/21/2013,Von's Groceries,-11.27,CA
42059,11/21/2013,Lyft,-15.86,CA
42059,11/22/2013,Amazon Order - Paint Bushes,-23.45,CA
42059,11/22/2013,Restaurant - Steakhouse,-23.26,CA
42059,11/22/2013,Whole Foods,-50.71,CA
42059,11/23/2013,Amazon Order - Paint Canvas,-108.74,CA
42059,11/23/2013,Art Auction,-44.21,CA
42059,11/24/2013,Public Transportation - Bus Pass,-9.54,CA
42059,11/24/2013,Amazon Order - Paint Canvas,-9.82,CA
42059,11/24/2013,Taxi,-18.22,CA
42059,11/25/2013,Restaurant - Chinese,-6.83,CA
42059,11/25/2013,Amazon Order - Paint Canvas,-110.86,CA
42059,11/25/2013,Restaurant - Burgers,-28.04,CA
42059,11/25/2013,Public Transportation - Train Pass,-4.94,CA
42059,11/25/2013,Art Auction,-66.73,CA
42059,11/25/2013,Public Transportation - Bus Pass,-30.45,CA
42059,11/25/2013,Whole Foods,-9.9,CA
42059,11/25/2013,Amazon Order - Paint Canvas,-8.92,CA
42059,11/25/2013,Amazon Order - Paint Bushes,-27.45,CA
42059,11/25/2013,Painting Course Fees,-13.16,CA
42059,11/25/2013,Von's Groceries,-18.73,CA
42059,11/25/2013,Music Lessons - Piano,-35.4,CA
42059,11/26/2013,Amazon Order - Paint Bushes,-14.49,CA
42059,11/27/2013,Guitar Center,-15.88,CA
42059,11/27/2013,Amazon Order - Paint Bushes,-19.26,CA
42059,11/27/2013,Uber,-31.26,CA
42059,11/27/2013,Lyft,-33.96,CA
42059,11/27/2013,Guitar Center,-38.48,CA
42059,11/27/2013,Lyft,-15.43,CA
42059,11/27/2013,Guitar Center,-12.95,CA
42059,11/27/2013,Guitar Center,-60.44,CA
42059,11/27/2013,Public Transportation - Train Pass,-7.28,CA
42059,11/27/2013,Michael's Crafts,-25.66,CA
42059,11/28/2013,Michael's Crafts,-43.22,CA
42059,11/29/2013,Starbucks Coffee,-10.83,CA
42059,11/29/2013,Amazon Order - Paint Canvas,-36.51,CA
42059,11/30/2013,Amazon Order - Paint Bushes,-52.1,CA
42059,11/30/2013,Restaurant - Chinese,-20.66,CA
42059,11/30/2013,Michael's Crafts,-55.41,CA
42059,11/30/2013,Restaurant - Pizza,-9.22,CA
42059,12/2/2013,Paycheck,2977,CA
42059,12/2/2013,Housing Rent,-1174,CA
42059,12/2/2013,Water & Sewer,-53,CA
42059,12/2/2013,Michael's Crafts,-38.19,CA
42059,12/2/2013,Ashley's Craft Store,-39.5,CA
42059,12/2/2013,Amazon Order - Paint Bushes,-27.98,CA
42059,12/2/2013,Guitar Center,-26.04,CA
42059,12/2/2013,Uber,-19.15,CA
42059,12/2/2013,Music Lessons - Piano,-4.79,CA
42059,12/2/2013,Public Transportation - Train Pass,-11.27,CA
42059,12/2/2013,Sprouts Market,-10.12,CA
42059,12/2/2013,Restaurant - Pizza,-15.68,CA
42059,12/2/2013,Public Transportation - Bus Pass,-0.28,CA
42059,12/2/2013,Restaurant - Chinese,-26.81,CA
42059,12/2/2013,Restaurant - Steakhouse,-23.68,CA
42059,12/3/2013,Food Delivery - GrubHub,-31.95,CA
42059,12/3/2013,Ashley's Craft Store,-39.41,CA
42059,12/3/2013,Music Lessons - Piano,-29.02,CA
42059,12/4/2013,Guitar Center,-29.09,CA
42059,12/5/2013,Whole Foods,-6.04,CA
42059,12/5/2013,Amazon Order - Paint Canvas,-39.01,CA
42059,12/6/2013,Restaurant - Pizza,-5.84,CA
42059,12/6/2013,Art Auction,-11.57,CA
42059,12/6/2013,Restaurant - Chinese,-7.94,CA
42059,12/6/2013,Amazon Order - Paint Bushes,-16.41,CA
42059,12/7/2013,Ashley's Craft Store,-21.9,CA
42059,12/7/2013,Food Delivery - GrubHub,-28.15,CA
42059,12/7/2013,Painting Course Fees,-33.32,CA
42059,12/7/2013,Art Auction,-30.42,CA
42059,12/7/2013,Lyft,-12.41,CA
42059,12/8/2013,Art's Art Supplies,-6.3,CA
42059,12/9/2013,Food Delivery - GrubHub,-13.36,CA
42059,12/9/2013,Amazon Order - Paint Canvas,-26.28,CA
42059,12/10/2013,Public Transportation - Bus Pass,-39.61,CA
42059,12/10/2013,Public Transportation - Bus Pass,-27.72,CA
42059,12/10/2013,Ashley's Craft Store,-15.34,CA
42059,12/10/2013,Taxi,-32.39,CA
42059,12/10/2013,Art's Art Supplies,-39.58,CA
42059,12/10/2013,Whole Foods,-36.75,CA
42059,12/10/2013,Amazon Order - Paint Bushes,-84.79,CA
42059,12/10/2013,Amazon Order - Paint Canvas,-5.66,CA
42059,12/11/2013,Guitar Center,-4.52,CA
42059,12/11/2013,Public Transportation - Train Pass,-39.46,CA
42059,12/11/2013,Restaurant - Pizza,-30.35,CA
42059,12/11/2013,Restaurant - Pizza,-1.52,CA
42059,12/12/2013,Michael's Crafts,-6.49,CA
42059,12/12/2013,Amazon Order - Paint Canvas,-12.37,CA
42059,12/13/2013,Uber,-68.48,CA
42059,12/13/2013,Public Transportation - Train Pass,-73.57,CA
42059,12/13/2013,Guitar Center,-24.79,CA
42059,12/13/2013,Michael's Crafts,-14.4,CA
42059,12/13/2013,Uber,-29.75,CA
42059,12/14/2013,Art's Art Supplies,-26.09,CA
42059,12/14/2013,Painting Course Fees,-6.85,CA
42059,12/14/2013,Whole Foods,-36.12,CA
42059,12/15/2013,Taxi,-36.61,CA
42059,12/15/2013,Art's Art Supplies,-32.99,CA
42059,12/15/2013,Amazon Order - Paint Bushes,-60.09,CA
42059,12/15/2013,Michael's Crafts,-20.48,CA
42059,12/16/2013,Art's Art Supplies,-18.49,CA
42059,12/16/2013,Ashley's Craft Store,-30.08,CA
42059,12/16/2013,Music Lessons - Piano,-18.47,CA
42059,12/17/2013,Painting Course Fees,-39.43,CA
42059,12/18/2013,Ashley's Craft Store,-35.53,CA
42059,12/19/2013,Sprouts Market,-82.25,CA
42059,12/20/2013,Public Transportation - Bus Pass,-18.34,CA
42059,12/21/2013,Whole Foods,-2.05,CA
42059,12/22/2013,Public Transportation - Bus Pass,-17.91,CA
42059,12/22/2013,Restaurant - Burgers,-29.44,CA
42059,12/22/2013,Music Lessons - Piano,-53.41,CA
42059,12/23/2013,Taxi,-20.54,CA
42059,12/23/2013,Art's Art Supplies,-16.37,CA
42059,12/24/2013,Art Auction,-30.04,CA
42059,12/24/2013,Amazon Order - Paint Bushes,-21.51,CA
42059,12/24/2013,Art Auction,-82.42,CA
42059,12/24/2013,Von's Groceries,-69.67,CA
42059,12/24/2013,Art Auction,-18.95,CA
42059,12/24/2013,Amazon Order - Paint Bushes,-12.63,CA
42059,12/24/2013,Restaurant - Steakhouse,-46.74,CA
42059,12/24/2013,Guitar Center,-63.06,CA
42059,12/24/2013,Guitar Center,-8.6,CA
42059,12/25/2013,Michael's Crafts,-2.3,CA
42059,12/25/2013,Restaurant - Burgers,-20.04,CA
42059,12/25/2013,Public Transportation - Bus Pass,-28.64,CA
42059,12/25/2013,Amazon Order - Paint Canvas,-7.83,CA
42059,12/26/2013,Food Delivery - GrubHub,-23.24,CA
42059,12/26/2013,Michael's Crafts,-53.21,CA
42059,12/27/2013,Ashley's Craft Store,-4.84,CA
42059,12/27/2013,Art's Art Supplies,-8.93,CA
42059,12/27/2013,Art's Art Supplies,-18.58,CA
42059,12/28/2013,Painting Course Fees,-37.98,CA
42059,12/28/2013,Whole Foods,-33.83,CA
42059,12/28/2013,Von's Groceries,-47.88,CA
42059,12/28/2013,Guitar Center,-0.02,CA
42059,12/28/2013,Sprouts Market,-18.07,CA
42059,12/29/2013,Taxi,-24.91,CA
42059,12/29/2013,Uber,-100.61,CA
42059,12/29/2013,Restaurant - Chinese,-37.1,CA
42059,12/29/2013,Art Auction,-90.12,CA
42059,12/29/2013,Michael's Crafts,-9.58,CA
42059,12/29/2013,Art Auction,-31.75,CA
42059,12/29/2013,Music Lessons - Piano,-89.49,CA
42059,12/29/2013,Amazon Order - Paint Canvas,-28.29,CA
42059,12/29/2013,Taxi,-30.81,CA
42059,12/30/2013,Amazon Order - Paint Bushes,-8.36,CA
42059,12/30/2013,Music Lessons - Piano,-118.93,CA
42059,12/32/2013,Sprouts Market,-51.72,CA
42059,12/32/2013,Public Transportation - Train Pass,-21.78,CA
42059,12/32/2013,Painting Course Fees,-1.04,CA
42059,12/32/2013,Art's Art Supplies,-38.24,CA
42059,12/32/2013,Sprouts Market,-0.92,CA
42059,12/32/2013,Public Transportation - Train Pass,-3.96,CA
42059,12/32/2013,Amazon Order - Paint Bushes,-30.43,CA
42059,12/32/2013,Ashley's Craft Store,-6.16,CA
42059,1/2/2014,Public Transportation - Bus Pass,-31.54,CA
42059,1/3/2014,Restaurant - Steakhouse,-39.53,CA
42059,1/4/2014,Public Transportation - Train Pass,-22.84,CA
42059,1/4/2014,Amazon Order - Paint Canvas,-6.28,CA
42059,1/5/2014,Von's Groceries,-28.24,CA
42059,1/5/2014,Painting Course Fees,-19.83,CA
42059,1/6/2014,Whole Foods,-6.34,CA
42059,1/6/2014,Food Delivery - GrubHub,-29.23,CA
42059,1/6/2014,Michael's Crafts,-82.42,CA
42059,1/6/2014,Uber,-5.12,CA
42059,1/7/2014,Starbucks Coffee,-119.7,CA
42059,1/7/2014,Michael's Crafts,-0.75,CA
42059,1/8/2014,Von's Groceries,-37.9,CA
42059,1/8/2014,Painting Course Fees,-32.35,CA
42059,1/8/2014,Guitar Center,-29.21,CA
42059,1/8/2014,Art Auction,-91.02,CA
42059,1/9/2014,Amazon Order - Paint Bushes,-22.03,CA
42059,1/9/2014,Public Transportation - Train Pass,-19.57,CA
42059,1/10/2014,Amazon Order - Paint Canvas,-7.6,CA
42059,1/10/2014,Restaurant - Steakhouse,-2.09,CA
42059,1/11/2014,Lyft,-21.28,CA
42059,1/11/2014,Art's Art Supplies,-56.96,CA
42059,1/12/2014,Restaurant - Pizza,-0.99,CA
42059,1/12/2014,Amazon Order - Paint Canvas,-7.71,CA
42059,1/12/2014,Restaurant - Steakhouse,-15.02,CA
42059,1/13/2014,Art Auction,-17.83,CA
42059,1/14/2014,Ralph's Grocery Store,-41.39,CA
42059,1/15/2014,Starbucks Coffee,-11.78,CA
42059,1/15/2014,Amazon Order - Paint Bushes,-21.06,CA
42059,1/15/2014,Guitar Center,-21.32,CA
42059,1/16/2014,Art's Art Supplies,-35.19,CA
42059,1/16/2014,Lyft,-2.83,CA
42059,1/16/2014,Amazon Order - Paint Bushes,-55.61,CA
42059,1/16/2014,Amazon Order - Paint Bushes,-6.47,CA
42059,1/16/2014,Amazon Order - Paint Canvas,-26.03,CA
42059,1/16/2014,Taxi,-39.56,CA
42059,1/16/2014,Guitar Center,-12.96,CA
42059,1/17/2014,Music Lessons - Piano,-6.4,CA
42059,1/17/2014,Amazon Order - Paint Bushes,-24.43,CA
42059,1/17/2014,Ashley's Craft Store,-28.68,CA
42059,1/18/2014,Ralph's Grocery Store,-8.83,CA
42059,1/18/2014,Guitar Center,-22.48,CA
42059,1/19/2014,Ralph's Grocery Store,-38.72,CA
42059,1/19/2014,Painting Course Fees,-20.29,CA
42059,1/19/2014,Guitar Center,-34.27,CA
42059,1/19/2014,Michael's Crafts,-27.22,CA
42059,1/20/2014,Michael's Crafts,-30.84,CA
42059,1/21/2014,Michael's Crafts,-30.62,CA
42059,1/22/2014,Restaurant - Chinese,-98.29,CA
42059,1/23/2014,Art Auction,-32.07,CA
42059,1/23/2014,Restaurant - Steakhouse,-30.53,CA
42059,1/23/2014,Amazon Order - Paint Canvas,-55.88,CA
42059,1/23/2014,Painting Course Fees,-2.79,CA
42059,1/24/2014,Amazon Order - Paint Canvas,-26.34,CA
42059,1/24/2014,Restaurant - Chinese,-0.41,CA
42059,1/25/2014,Food Delivery - GrubHub,-35.59,CA
42059,1/26/2014,Restaurant - Pizza,-8.01,CA
42059,1/26/2014,Painting Course Fees,-54.93,CA
42059,1/26/2014,Amazon Order - Paint Canvas,-36.3,CA
42059,1/27/2014,Ashley's Craft Store,-63.37,CA
42059,1/27/2014,Sprouts Market,-25.39,CA
42059,1/27/2014,Amazon Order - Paint Canvas,-8.27,CA
42059,1/27/2014,Amazon Order - Paint Canvas,-15.74,CA
42059,1/27/2014,Amazon Order - Paint Bushes,-24.38,CA
42059,1/27/2014,Lyft,-37.7,CA
42059,1/27/2014,Music Lessons - Piano,-12.48,CA
42059,1/28/2014,Public Transportation - Bus Pass,-28.13,CA
42059,1/29/2014,Art Auction,-24.52,CA
42059,1/29/2014,Michael's Crafts,-32.3,CA
42059,1/30/2014,Guitar Center,-9.54,CA
42059,1/30/2014,Music Lessons - Piano,-111.67,CA
42059,3/2/2014,Paycheck,2977,CA
42059,3/2/2014,Housing Rent,-782,CA
42059,3/2/2014,Water & Sewer,-53,CA
42059,3/2/2014,Restaurant - Pizza,-51.1,CA
42059,3/2/2014,Restaurant - Steakhouse,-10.4,CA
42059,3/3/2014,Lyft,-6.3,CA
42059,3/4/2014,Von's Groceries,-29.56,CA
42059,3/4/2014,Amazon Order - Paint Canvas,-32.79,CA
42059,3/4/2014,Ashley's Craft Store,-17.95,CA
42059,3/4/2014,Restaurant - Pizza,-18.19,CA
42059,3/4/2014,Public Transportation - Train Pass,-35.94,CA
42059,3/4/2014,Art Auction,-33.88,CA
42059,3/5/2014,Guitar Center,-14.01,CA
42059,3/6/2014,Public Transportation - Bus Pass,-74.08,CA
42059,3/6/2014,Starbucks Coffee,-93.98,CA
42059,3/6/2014,Ashley's Craft Store,-5.22,CA
42059,3/7/2014,Painting Course Fees,-1.23,CA
42059,3/8/2014,Art Auction,-21.09,CA
42059,3/8/2014,Ashley's Craft Store,-4.81,CA
42059,3/8/2014,Art Auction,-33.48,CA
42059,3/8/2014,Guitar Center,-14.49,CA
42059,3/8/2014,Guitar Center,-37.12,CA
42059,3/8/2014,Painting Course Fees,-19.97,CA
42059,3/9/2014,Lyft,-11.41,CA
42059,3/9/2014,Painting Course Fees,-39.68,CA
42059,3/10/2014,Painting Course Fees,-17.61,CA
42059,3/11/2014,Restaurant - Burgers,-35.35,CA
42059,3/12/2014,Guitar Center,-27.29,CA
42059,3/13/2014,Public Transportation - Train Pass,-36.78,CA
42059,3/14/2014,Public Transportation - Train Pass,-2.72,CA
42059,3/15/2014,Michael's Crafts,-2.07,CA
42059,3/15/2014,Painting Course Fees,-9.94,CA
42059,3/15/2014,Art Auction,-33.52,CA
42059,3/16/2014,Food Delivery - GrubHub,-39.42,CA
42059,3/16/2014,Ashley's Craft Store,-36.64,CA
42059,3/16/2014,Art's Art Supplies,-37.86,CA
42059,3/16/2014,Taxi,-4.21,CA
42059,3/16/2014,Painting Course Fees,-22.76,CA
42059,3/16/2014,Ashley's Craft Store,-17.81,CA
42059,3/16/2014,Taxi,-31.43,CA
42059,3/17/2014,Amazon Order - Paint Bushes,-11.43,CA
42059,3/17/2014,Painting Course Fees,-24.63,CA
42059,3/17/2014,Public Transportation - Train Pass,-12.84,CA
42059,3/18/2014,Public Transportation - Bus Pass,-81.33,CA
42059,3/18/2014,Taxi,-32.75,CA
42059,3/19/2014,Public Transportation - Bus Pass,-31.71,CA
42059,3/20/2014,Restaurant - Pizza,-38.81,CA
42059,3/21/2014,Painting Course Fees,-65.36,CA
42059,3/22/2014,Art Auction,-27.27,CA
42059,3/22/2014,Amazon Order - Paint Canvas,-0.41,CA
42059,3/22/2014,Restaurant - Chinese,-5.19,CA
42059,3/22/2014,Art's Art Supplies,-13.37,CA
42059,3/23/2014,Von's Groceries,-35.75,CA
42059,3/23/2014,Food Delivery - GrubHub,-93.32,CA
42059,3/23/2014,Public Transportation - Train Pass,-3.67,CA
42059,3/24/2014,Public Transportation - Bus Pass,-13.71,CA
42059,3/25/2014,Michael's Crafts,-33.21,CA
42059,3/26/2014,Guitar Center,-10.82,CA
42059,3/26/2014,Michael's Crafts,-16.42,CA
42059,3/27/2014,Art's Art Supplies,-16.29,CA
42059,3/27/2014,Painting Course Fees,-34.29,CA
42059,3/27/2014,Art Auction,-104.69,CA
42059,3/27/2014,Food Delivery - GrubHub,-10.91,CA
42059,3/28/2014,Amazon Order - Paint Canvas,-35.29,CA
42059,3/29/2014,Restaurant - Chinese,-34.71,CA
42059,3/29/2014,Amazon Order - Paint Bushes,-35.97,CA
42059,3/29/2014,Music Lessons - Piano,-15.4,CA
42059,3/29/2014,Restaurant - Burgers,-17.36,CA
42059,3/29/2014,Painting Course Fees,-12.88,CA
42059,3/29/2014,Von's Groceries,-66.21,CA
42059,3/30/2014,Starbucks Coffee,-21.35,CA
42059,3/30/2014,Public Transportation - Train Pass,-17.02,CA
42059,4/2/2014,Paycheck,2977,CA
42059,4/2/2014,Housing Rent,-753,CA
42059,4/2/2014,Water & Sewer,-53,CA
42059,4/2/2014,Lyft,-12.84,CA
42059,4/3/2014,Public Transportation - Bus Pass,-7.18,CA
42059,4/4/2014,Restaurant - Steakhouse,-43.89,CA
42059,4/5/2014,Music Lessons - Piano,-26.62,CA
42059,4/5/2014,Guitar Center,-53.35,CA
42059,4/6/2014,Guitar Center,-5.3,CA
42059,4/6/2014,Restaurant - Steakhouse,-37.92,CA
42059,4/6/2014,Food Delivery - GrubHub,-88.1,CA
42059,4/6/2014,Painting Course Fees,-42.31,CA
42059,4/7/2014,Music Lessons - Piano,-92.14,CA
42059,4/7/2014,Guitar Center,-31.46,CA
42059,4/7/2014,Amazon Order - Paint Bushes,-11.89,CA
42059,4/8/2014,Music Lessons - Piano,-10.95,CA
42059,4/8/2014,Michael's Crafts,-19.68,CA
42059,4/8/2014,Food Delivery - GrubHub,-2.01,CA
42059,4/9/2014,Public Transportation - Bus Pass,-23.31,CA
42059,4/10/2014,Painting Course Fees,-30.62,CA
42059,4/10/2014,Painting Course Fees,-117.33,CA
42059,4/10/2014,Painting Course Fees,-12.32,CA
42059,4/10/2014,Whole Foods,-33.15,CA
42059,4/10/2014,Lyft,-7.04,CA
42059,4/10/2014,Food Delivery - GrubHub,-43.59,CA
42059,4/10/2014,Painting Course Fees,-112,CA
42059,4/11/2014,Guitar Center,-91.12,CA
42059,4/11/2014,Amazon Order - Paint Bushes,-36.06,CA
42059,4/11/2014,Taxi,-31.03,CA
42059,4/11/2014,Michael's Crafts,-80.38,CA
42059,4/12/2014,Restaurant - Pizza,-19.56,CA
42059,4/12/2014,Ralph's Grocery Store,-96.14,CA
42059,4/13/2014,Uber,-59.58,CA
42059,4/13/2014,Amazon Order - Paint Canvas,-33.91,CA
42059,4/14/2014,Art's Art Supplies,-98.48,CA
42059,4/14/2014,Ashley's Craft Store,-28.51,CA
42059,4/14/2014,Music Lessons - Piano,-10.63,CA
42059,4/14/2014,Uber,-3.02,CA
42059,4/15/2014,Art's Art Supplies,-20.12,CA
42059,4/16/2014,Public Transportation - Train Pass,-21.33,CA
42059,4/16/2014,Ashley's Craft Store,-1.42,CA
42059,4/17/2014,Public Transportation - Bus Pass,-17.47,CA
42059,4/17/2014,Sprouts Market,-7.4,CA
42059,4/17/2014,Amazon Order - Paint Bushes,-8.18,CA
42059,4/17/2014,Ralph's Grocery Store,-61.65,CA
42059,4/17/2014,Amazon Order - Paint Canvas,-34.53,CA
42059,4/17/2014,Public Transportation - Train Pass,-24.76,CA
42059,4/18/2014,Guitar Center,-2.63,CA
42059,4/19/2014,Uber,-0.95,CA
42059,4/20/2014,Taxi,-36.66,CA
42059,4/20/2014,Public Transportation - Bus Pass,-2.94,CA
42059,4/20/2014,Art Auction,-1.82,CA
42059,4/21/2014,Von's Groceries,-7.87,CA
42059,4/22/2014,Music Lessons - Piano,-117.92,CA
42059,4/22/2014,Art's Art Supplies,-19.06,CA
42059,4/22/2014,Ashley's Craft Store,-21.14,CA
42059,4/23/2014,Restaurant - Steakhouse,-60.33,CA
42059,4/24/2014,Music Lessons - Piano,-11.71,CA
42059,4/25/2014,Guitar Center,-7.58,CA
42059,4/26/2014,Public Transportation - Train Pass,-24.58,CA
42059,4/26/2014,Painting Course Fees,-34.41,CA
42059,4/26/2014,Michael's Crafts,-26.02,CA
42059,4/27/2014,Ashley's Craft Store,-9.93,CA
42059,4/28/2014,Restaurant - Burgers,-33.32,CA
42059,4/28/2014,Taxi,-23.12,CA
42059,4/29/2014,Guitar Center,-14.71,CA
42059,4/30/2014,Amazon Order - Paint Canvas,-37.15,CA
42059,5/2/2014,Paycheck,2977,CA
42059,5/2/2014,Housing Rent,-1287,CA
42059,5/2/2014,Water & Sewer,-53,CA
42059,5/2/2014,Ashley's Craft Store,-22.09,CA
42059,5/2/2014,Amazon Order - Paint Canvas,-9.01,CA
42059,5/2/2014,Music Lessons - Piano,-11.51,CA
42059,5/2/2014,Music Lessons - Piano,-20.26,CA
42059,5/3/2014,Guitar Center,-19.9,CA
42059,5/3/2014,Food Delivery - GrubHub,-39.13,CA
42059,5/3/2014,Amazon Order - Paint Canvas,-3.94,CA
42059,5/3/2014,Restaurant - Steakhouse,-16.24,CA
42059,5/4/2014,Ashley's Craft Store,-15.09,CA
42059,5/5/2014,Michael's Crafts,-28.2,CA
42059,5/5/2014,Amazon Order - Paint Canvas,-3.59,CA
42059,5/5/2014,Guitar Center,-3.64,CA
42059,5/5/2014,Restaurant - Burgers,-79.73,CA
42059,5/6/2014,Painting Course Fees,-48.86,CA
42059,5/6/2014,Restaurant - Pizza,-98.47,CA
42059,5/7/2014,Ralph's Grocery Store,-43.75,CA
42059,5/8/2014,Music Lessons - Piano,-9.5,CA
42059,5/8/2014,Uber,-34.27,CA
42059,5/8/2014,Amazon Order - Paint Bushes,-13.51,CA
42059,5/8/2014,Painting Course Fees,-10.98,CA
42059,5/9/2014,Von's Groceries,-10.92,CA
42059,5/9/2014,Uber,-72.09,CA
42059,5/9/2014,Public Transportation - Bus Pass,-15.79,CA
42059,5/9/2014,Painting Course Fees,-36.72,CA
42059,5/9/2014,Art's Art Supplies,-32.53,CA
42059,5/9/2014,Guitar Center,-13.68,CA
42059,5/9/2014,Ashley's Craft Store,-67.2,CA
42059,5/9/2014,Sprouts Market,-25.55,CA
42059,5/9/2014,Music Lessons - Piano,-111.3,CA
42059,5/9/2014,Music Lessons - Piano,-36.12,CA
42059,5/9/2014,Art's Art Supplies,-79.26,CA
42059,5/9/2014,Amazon Order - Paint Bushes,-19.08,CA
42059,5/9/2014,Lyft,-84.17,CA
42059,5/10/2014,Sprouts Market,-27.57,CA
42059,5/11/2014,Amazon Order - Paint Bushes,-19.99,CA
42059,5/11/2014,Taxi,-97.74,CA
42059,5/11/2014,Amazon Order - Paint Canvas,-50.2,CA
42059,5/11/2014,Music Lessons - Piano,-5.06,CA
42059,5/11/2014,Michael's Crafts,-25.12,CA
42059,5/12/2014,Taxi,-25.33,CA
42059,5/12/2014,Amazon Order - Paint Bushes,-0.79,CA
42059,5/12/2014,Michael's Crafts,-39.89,CA
42059,5/12/2014,Amazon Order - Paint Bushes,-8.85,CA
42059,5/12/2014,Public Transportation - Train Pass,-5.19,CA
42059,5/12/2014,Restaurant - Burgers,-18.26,CA
42059,5/12/2014,Guitar Center,-27.07,CA
42059,5/13/2014,Amazon Order - Paint Bushes,-34.34,CA
42059,5/13/2014,Von's Groceries,-31.4,CA
42059,5/13/2014,Ralph's Grocery Store,-27.82,CA
42059,5/13/2014,Michael's Crafts,-24.41,CA
42059,5/13/2014,Music Lessons - Piano,-7.06,CA
42059,5/13/2014,Uber,-28.47,CA
42059,5/13/2014,Michael's Crafts,-11.92,CA
42059,5/13/2014,Taxi,-106.64,CA
42059,5/13/2014,Art Auction,-99.61,CA
42059,5/13/2014,Art's Art Supplies,-11.61,CA
42059,5/13/2014,Restaurant - Steakhouse,-4.98,CA
42059,5/14/2014,Guitar Center,-2.81,CA
42059,5/14/2014,Music Lessons - Piano,-38.12,CA
42059,5/15/2014,Taxi,-4.32,CA
42059,5/15/2014,Amazon Order - Paint Bushes,-20.6,CA
42059,5/15/2014,Lyft,-9.9,CA
42059,5/15/2014,Guitar Center,-5.13,CA
42059,5/15/2014,Art Auction,-24.88,CA
42059,5/15/2014,Art's Art Supplies,-20.14,CA
42059,5/15/2014,Art Auction,-81.91,CA
42059,5/15/2014,Art Auction,-48.39,CA
42059,5/16/2014,Lyft,-11.67,CA
42059,5/17/2014,Public Transportation - Train Pass,-0.59,CA
42059,5/17/2014,Ashley's Craft Store,-10.68,CA
42059,5/17/2014,Von's Groceries,-16.86,CA
42059,5/18/2014,Art's Art Supplies,-43.42,CA
42059,5/18/2014,Lyft,-32.44,CA
42059,5/19/2014,Von's Groceries,-14.5,CA
42059,5/20/2014,Public Transportation - Train Pass,-21.38,CA
42059,5/21/2014,Food Delivery - GrubHub,-37.7,CA
42059,5/22/2014,Amazon Order - Paint Bushes,-32.02,CA
42059,5/23/2014,Painting Course Fees,-13.83,CA
42059,5/24/2014,Restaurant - Burgers,-111.63,CA
42059,5/25/2014,Music Lessons - Piano,-55.93,CA
42059,5/25/2014,Taxi,-22.69,CA
42059,5/26/2014,Taxi,-18.31,CA
42059,5/26/2014,Public Transportation - Train Pass,-80.48,CA
42059,5/27/2014,Art Auction,-2.49,CA
42059,5/28/2014,Food Delivery - GrubHub,-98.86,CA
42059,5/29/2014,Art Auction,-5.96,CA
42059,5/29/2014,Amazon Order - Paint Canvas,-15.39,CA
42059,5/29/2014,Ashley's Craft Store,-33.03,CA
42059,5/29/2014,Public Transportation - Bus Pass,-12.26,CA
42059,5/29/2014,Uber,-75.03,CA
42059,5/29/2014,Music Lessons - Piano,-96.73,CA
42059,5/29/2014,Painting Course Fees,-1.42,CA
42059,5/29/2014,Music Lessons - Piano,-95.18,CA
42059,5/30/2014,Uber,-3.19,CA
42059,5/30/2014,Michael's Crafts,-25.62,CA
42059,6/2/2014,Paycheck,2977,CA
42059,6/2/2014,Housing Rent,-917,CA
42059,6/2/2014,Water & Sewer,-53,CA
42059,6/2/2014,Amazon Order - Paint Bushes,-14.04,CA
42059,6/3/2014,Lyft,-28.11,CA
42059,6/4/2014,Painting Course Fees,-28.95,CA
42059,6/4/2014,Food Delivery - GrubHub,-100.75,CA
42059,6/5/2014,Ashley's Craft Store,-26.49,CA
42059,6/6/2014,Painting Course Fees,-20.08,CA
42059,6/6/2014,Amazon Order - Paint Bushes,-36.51,CA
42059,6/6/2014,Ashley's Craft Store,-7.08,CA
42059,6/6/2014,Art's Art Supplies,-13.12,CA
42059,6/6/2014,Painting Course Fees,-15.69,CA
42059,6/6/2014,Amazon Order - Paint Bushes,-35.6,CA
42059,6/7/2014,Starbucks Coffee,-2.74,CA
42059,6/7/2014,Guitar Center,-109.41,CA
42059,6/8/2014,Painting Course Fees,-7.31,CA
42059,6/9/2014,Amazon Order - Paint Canvas,-36.46,CA
42059,6/10/2014,Ashley's Craft Store,-8.15,CA
42059,6/11/2014,Ashley's Craft Store,-48.6,CA
42059,6/12/2014,Public Transportation - Bus Pass,-15.53,CA
42059,6/12/2014,Michael's Crafts,-11.19,CA
42059,6/12/2014,Painting Course Fees,-32.67,CA
42059,6/12/2014,Music Lessons - Piano,-2.59,CA
42059,6/13/2014,Art's Art Supplies,-20.59,CA
42059,6/13/2014,Painting Course Fees,-9.77,CA
42059,6/14/2014,Ashley's Craft Store,-4.13,CA
42059,6/14/2014,Art's Art Supplies,-1.14,CA
42059,6/14/2014,Art Auction,-108.17,CA
42059,6/15/2014,Painting Course Fees,-27.76,CA
42059,6/16/2014,Public Transportation - Train Pass,-45.3,CA
42059,6/17/2014,Michael's Crafts,-24.59,CA
42059,6/18/2014,Uber,-29.27,CA
42059,6/19/2014,Public Transportation - Bus Pass,-35.44,CA
42059,6/20/2014,Guitar Center,-15.27,CA
42059,6/20/2014,Music Lessons - Piano,-58.58,CA
42059,6/20/2014,Art Auction,-109.62,CA
42059,6/21/2014,Ralph's Grocery Store,-38.68,CA
42059,6/21/2014,Art Auction,-6.97,CA
42059,6/21/2014,Art Auction,-25.87,CA
42059,6/21/2014,Music Lessons - Piano,-36.34,CA
42059,6/21/2014,Public Transportation - Train Pass,-16.85,CA
42059,6/21/2014,Von's Groceries,-23.63,CA
42059,6/22/2014,Ashley's Craft Store,-34.87,CA
42059,6/22/2014,Ashley's Craft Store,-0.72,CA
42059,6/23/2014,Amazon Order - Paint Bushes,-7.21,CA
42059,6/24/2014,Art's Art Supplies,-33.38,CA
42059,6/24/2014,Restaurant - Pizza,-22.67,CA
42059,6/24/2014,Starbucks Coffee,-119.43,CA
42059,6/24/2014,Ashley's Craft Store,-21.12,CA
42059,6/25/2014,Uber,-5.93,CA
42059,6/25/2014,Restaurant - Chinese,-19.16,CA
42059,6/26/2014,Uber,-27.52,CA
42059,6/26/2014,Amazon Order - Paint Canvas,-16.38,CA
42059,6/26/2014,Art's Art Supplies,-16.04,CA
42059,6/26/2014,Public Transportation - Train Pass,-26.72,CA
42059,6/26/2014,Uber,-5.02,CA
42059,6/27/2014,Art Auction,-6.53,CA
42059,6/27/2014,Restaurant - Chinese,-34.56,CA
42059,6/28/2014,Music Lessons - Piano,-2.92,CA
42059,6/28/2014,Amazon Order - Paint Canvas,-9.1,CA
42059,6/28/2014,Taxi,-9.24,CA
42059,6/28/2014,Public Transportation - Bus Pass,-26.96,CA
42059,6/28/2014,Michael's Crafts,-5.18,CA
42059,6/28/2014,Amazon Order - Paint Canvas,-5.11,CA
42059,6/29/2014,Taxi,-17.1,CA
42059,6/29/2014,Public Transportation - Bus Pass,-51.73,CA
42059,6/29/2014,Restaurant - Steakhouse,-20.98,CA
42059,6/29/2014,Public Transportation - Bus Pass,-30.2,CA
42059,6/30/2014,Taxi,-37.28,CA
42059,6/30/2014,Guitar Center,-31.5,CA
42059,6/30/2014,Art's Art Supplies,-22.88,CA
42059,6/30/2014,Uber,-14.58,CA
42059,7/2/2014,Paycheck,2977,CA
42059,7/2/2014,Housing Rent,-1242,CA
42059,7/2/2014,Water & Sewer,-53,CA
42059,7/2/2014,Art's Art Supplies,-16.03,CA
42059,7/2/2014,Art's Art Supplies,-2.36,CA
42059,7/3/2014,Taxi,-29.61,CA
42059,7/3/2014,Amazon Order - Paint Canvas,-12.83,CA
42059,7/3/2014,Art's Art Supplies,-38.69,CA
42059,7/3/2014,Public Transportation - Bus Pass,-1.02,CA
42059,7/3/2014,Michael's Crafts,-17.31,CA
42059,7/3/2014,Guitar Center,-32.8,CA
42059,7/3/2014,Amazon Order - Paint Canvas,-39.68,CA
42059,7/3/2014,Taxi,-58.93,CA
42059,7/3/2014,Amazon Order - Paint Bushes,-70.86,CA
42059,7/3/2014,Restaurant - Pizza,-16.76,CA
42059,7/3/2014,Lyft,-25.47,CA
42059,7/4/2014,Ashley's Craft Store,-23.58,CA
42059,7/4/2014,Music Lessons - Piano,-35.98,CA
42059,7/4/2014,Music Lessons - Piano,-2.11,CA
42059,7/4/2014,Whole Foods,-20.8,CA
42059,7/5/2014,Art's Art Supplies,-32.18,CA
42059,7/5/2014,Michael's Crafts,-39.78,CA
42059,7/5/2014,Von's Groceries,-6.35,CA
42059,7/6/2014,Amazon Order - Paint Canvas,-36.65,CA
42059,7/7/2014,Michael's Crafts,-63.05,CA
42059,7/8/2014,Amazon Order - Paint Bushes,-11.75,CA
42059,7/8/2014,Painting Course Fees,-21.57,CA
42059,7/8/2014,Von's Groceries,-30.31,CA
42059,7/8/2014,Painting Course Fees,-16,CA
42059,7/8/2014,Painting Course Fees,-34.86,CA
42059,7/8/2014,Amazon Order - Paint Bushes,-87.38,CA
42059,7/8/2014,Art's Art Supplies,-28.08,CA
42059,7/9/2014,Ashley's Craft Store,-37.83,CA
42059,7/10/2014,Art's Art Supplies,-24.51,CA
42059,7/10/2014,Amazon Order - Paint Bushes,-17.18,CA
42059,7/10/2014,Uber,-30.98,CA
42059,7/10/2014,Amazon Order - Paint Bushes,-30.01,CA
42059,7/11/2014,Painting Course Fees,-15.73,CA
42059,7/11/2014,Restaurant - Chinese,-10.77,CA
42059,7/11/2014,Music Lessons - Piano,-26.65,CA
42059,7/11/2014,Starbucks Coffee,-12.91,CA
42059,7/11/2014,Lyft,-7.75,CA
42059,7/12/2014,Ashley's Craft Store,-7.03,CA
42059,7/12/2014,Public Transportation - Bus Pass,-22.84,CA
42059,7/13/2014,Taxi,-32.38,CA
42059,7/14/2014,Uber,-11.94,CA
42059,7/14/2014,Art's Art Supplies,-13.51,CA
42059,7/14/2014,Lyft,-38.58,CA
42059,7/14/2014,Lyft,-81.36,CA
42059,7/14/2014,Taxi,-17.45,CA
42059,7/14/2014,Restaurant - Chinese,-17.83,CA
42059,7/15/2014,Art Auction,-62.96,CA
42059,7/15/2014,Public Transportation - Bus Pass,-32.58,CA
42059,7/15/2014,Art Auction,-91.95,CA
42059,7/15/2014,Amazon Order - Paint Canvas,-13.29,CA
42059,7/15/2014,Ashley's Craft Store,-33.11,CA
42059,7/15/2014,Lyft,-35.51,CA
42059,7/15/2014,Food Delivery - GrubHub,-37.23,CA
42059,7/15/2014,Music Lessons - Piano,-81.87,CA
42059,7/15/2014,Art's Art Supplies,-53.32,CA
42059,7/15/2014,Food Delivery - GrubHub,-66.02,CA
42059,7/16/2014,Public Transportation - Bus Pass,-39.17,CA
42059,7/17/2014,Von's Groceries,-21.02,CA
42059,7/18/2014,Public Transportation - Bus Pass,-1.66,CA
42059,7/18/2014,Ashley's Craft Store,-16.71,CA
42059,7/18/2014,Sprouts Market,-30.02,CA
42059,7/18/2014,Painting Course Fees,-21.77,CA
42059,7/19/2014,Taxi,-66.02,CA
42059,7/19/2014,Public Transportation - Train Pass,-26.18,CA
42059,7/19/2014,Restaurant - Burgers,-23.85,CA
42059,7/19/2014,Art's Art Supplies,-5.35,CA
42059,7/19/2014,Public Transportation - Bus Pass,-38.99,CA
42059,7/19/2014,Amazon Order - Paint Bushes,-1.53,CA
42059,7/19/2014,Guitar Center,-1.77,CA
42059,7/19/2014,Ashley's Craft Store,-68.25,CA
42059,7/20/2014,Ralph's Grocery Store,-76.74,CA
42059,7/20/2014,Painting Course Fees,-32.95,CA
42059,7/20/2014,Food Delivery - GrubHub,-16.44,CA
42059,7/20/2014,Restaurant - Burgers,-39.42,CA
42059,7/20/2014,Amazon Order - Paint Bushes,-111.38,CA
42059,7/20/2014,Painting Course Fees,-19.38,CA
42059,7/20/2014,Art Auction,-22.05,CA
42059,7/20/2014,Uber,-5.32,CA
42059,7/20/2014,Music Lessons - Piano,-29.88,CA
42059,7/21/2014,Ashley's Craft Store,-35.44,CA
42059,7/22/2014,Public Transportation - Train Pass,-31.12,CA
42059,7/23/2014,Public Transportation - Train Pass,-82.24,CA
42059,7/23/2014,Taxi,-84.47,CA
42059,7/23/2014,Art's Art Supplies,-0.86,CA
42059,7/23/2014,Ashley's Craft Store,-6.45,CA
42059,7/23/2014,Amazon Order - Paint Canvas,-26.59,CA
42059,7/23/2014,Music Lessons - Piano,-26.88,CA
42059,7/23/2014,Music Lessons - Piano,-39.85,CA
42059,7/23/2014,Painting Course Fees,-32.17,CA
42059,7/23/2014,Michael's Crafts,-26.78,CA
42059,7/24/2014,Amazon Order - Paint Bushes,-25.13,CA
42059,7/24/2014,Amazon Order - Paint Bushes,-10.5,CA
42059,7/24/2014,Michael's Crafts,-39.15,CA
42059,7/24/2014,Restaurant - Burgers,-88.08,CA
42059,7/24/2014,Lyft,-11.75,CA
42059,7/24/2014,Michael's Crafts,-32.17,CA
42059,7/25/2014,Starbucks Coffee,-17.53,CA
42059,7/26/2014,Starbucks Coffee,-12.64,CA
42059,7/26/2014,Ralph's Grocery Store,-12.93,CA
42059,7/27/2014,Von's Groceries,-8.43,CA
42059,7/27/2014,Amazon Order - Paint Canvas,-21.38,CA
42059,7/27/2014,Guitar Center,-21.18,CA
42059,7/27/2014,Taxi,-3.44,CA
42059,7/28/2014,Public Transportation - Bus Pass,-17.73,CA
42059,7/28/2014,Michael's Crafts,-2.16,CA
42059,7/28/2014,Art Auction,-99.18,CA
42059,7/28/2014,Von's Groceries,-14.32,CA
42059,7/28/2014,Amazon Order - Paint Canvas,-1,CA
42059,7/28/2014,Food Delivery - GrubHub,-7.47,CA
42059,7/28/2014,Painting Course Fees,-20.05,CA
42059,7/28/2014,Whole Foods,-37.55,CA
42059,7/29/2014,Art's Art Supplies,-6.39,CA
42059,7/29/2014,Restaurant - Chinese,-93.08,CA
42059,7/29/2014,Restaurant - Chinese,-28.97,CA
42059,7/30/2014,Starbucks Coffee,-6.23,CA
42059,7/30/2014,Painting Course Fees,-36.93,CA
42059,7/30/2014,Starbucks Coffee,-17.21,CA
42059,8/2/2014,Paycheck,2977,CA
42059,8/2/2014,Housing Rent,-1379,CA
42059,8/2/2014,Water & Sewer,-53,CA
42059,8/2/2014,Whole Foods,-9.14,CA
42059,8/2/2014,Lyft,-17.79,CA
42059,8/3/2014,Sprouts Market,-23.45,CA
42059,8/3/2014,Amazon Order - Paint Canvas,-18.04,CA
42059,8/3/2014,Amazon Order - Paint Bushes,-39.75,CA
42059,8/4/2014,Amazon Order - Paint Canvas,-9.83,CA
42059,8/4/2014,Amazon Order - Paint Bushes,-38.34,CA
42059,8/5/2014,Von's Groceries,-26.15,CA
42059,8/5/2014,Art's Art Supplies,-36.67,CA
42059,8/5/2014,Uber,-11.27,CA
42059,8/5/2014,Painting Course Fees,-85.23,CA
42059,8/6/2014,Guitar Center,-13.78,CA
42059,8/6/2014,Michael's Crafts,-36.77,CA
42059,8/7/2014,Food Delivery - GrubHub,-37.49,CA
42059,8/8/2014,Ashley's Craft Store,-95.85,CA
42059,8/8/2014,Amazon Order - Paint Bushes,-24.98,CA
42059,8/8/2014,Starbucks Coffee,-20.75,CA
42059,8/8/2014,Amazon Order - Paint Canvas,-24.9,CA
42059,8/8/2014,Amazon Order - Paint Canvas,-21,CA
42059,8/8/2014,Michael's Crafts,-23.49,CA
42059,8/8/2014,Public Transportation - Bus Pass,-84.09,CA
42059,8/9/2014,Restaurant - Pizza,-12.58,CA
42059,8/9/2014,Sprouts Market,-21.3,CA
42059,8/9/2014,Taxi,-16.61,CA
42059,8/9/2014,Sprouts Market,-66.48,CA
42059,8/10/2014,Uber,-6.06,CA
42059,8/10/2014,Uber,-111.45,CA
42059,8/10/2014,Art's Art Supplies,-75.55,CA
42059,8/11/2014,Art's Art Supplies,-21.57,CA
42059,8/11/2014,Ashley's Craft Store,-49.62,CA
42059,8/11/2014,Painting Course Fees,-92.94,CA
42059,8/11/2014,Ashley's Craft Store,-37.61,CA
42059,8/11/2014,Amazon Order - Paint Bushes,-5.91,CA
42059,8/11/2014,Music Lessons - Piano,-22.82,CA
42059,8/11/2014,Restaurant - Pizza,-38.69,CA
42059,8/11/2014,Restaurant - Chinese,-4.64,CA
42059,8/12/2014,Whole Foods,-9.37,CA
42059,8/12/2014,Amazon Order - Paint Bushes,-23.72,CA
42059,8/12/2014,Guitar Center,-25.53,CA
42059,8/12/2014,Michael's Crafts,-61.47,CA
42059,8/13/2014,Amazon Order - Paint Canvas,-30.74,CA
42059,8/13/2014,Guitar Center,-3.24,CA
42059,8/13/2014,Restaurant - Steakhouse,-13.48,CA
42059,8/14/2014,Taxi,-12.21,CA
42059,8/14/2014,Amazon Order - Paint Canvas,-11.52,CA
42059,8/14/2014,Amazon Order - Paint Canvas,-24.9,CA
42059,8/14/2014,Painting Course Fees,-96.4,CA
42059,8/14/2014,Art's Art Supplies,-33.83,CA
42059,8/15/2014,Ralph's Grocery Store,-27.26,CA
42059,8/15/2014,Public Transportation - Bus Pass,-109.05,CA
42059,8/15/2014,Public Transportation - Train Pass,-13.58,CA
42059,8/15/2014,Amazon Order - Paint Bushes,-28.83,CA
42059,8/15/2014,Painting Course Fees,-36.2,CA
42059,8/15/2014,Uber,-31.59,CA
42059,8/15/2014,Guitar Center,-17.37,CA
42059,8/16/2014,Painting Course Fees,-9.23,CA
42059,8/17/2014,Ashley's Craft Store,-29,CA
42059,8/17/2014,Restaurant - Chinese,-109.63,CA
42059,8/17/2014,Taxi,-11.44,CA
42059,8/18/2014,Amazon Order - Paint Canvas,-18.39,CA
42059,8/18/2014,Michael's Crafts,-26.66,CA
42059,8/19/2014,Public Transportation - Bus Pass,-9.6,CA
42059,8/19/2014,Art Auction,-14.74,CA
42059,8/19/2014,Amazon Order - Paint Canvas,-36.98,CA
42059,8/19/2014,Amazon Order - Paint Canvas,-19.73,CA
42059,8/19/2014,Guitar Center,-3.6,CA
42059,8/19/2014,Uber,-4.18,CA
42059,8/19/2014,Guitar Center,-14.62,CA
42059,8/19/2014,Starbucks Coffee,-23.21,CA
42059,8/19/2014,Lyft,-5.58,CA
42059,8/19/2014,Art Auction,-21.73,CA
42059,8/20/2014,Painting Course Fees,-3.46,CA
42059,8/20/2014,Amazon Order - Paint Bushes,-14.14,CA
42059,8/21/2014,Taxi,-96.79,CA
42059,8/21/2014,Painting Course Fees,-30.22,CA
42059,8/21/2014,Taxi,-108.13,CA
42059,8/21/2014,Painting Course Fees,-19.24,CA
42059,8/21/2014,Starbucks Coffee,-3,CA
42059,8/22/2014,Sprouts Market,-23.18,CA
42059,8/23/2014,Ashley's Craft Store,-107,CA
42059,8/24/2014,Ashley's Craft Store,-39.02,CA
42059,8/25/2014,Amazon Order - Paint Bushes,-77.88,CA
42059,8/25/2014,Art Auction,-26.88,CA
42059,8/25/2014,Uber,-9.55,CA
42059,8/26/2014,Amazon Order - Paint Bushes,-23.29,CA
42059,8/27/2014,Uber,-27.19,CA
42059,8/27/2014,Guitar Center,-20.44,CA
42059,8/27/2014,Ashley's Craft Store,-21.33,CA
42059,8/27/2014,Amazon Order - Paint Bushes,-32.77,CA
42059,8/28/2014,Amazon Order - Paint Bushes,-60.54,CA
42059,8/29/2014,Public Transportation - Train Pass,-92.33,CA
42059,8/29/2014,Sprouts Market,-25.09,CA
42059,8/29/2014,Taxi,-20.7,CA
42059,8/29/2014,Whole Foods,-36.25,CA
42059,8/30/2014,Public Transportation - Train Pass,-36.56,CA
42059,8/30/2014,Art's Art Supplies,-24.45,CA
42059,9/2/2014,Paycheck,2977,CA
42059,9/2/2014,Housing Rent,-1207,CA
42059,9/2/2014,Water & Sewer,-53,CA
42059,9/2/2014,Amazon Order - Paint Canvas,-6.01,CA
42059,9/2/2014,Amazon Order - Paint Canvas,-37.28,CA
42059,9/2/2014,Painting Course Fees,-74.04,CA
42059,9/2/2014,Uber,-3.21,CA
42059,9/2/2014,Starbucks Coffee,-24.98,CA
42059,9/2/2014,Painting Course Fees,-39.47,CA
42059,9/2/2014,Amazon Order - Paint Canvas,-12.74,CA
42059,9/2/2014,Amazon Order - Paint Canvas,-37.81,CA
42059,9/2/2014,Amazon Order - Paint Bushes,-38.87,CA
42059,9/2/2014,Art Auction,-2.42,CA
42059,9/3/2014,Whole Foods,-20.43,CA
42059,9/4/2014,Lyft,-25.1,CA
42059,9/5/2014,Public Transportation - Train Pass,-6.5,CA
42059,9/6/2014,Restaurant - Pizza,-17.16,CA
42059,9/6/2014,Lyft,-13.22,CA
42059,9/6/2014,Amazon Order - Paint Canvas,-22.81,CA
42059,9/6/2014,Food Delivery - GrubHub,-29.73,CA
42059,9/6/2014,Art Auction,-8.18,CA
42059,9/6/2014,Public Transportation - Bus Pass,-4.61,CA
42059,9/6/2014,Restaurant - Steakhouse,-23.39,CA
42059,9/6/2014,Restaurant - Pizza,-88.42,CA
42059,9/6/2014,Lyft,-31.09,CA
42059,9/6/2014,Amazon Order - Paint Canvas,-26.99,CA
42059,9/6/2014,Michael's Crafts,-33.2,CA
42059,9/6/2014,Public Transportation - Train Pass,-31.06,CA
42059,9/7/2014,Restaurant - Burgers,-2.14,CA
42059,9/7/2014,Guitar Center,-43.71,CA
42059,9/8/2014,Guitar Center,-79.08,CA
42059,9/9/2014,Music Lessons - Piano,-36.78,CA
42059,9/9/2014,Lyft,-11.21,CA
42059,9/9/2014,Guitar Center,-16.14,CA
42059,9/9/2014,Food Delivery - GrubHub,-19.21,CA
42059,9/10/2014,Ashley's Craft Store,-11.21,CA
42059,9/10/2014,Amazon Order - Paint Bushes,-1.17,CA
42059,9/10/2014,Food Delivery - GrubHub,-8.01,CA
42059,9/10/2014,Amazon Order - Paint Canvas,-0.85,CA
42059,9/10/2014,Amazon Order - Paint Canvas,-29.49,CA
42059,9/11/2014,Painting Course Fees,-1.3,CA
42059,9/11/2014,Michael's Crafts,-14.3,CA
42059,9/11/2014,Music Lessons - Piano,-20.37,CA
42059,9/11/2014,Art's Art Supplies,-72.07,CA
42059,9/11/2014,Amazon Order - Paint Canvas,-16.89,CA
42059,9/11/2014,Art Auction,-22.15,CA
42059,9/12/2014,Ashley's Craft Store,-40.42,CA
42059,9/13/2014,Art's Art Supplies,-36.94,CA
42059,9/13/2014,Art's Art Supplies,-74,CA
42059,9/14/2014,Taxi,-35.73,CA
42059,9/14/2014,Ashley's Craft Store,-84.58,CA
42059,9/15/2014,Taxi,-79.32,CA
42059,9/15/2014,Guitar Center,-15.98,CA
42059,9/15/2014,Whole Foods,-1.63,CA
42059,9/15/2014,Uber,-103.14,CA
42059,9/15/2014,Public Transportation - Bus Pass,-1.57,CA
42059,9/16/2014,Painting Course Fees,-11.01,CA
42059,9/16/2014,Ashley's Craft Store,-76.38,CA
42059,9/16/2014,Whole Foods,-11.63,CA
42059,9/16/2014,Whole Foods,-85.74,CA
42059,9/17/2014,Uber,-4.81,CA
42059,9/17/2014,Restaurant - Steakhouse,-31.44,CA
42059,9/17/2014,Restaurant - Steakhouse,-23.7,CA
42059,9/17/2014,Michael's Crafts,-92.82,CA
42059,9/17/2014,Food Delivery - GrubHub,-31.98,CA
42059,9/17/2014,Art's Art Supplies,-3.07,CA
42059,9/18/2014,Starbucks Coffee,-10.91,CA
42059,9/18/2014,Painting Course Fees,-22.18,CA
42059,9/18/2014,Amazon Order - Paint Canvas,-38.66,CA
42059,9/19/2014,Amazon Order - Paint Canvas,-10.8,CA
42059,9/19/2014,Amazon Order - Paint Canvas,-30.9,CA
42059,9/19/2014,Michael's Crafts,-29.69,CA
42059,9/20/2014,Art's Art Supplies,-1.12,CA
42059,9/20/2014,Public Transportation - Train Pass,-16.38,CA
42059,9/20/2014,Painting Course Fees,-21.44,CA
42059,9/20/2014,Von's Groceries,-39.37,CA
42059,9/21/2014,Public Transportation - Bus Pass,-3.31,CA
42059,9/21/2014,Art's Art Supplies,-50.94,CA
42059,9/21/2014,Public Transportation - Bus Pass,-20.36,CA
42059,9/21/2014,Taxi,-20.6,CA
42059,9/21/2014,Uber,-32.4,CA
42059,9/21/2014,Music Lessons - Piano,-96.54,CA
42059,9/21/2014,Art's Art Supplies,-31.63,CA
42059,9/21/2014,Taxi,-90.88,CA
42059,9/21/2014,Restaurant - Pizza,-87.62,CA
42059,9/21/2014,Painting Course Fees,-80.06,CA
42059,9/21/2014,Art's Art Supplies,-35.87,CA
42059,9/22/2014,Restaurant - Steakhouse,-8.93,CA
42059,9/23/2014,Music Lessons - Piano,-35.43,CA
42059,9/24/2014,Art Auction,-82.49,CA
42059,9/24/2014,Lyft,-5.9,CA
42059,9/24/2014,Amazon Order - Paint Canvas,-16.77,CA
42059,9/24/2014,Guitar Center,-5.31,CA
42059,9/25/2014,Painting Course Fees,-7.36,CA
42059,9/25/2014,Starbucks Coffee,-38.2,CA
42059,9/26/2014,Uber,-27.47,CA
42059,9/26/2014,Amazon Order - Paint Bushes,-88.56,CA
42059,9/26/2014,Sprouts Market,-28.16,CA
42059,9/26/2014,Michael's Crafts,-21.92,CA
42059,9/26/2014,Taxi,-86.54,CA
42059,9/26/2014,Michael's Crafts,-69.76,CA
42059,9/27/2014,Music Lessons - Piano,-15.47,CA
42059,9/28/2014,Painting Course Fees,-24,CA
42059,9/28/2014,Uber,-17.27,CA
42059,9/28/2014,Ashley's Craft Store,-3.9,CA
42059,9/29/2014,Public Transportation - Bus Pass,-55.84,CA
42059,9/30/2014,Public Transportation - Train Pass,-52.61,CA
42059,9/30/2014,Painting Course Fees,-2.55,CA
42059,9/30/2014,Public Transportation - Train Pass,-7.75,CA
42059,9/30/2014,Amazon Order - Paint Canvas,-9.58,CA
42059,9/30/2014,Art Auction,-59.43,CA
42059,10/2/2014,Housing Rent,-1392,CA
42059,10/2/2014,Water & Sewer,-53,CA
42059,10/2/2014,Guitar Center,-26.16,CA
42059,10/3/2014,Amazon Order - Paint Canvas,-99.39,CA
42059,10/3/2014,Art's Art Supplies,-3.54,CA
42059,10/3/2014,Public Transportation - Train Pass,-22.79,CA
42059,10/3/2014,Restaurant - Chinese,-72.16,CA
42059,10/3/2014,Public Transportation - Train Pass,-13.5,CA
42059,10/3/2014,Painting Course Fees,-24.91,CA
42059,10/4/2014,Von's Groceries,-9.02,CA
42059,10/4/2014,Art Auction,-33.78,CA
42059,10/4/2014,Guitar Center,-4.67,CA
42059,10/4/2014,Lyft,-99.59,CA
42059,10/5/2014,Painting Course Fees,-23.68,CA
42059,10/5/2014,Restaurant - Chinese,-23.83,CA
42059,10/5/2014,Amazon Order - Paint Bushes,-104.45,CA
42059,10/6/2014,Food Delivery - GrubHub,-22.72,CA
42059,10/6/2014,Sprouts Market,-23.27,CA
42059,10/7/2014,Ashley's Craft Store,-20.44,CA
42059,10/7/2014,Sprouts Market,-33.72,CA
42059,10/8/2014,Uber,-106.1,CA
42059,10/8/2014,Art's Art Supplies,-15.55,CA
42059,10/8/2014,Taxi,-27.23,CA
42059,10/8/2014,Von's Groceries,-15.69,CA
42059,10/8/2014,Public Transportation - Bus Pass,-4.89,CA
42059,10/8/2014,Lyft,-31.62,CA
42059,10/9/2014,Art's Art Supplies,-4.72,CA
42059,10/9/2014,Art's Art Supplies,-10.11,CA
42059,10/10/2014,Taxi,-99.86,CA
42059,10/11/2014,Taxi,-36.18,CA
42059,10/12/2014,Michael's Crafts,-10.68,CA
42059,10/13/2014,Restaurant - Chinese,-28.76,CA
42059,10/13/2014,Ashley's Craft Store,-70.39,CA
42059,10/13/2014,Amazon Order - Paint Bushes,-16.22,CA
42059,10/14/2014,Ralph's Grocery Store,-12.07,CA
42059,10/14/2014,Art Auction,-8.95,CA
42059,10/15/2014,Painting Course Fees,-3.94,CA
42059,10/15/2014,Food Delivery - GrubHub,-21.93,CA
42059,10/16/2014,Taxi,-3.49,CA
42059,10/17/2014,Guitar Center,-20.4,CA
42059,10/18/2014,Von's Groceries,-13.98,CA
42059,10/19/2014,Ralph's Grocery Store,-13.08,CA
42059,10/20/2014,Lyft,-34.5,CA
42059,10/20/2014,Art Auction,-35.18,CA
42059,10/20/2014,Music Lessons - Piano,-29.69,CA
42059,10/20/2014,Uber,-35.21,CA
42059,10/20/2014,Art's Art Supplies,-92.27,CA
42059,10/20/2014,Painting Course Fees,-27.6,CA
42059,10/20/2014,Guitar Center,-32.15,CA
42059,10/21/2014,Guitar Center,-12.23,CA
42059,10/21/2014,Uber,-92.39,CA
42059,10/21/2014,Guitar Center,-85.93,CA
42059,10/21/2014,Art's Art Supplies,-16.98,CA
42059,10/21/2014,Art's Art Supplies,-19.74,CA
42059,10/21/2014,Painting Course Fees,-103.55,CA
42059,10/21/2014,Painting Course Fees,-22.84,CA
42059,10/22/2014,Public Transportation - Bus Pass,-4.97,CA
42059,10/22/2014,Michael's Crafts,-10.1,CA
42059,10/23/2014,Ralph's Grocery Store,-58.44,CA
42059,10/23/2014,Public Transportation - Bus Pass,-72.37,CA
42059,10/24/2014,Guitar Center,-45.46,CA
42059,10/25/2014,Painting Course Fees,-5.14,CA
42059,10/25/2014,Uber,-3.21,CA
42059,10/25/2014,Public Transportation - Bus Pass,-36.76,CA
42059,10/25/2014,Public Transportation - Train Pass,-28.64,CA
42059,10/25/2014,Painting Course Fees,-36.96,CA
42059,10/26/2014,Painting Course Fees,-39.6,CA
42059,10/26/2014,Music Lessons - Piano,-97.92,CA
42059,10/26/2014,Art's Art Supplies,-47.91,CA
42059,10/27/2014,Starbucks Coffee,-18.21,CA
42059,10/28/2014,Michael's Crafts,-34.76,CA
42059,10/29/2014,Food Delivery - GrubHub,-22.09,CA
42059,10/29/2014,Public Transportation - Bus Pass,-102.54,CA
42059,10/29/2014,Restaurant - Burgers,-17.42,CA
42059,10/29/2014,Art Auction,-38.12,CA
42059,10/29/2014,Von's Groceries,-33.21,CA
42059,10/30/2014,Taxi,-10.47,CA
42059,10/30/2014,Lyft,-21.2,CA
42059,10/30/2014,Michael's Crafts,-116.37,CA
42059,10/30/2014,Sprouts Market,-51.69,CA
42059,10/30/2014,Guitar Center,-8,CA
42059,10/30/2014,Music Lessons - Piano,-16.99,CA
42059,10/30/2014,Amazon Order - Paint Bushes,-59.16,CA
42059,11/2/2014,Housing Rent,-1157,CA
42059,11/2/2014,Water & Sewer,-53,CA
42059,11/2/2014,Painting Course Fees,-23.38,CA
42059,11/3/2014,Whole Foods,-30.35,CA
42059,11/3/2014,Painting Course Fees,-15.48,CA
42059,11/3/2014,Uber,-18.77,CA
42059,11/3/2014,Von's Groceries,-17.85,CA
42059,11/3/2014,Painting Course Fees,-10.67,CA
42059,11/3/2014,Public Transportation - Bus Pass,-12.27,CA
42059,11/3/2014,Taxi,-20.12,CA
42059,11/3/2014,Restaurant - Chinese,-4.08,CA
42059,11/4/2014,Lyft,-18.06,CA
42059,11/4/2014,Sprouts Market,-27.14,CA
42059,11/4/2014,Amazon Order - Paint Canvas,-34.41,CA
42059,11/5/2014,Amazon Order - Paint Bushes,-12.9,CA
42059,11/5/2014,Art Auction,-19.92,CA
42059,11/6/2014,Michael's Crafts,-17.16,CA
42059,11/6/2014,Art's Art Supplies,-33.4,CA
42059,11/7/2014,Starbucks Coffee,-14.79,CA
42059,11/7/2014,Public Transportation - Bus Pass,-2.28,CA
42059,11/8/2014,Uber,-13.32,CA
42059,11/8/2014,Music Lessons - Piano,-26.72,CA
42059,11/8/2014,Ashley's Craft Store,-73.89,CA
42059,11/8/2014,Michael's Crafts,-30.69,CA
42059,11/8/2014,Lyft,-19.27,CA
42059,11/8/2014,Art Auction,-1.27,CA
42059,11/8/2014,Amazon Order - Paint Bushes,-69.02,CA
42059,11/8/2014,Public Transportation - Train Pass,-35.06,CA
42059,11/8/2014,Art Auction,-15.31,CA
42059,11/8/2014,Amazon Order - Paint Canvas,-31.51,CA
42059,11/8/2014,Music Lessons - Piano,-39.39,CA
42059,11/9/2014,Guitar Center,-72.43,CA
42059,11/9/2014,Amazon Order - Paint Bushes,-89.13,CA
42059,11/9/2014,Painting Course Fees,-30.81,CA
42059,11/9/2014,Restaurant - Chinese,-0.22,CA
42059,11/10/2014,Uber,-64.82,CA
42059,11/11/2014,Amazon Order - Paint Bushes,-5.46,CA
42059,11/12/2014,Amazon Order - Paint Canvas,-38.09,CA
42059,11/12/2014,Amazon Order - Paint Canvas,-33.85,CA
42059,11/13/2014,Ashley's Craft Store,-13.35,CA
42059,11/13/2014,Ashley's Craft Store,-25.33,CA
42059,11/13/2014,Uber,-9.63,CA
42059,11/14/2014,Painting Course Fees,-19.28,CA
42059,11/14/2014,Michael's Crafts,-9.33,CA
42059,11/14/2014,Public Transportation - Train Pass,-21.38,CA
42059,11/15/2014,Amazon Order - Paint Bushes,-10.08,CA
42059,11/15/2014,Amazon Order - Paint Canvas,-36.82,CA
42059,11/15/2014,Guitar Center,-6.31,CA
42059,11/15/2014,Restaurant - Chinese,-99.09,CA
42059,11/15/2014,Art's Art Supplies,-37.3,CA
42059,11/15/2014,Art Auction,-26.4,CA
42059,11/15/2014,Food Delivery - GrubHub,-14.01,CA
42059,11/15/2014,Lyft,-37.61,CA
42059,11/15/2014,Michael's Crafts,-21,CA
42059,11/15/2014,Amazon Order - Paint Bushes,-28.32,CA
42059,11/15/2014,Painting Course Fees,-28.66,CA
42059,11/15/2014,Painting Course Fees,-16.93,CA
42059,11/15/2014,Painting Course Fees,-26.99,CA
42059,11/15/2014,Sprouts Market,-105.3,CA
42059,11/16/2014,Von's Groceries,-35.5,CA
42059,11/17/2014,Restaurant - Steakhouse,-113.95,CA
42059,11/17/2014,Restaurant - Steakhouse,-99.94,CA
42059,11/17/2014,Amazon Order - Paint Canvas,-2.09,CA
42059,11/18/2014,Whole Foods,-30.83,CA
42059,11/18/2014,Uber,-103.08,CA
42059,11/18/2014,Painting Course Fees,-31.17,CA
42059,11/18/2014,Whole Foods,-37.79,CA
42059,11/18/2014,Music Lessons - Piano,-27.79,CA
42059,11/18/2014,Amazon Order - Paint Bushes,-36.42,CA
42059,11/18/2014,Painting Course Fees,-17.97,CA
42059,11/18/2014,Amazon Order - Paint Bushes,-32.63,CA
42059,11/19/2014,Art's Art Supplies,-10.99,CA
42059,11/19/2014,Michael's Crafts,-63.62,CA
42059,11/20/2014,Sprouts Market,-28.72,CA
42059,11/20/2014,Public Transportation - Bus Pass,-3.5,CA
42059,11/20/2014,Lyft,-23.17,CA
42059,11/20/2014,Amazon Order - Paint Bushes,-20.81,CA
42059,11/20/2014,Lyft,-19.48,CA
42059,11/21/2014,Michael's Crafts,-35.67,CA
42059,11/21/2014,Amazon Order - Paint Bushes,-9.59,CA
42059,11/22/2014,Uber,-9.69,CA
42059,11/23/2014,Von's Groceries,-31.46,CA
42059,11/24/2014,Starbucks Coffee,-30.84,CA
42059,11/25/2014,Amazon Order - Paint Bushes,-6.59,CA
42059,11/26/2014,Amazon Order - Paint Canvas,-35.07,CA
42059,11/26/2014,Uber,-11.69,CA
42059,11/27/2014,Uber,-112.22,CA
42059,11/27/2014,Lyft,-12.92,CA
42059,11/27/2014,Art's Art Supplies,0,CA
42059,11/27/2014,Ashley's Craft Store,-39.53,CA
42059,11/28/2014,Painting Course Fees,-17.47,CA
42059,11/29/2014,Ashley's Craft Store,-7.55,CA
42059,11/30/2014,Amazon Order - Paint Bushes,-23.62,CA
42059,11/30/2014,Painting Course Fees,-39.81,CA
42059,11/30/2014,Starbucks Coffee,-23.35,CA
42059,11/30/2014,Restaurant - Steakhouse,-1.66,CA
42059,11/30/2014,Amazon Order - Paint Bushes,-23.38,CA
42059,11/30/2014,Public Transportation - Bus Pass,-90.32,CA
42059,11/30/2014,Ashley's Craft Store,-31.95,CA
42059,11/30/2014,Guitar Center,-0.53,CA
42059,12/2/2014,Housing Rent,-906,CA
42059,12/2/2014,Water & Sewer,-53,CA
42059,12/2/2014,Restaurant - Pizza,-26.3,CA
42059,12/2/2014,Amazon Order - Paint Canvas,-12.13,CA
42059,12/2/2014,Public Transportation - Bus Pass,-23.24,CA
42059,12/2/2014,Michael's Crafts,-12.58,CA
42059,12/2/2014,Painting Course Fees,-28.76,CA
42059,12/3/2014,Art Auction,-16.04,CA
42059,12/3/2014,Guitar Center,-93.45,CA
42059,12/3/2014,Art Auction,-37.36,CA
42059,12/3/2014,Public Transportation - Bus Pass,-14.37,CA
42059,12/3/2014,Michael's Crafts,-33.34,CA
42059,12/3/2014,Amazon Order - Paint Canvas,-57.68,CA
42059,12/4/2014,Guitar Center,-8.84,CA
42059,12/4/2014,Painting Course Fees,-22.96,CA
42059,12/4/2014,Art's Art Supplies,-15.56,CA
42059,12/4/2014,Art's Art Supplies,-26.86,CA
42059,12/4/2014,Public Transportation - Train Pass,-110.15,CA
42059,12/5/2014,Art Auction,-24.83,CA
42059,12/5/2014,Public Transportation - Train Pass,-6.84,CA
42059,12/5/2014,Music Lessons - Piano,-34.13,CA
42059,12/5/2014,Whole Foods,-19.84,CA
42059,12/5/2014,Michael's Crafts,-22.24,CA
42059,12/5/2014,Amazon Order - Paint Bushes,-2.14,CA
42059,12/5/2014,Ashley's Craft Store,-29.44,CA
42059,12/5/2014,Public Transportation - Train Pass,-16.83,CA
42059,12/6/2014,Restaurant - Chinese,-114.58,CA
42059,12/7/2014,Amazon Order - Paint Canvas,-48.22,CA
42059,12/8/2014,Starbucks Coffee,-1.57,CA
42059,12/9/2014,Ashley's Craft Store,-22.4,CA
42059,12/9/2014,Sprouts Market,-35.4,CA
42059,12/9/2014,Food Delivery - GrubHub,-29.14,CA
42059,12/9/2014,Painting Course Fees,-0.85,CA
42059,12/9/2014,Art Auction,-20.63,CA
42059,12/10/2014,Music Lessons - Piano,-35.74,CA
42059,12/11/2014,Amazon Order - Paint Bushes,-5.02,CA
42059,12/11/2014,Restaurant - Steakhouse,-23.91,CA
42059,12/11/2014,Painting Course Fees,-30.55,CA
42059,12/11/2014,Food Delivery - GrubHub,-101.07,CA
42059,12/12/2014,Taxi,-32.85,CA
42059,12/12/2014,Art's Art Supplies,-9.47,CA
42059,12/13/2014,Ashley's Craft Store,-98.11,CA
42059,12/13/2014,Painting Course Fees,-15.96,CA
42059,12/13/2014,Food Delivery - GrubHub,-37.81,CA
42059,12/14/2014,Taxi,-36.89,CA
42059,12/14/2014,Michael's Crafts,-102.22,CA
42059,12/14/2014,Whole Foods,-0.5,CA
42059,12/14/2014,Music Lessons - Piano,-25.41,CA
42059,12/14/2014,Uber,-2.87,CA
42059,12/14/2014,Ashley's Craft Store,-37.28,CA
42059,12/14/2014,Lyft,-37.42,CA
42059,12/15/2014,Restaurant - Burgers,-18.36,CA
42059,12/15/2014,Ashley's Craft Store,-31.79,CA
42059,12/15/2014,Ralph's Grocery Store,-47.45,CA
42059,12/15/2014,Amazon Order - Paint Canvas,-17.85,CA
42059,12/16/2014,Restaurant - Chinese,-10.02,CA
42059,12/16/2014,Painting Course Fees,-6.85,CA
42059,12/17/2014,Public Transportation - Train Pass,-21.74,CA
42059,12/17/2014,Art's Art Supplies,-14.13,CA
42059,12/17/2014,Michael's Crafts,-14.03,CA
42059,12/18/2014,Restaurant - Chinese,-24.16,CA
42059,12/18/2014,Uber,-34.29,CA
42059,12/18/2014,Music Lessons - Piano,-5.99,CA
42059,12/18/2014,Uber,-34.53,CA
42059,12/18/2014,Whole Foods,-12.42,CA
42059,12/18/2014,Michael's Crafts,-41.25,CA
42059,12/18/2014,Public Transportation - Bus Pass,-14.1,CA
42059,12/19/2014,Restaurant - Steakhouse,-2.39,CA
42059,12/19/2014,Starbucks Coffee,-9.94,CA
42059,12/19/2014,Ashley's Craft Store,-11.41,CA
42059,12/19/2014,Amazon Order - Paint Canvas,-6.29,CA
42059,12/19/2014,Amazon Order - Paint Canvas,-5.79,CA
42059,12/20/2014,Amazon Order - Paint Canvas,-26.85,CA
42059,12/20/2014,Starbucks Coffee,-15.98,CA
42059,12/21/2014,Music Lessons - Piano,-23.35,CA
42059,12/21/2014,Whole Foods,-5.19,CA
42059,12/21/2014,Restaurant - Pizza,-12.85,CA
42059,12/21/2014,Food Delivery - GrubHub,-8.1,CA
42059,12/21/2014,Uber,-18,CA
42059,12/21/2014,Uber,-53.12,CA
42059,12/21/2014,Guitar Center,-39.25,CA
42059,12/21/2014,Amazon Order - Paint Canvas,-17.14,CA
42059,12/22/2014,Amazon Order - Paint Canvas,-22.69,CA
42059,12/23/2014,Taxi,-46.01,CA
42059,12/24/2014,Guitar Center,-22.1,CA
42059,12/25/2014,Art's Art Supplies,-12.95,CA
42059,12/25/2014,Art's Art Supplies,-106.23,CA
42059,12/25/2014,Starbucks Coffee,-27.66,CA
42059,12/26/2014,Art's Art Supplies,-100.96,CA
42059,12/27/2014,Music Lessons - Piano,-4.17,CA
42059,12/27/2014,Ashley's Craft Store,-10.49,CA
42059,12/27/2014,Guitar Center,-18.94,CA
42059,12/28/2014,Restaurant - Chinese,-36.48,CA
42059,12/28/2014,Amazon Order - Paint Bushes,-5.88,CA
42059,12/28/2014,Guitar Center,-38.49,CA
42059,12/28/2014,Michael's Crafts,-16.43,CA
42059,12/28/2014,Painting Course Fees,-5.23,CA
42059,12/28/2014,Von's Groceries,-19.31,CA
42059,12/28/2014,Restaurant - Chinese,-0.91,CA
42059,12/28/2014,Public Transportation - Train Pass,-22.94,CA
42059,12/29/2014,Michael's Crafts,-12.89,CA
42059,12/30/2014,Restaurant - Pizza,-2.81,CA
42059,12/30/2014,Michael's Crafts,-9.83,CA
42059,12/30/2014,Art's Art Supplies,-76.18,CA
42059,12/30/2014,Art's Art Supplies,-18.92,CA
42059,12/32/2014,Michael's Crafts,-9.26,CA
42059,12/32/2014,Amazon Order - Paint Canvas,-52.98,CA
42059,12/32/2014,Ashley's Craft Store,-109.51,CA
42059,12/32/2014,Guitar Center,-31.02,CA
42059,12/32/2014,Michael's Crafts,-24.58,CA
42059,12/32/2014,Art's Art Supplies,-0.5,CA
42059,12/32/2014,Restaurant - Pizza,-35.4,CA
