auth_id, Date, Vendor, Amount, Location 
53897,1/2/2013,Amazon Order - Paint Bushes,-6.37,CA
53897,1/3/2013,Starbucks Coffee,-34.68,CA
53897,1/3/2013,Restaurant - Steakhouse,-95.39,CA
53897,1/3/2013,Michael's Crafts,-14.98,CA
53897,1/4/2013,Michael's Crafts,-17.62,CA
53897,1/4/2013,Restaurant - Chinese,-18.89,CA
53897,1/4/2013,Starbucks Coffee,-27.15,CA
53897,1/5/2013,Art's Art Supplies,-13.59,CA
53897,1/5/2013,Restaurant - Burgers,-33.97,CA
53897,1/5/2013,Art Auction,-45.26,CA
53897,1/5/2013,Public Transportation - Bus Pass,-15.14,CA
53897,1/5/2013,Starbucks Coffee,-24.06,CA
53897,1/5/2013,Starbucks Coffee,-16.35,CA
53897,1/5/2013,Amazon Order - Paint Canvas,-32.63,CA
53897,1/5/2013,Ashley's Craft Store,-2.35,CA
53897,1/5/2013,Taxi,-28.55,CA
53897,1/5/2013,Art Auction,-11.15,CA
53897,1/5/2013,Art Auction,-30.38,CA
53897,1/5/2013,Art Auction,-18.96,CA
53897,1/5/2013,Lyft,-4.84,CA
53897,1/5/2013,Guitar Center,-3.47,CA
53897,1/6/2013,Guitar Center,-11.73,CA
53897,1/6/2013,Guitar Center,-31.62,CA
53897,1/6/2013,Ashley's Craft Store,-23.91,CA
53897,1/6/2013,Lyft,-16.25,CA
53897,1/7/2013,Public Transportation - Train Pass,-2.59,CA
53897,1/7/2013,Amazon Order - Paint Canvas,-0.1,CA
53897,1/7/2013,Uber,-28.08,CA
53897,1/8/2013,Art Auction,-49.38,CA
53897,1/9/2013,Ralph's Grocery Store,-35.77,CA
53897,1/10/2013,Music Lessons - Piano,-21.31,CA
53897,1/10/2013,Michael's Crafts,-0.38,CA
53897,1/11/2013,Restaurant - Chinese,-13.96,CA
53897,1/11/2013,Art Auction,-97.43,CA
53897,1/11/2013,Michael's Crafts,-32.99,CA
53897,1/11/2013,Art's Art Supplies,-37.72,CA
53897,1/12/2013,Uber,-11.5,CA
53897,1/12/2013,Sprouts Market,-10.59,CA
53897,1/13/2013,Michael's Crafts,-101.45,CA
53897,1/13/2013,Michael's Crafts,-11.1,CA
53897,1/13/2013,Starbucks Coffee,-6.29,CA
53897,1/13/2013,Uber,-5.65,CA
53897,1/13/2013,Public Transportation - Bus Pass,-22.49,CA
53897,1/14/2013,Food Delivery - GrubHub,-37.25,CA
53897,1/14/2013,Ashley's Craft Store,-19.35,CA
53897,1/15/2013,Michael's Crafts,-23.25,CA
53897,1/15/2013,Lyft,-39.09,CA
53897,1/15/2013,Music Lessons - Piano,-33.52,CA
53897,1/16/2013,Painting Course Fees,-25.03,CA
53897,1/17/2013,Art Auction,-24.75,CA
53897,1/17/2013,Art Auction,-39.96,CA
53897,1/17/2013,Ashley's Craft Store,-24.56,CA
53897,1/17/2013,Guitar Center,-57.41,CA
53897,1/17/2013,Public Transportation - Bus Pass,-13.8,CA
53897,1/17/2013,Uber,-39.12,CA
53897,1/17/2013,Michael's Crafts,-109.9,CA
53897,1/17/2013,Music Lessons - Piano,-30.45,CA
53897,1/18/2013,Ashley's Craft Store,-35.63,CA
53897,1/18/2013,Guitar Center,-36.37,CA
53897,1/19/2013,Amazon Order - Paint Canvas,-23.31,CA
53897,1/19/2013,Von's Groceries,-22.24,CA
53897,1/19/2013,Taxi,-79.17,CA
53897,1/19/2013,Lyft,-27.47,CA
53897,1/19/2013,Painting Course Fees,-35.91,CA
53897,1/20/2013,Taxi,-8.51,CA
53897,1/21/2013,Guitar Center,-4.88,CA
53897,1/21/2013,Amazon Order - Paint Canvas,-3.19,CA
53897,1/21/2013,Lyft,-10.12,CA
53897,1/21/2013,Von's Groceries,-21.8,CA
53897,1/21/2013,Amazon Order - Paint Bushes,-11.79,CA
53897,1/21/2013,Uber,-12.38,CA
53897,1/22/2013,Art's Art Supplies,-11.88,CA
53897,1/22/2013,Amazon Order - Paint Bushes,-12.51,CA
53897,1/22/2013,Amazon Order - Paint Canvas,-28.74,CA
53897,1/22/2013,Music Lessons - Piano,-0.77,CA
53897,1/22/2013,Art's Art Supplies,-19.75,CA
53897,1/22/2013,Ashley's Craft Store,-5.25,CA
53897,1/22/2013,Public Transportation - Bus Pass,-8.1,CA
53897,1/22/2013,Painting Course Fees,-8.51,CA
53897,1/22/2013,Amazon Order - Paint Bushes,-6.31,CA
53897,1/22/2013,Ashley's Craft Store,-17.27,CA
53897,1/23/2013,Public Transportation - Train Pass,-14.41,CA
53897,1/24/2013,Art Auction,-12.53,CA
53897,1/24/2013,Uber,-37.31,CA
53897,1/25/2013,Restaurant - Burgers,-39.2,CA
53897,1/26/2013,Guitar Center,-37.09,CA
53897,1/26/2013,Uber,-16.61,CA
53897,1/26/2013,Amazon Order - Paint Canvas,-54.24,CA
53897,1/27/2013,Guitar Center,-67.96,CA
53897,1/27/2013,Art's Art Supplies,-1.98,CA
53897,1/27/2013,Public Transportation - Bus Pass,-112.48,CA
53897,1/28/2013,Restaurant - Chinese,-13.96,CA
53897,1/28/2013,Public Transportation - Train Pass,-117.04,CA
53897,1/29/2013,Amazon Order - Paint Canvas,-28.07,CA
53897,1/30/2013,Restaurant - Chinese,-2.23,CA
53897,3/2/2013,Paycheck,2771,CA
53897,3/2/2013,Housing Rent,-841,CA
53897,3/2/2013,Water & Sewer,-53,CA
53897,3/2/2013,Navient - Student Loans,-197,CA
53897,3/2/2013,Time Warner Cable,-25,CA
53897,3/2/2013,Credit Card Payment,-154,CA
53897,3/2/2013,Gas & Electric,-32,CA
53897,3/2/2013,Restaurant - Steakhouse,-39.48,CA
53897,3/2/2013,Amazon Order - Baby Crib,-27.34,CA
53897,3/2/2013,Hospital - Prenatal Care,-29.34,CA
53897,3/2/2013,Babies "R" Us,-33.52,CA
53897,3/2/2013,BuyBuyBaby.com,-31.64,CA
53897,3/3/2013,Starbucks Coffee,-23.12,CA
53897,3/3/2013,Ashley's Craft Store,-25.59,CA
53897,3/3/2013,Sprouts Market,-38.22,CA
53897,3/4/2013,Guitar Center,-111.8,CA
53897,3/4/2013,Guitar Center,-87.53,CA
53897,3/4/2013,Public Transportation - Train Pass,-31.53,CA
53897,3/4/2013,Food Delivery - GrubHub,-62.91,CA
53897,3/5/2013,Michael's Crafts,-23.06,CA
53897,3/5/2013,Lyft,-116.03,CA
53897,3/6/2013,Art's Art Supplies,-11.68,CA
53897,3/6/2013,Restaurant - Chinese,-18.74,CA
53897,3/7/2013,Guitar Center,-17.96,CA
53897,3/7/2013,Amazon Order - Paint Bushes,-39.35,CA
53897,3/8/2013,Michael's Crafts,-14.5,CA
53897,3/9/2013,Taxi,-36.55,CA
53897,3/9/2013,Art's Art Supplies,-6.85,CA
53897,3/9/2013,Restaurant - Pizza,-15.31,CA
53897,3/9/2013,Kay Jewelry,-3.09,CA
53897,3/9/2013,Wedding Planner,-1.57,CA
53897,3/9/2013,Southwest Flights - Cancun,-7.97,CA
53897,3/9/2013,Cancun Beach Resort,-25.42,CA
53897,3/9/2013,Painting Course Fees,-68.44,CA
53897,3/9/2013,Ashley's Craft Store,-39.78,CA
53897,3/9/2013,Lyft,-1.07,CA
53897,3/10/2013,Michael's Crafts,-32.86,CA
53897,3/10/2013,Art's Art Supplies,-9.51,CA
53897,3/11/2013,Restaurant - Steakhouse,-40.45,CA
53897,3/12/2013,Amazon Order - Paint Bushes,-0.21,CA
53897,3/13/2013,Guitar Center,-20.5,CA
53897,3/13/2013,Guitar Center,-19.21,CA
53897,3/14/2013,Painting Course Fees,-27.07,CA
53897,3/14/2013,Ralph's Grocery Store,-9.5,CA
53897,3/14/2013,Art's Art Supplies,-22.29,CA
53897,3/14/2013,Amazon Order - Paint Canvas,-28.22,CA
53897,3/15/2013,Music Lessons - Piano,-17.47,CA
53897,3/15/2013,Amazon Order - Paint Bushes,-35.23,CA
53897,3/16/2013,Music Lessons - Piano,-16.32,CA
53897,3/16/2013,Uber,-30.34,CA
53897,3/16/2013,Ashley's Craft Store,-30.72,CA
53897,3/17/2013,Art's Art Supplies,-35.58,CA
53897,3/17/2013,Whole Foods,-79.06,CA
53897,3/17/2013,Uber,-8.73,CA
53897,3/17/2013,Art's Art Supplies,-2.64,CA
53897,3/17/2013,Public Transportation - Bus Pass,-75.35,CA
53897,3/17/2013,Amazon Order - Paint Canvas,-3.44,CA
53897,3/18/2013,Amazon Order - Paint Canvas,-30.78,CA
53897,3/19/2013,Amazon Order - Paint Canvas,-19.39,CA
53897,3/19/2013,Michael's Crafts,-24.99,CA
53897,3/19/2013,Uber,-116.66,CA
53897,3/19/2013,Guitar Center,-31.54,CA
53897,3/19/2013,Art's Art Supplies,-26.13,CA
53897,3/20/2013,Von's Groceries,-93.87,CA
53897,3/21/2013,Food Delivery - GrubHub,-19.69,CA
53897,3/21/2013,Music Lessons - Piano,-33.39,CA
53897,3/22/2013,Michael's Crafts,-6.22,CA
53897,3/22/2013,Lyft,-3.7,CA
53897,3/22/2013,Amazon Order - Paint Canvas,-7.85,CA
53897,3/22/2013,Michael's Crafts,-6.59,CA
53897,3/22/2013,Amazon Order - Paint Bushes,-6.02,CA
53897,3/22/2013,Von's Groceries,-1.55,CA
53897,3/22/2013,Lyft,-29.03,CA
53897,3/22/2013,Music Lessons - Piano,-20.55,CA
53897,3/22/2013,Painting Course Fees,-90.06,CA
53897,3/23/2013,Taxi,-20.73,CA
53897,3/24/2013,Guitar Center,-2.89,CA
53897,3/25/2013,Taxi,-10.89,CA
53897,3/26/2013,Amazon Order - Paint Canvas,-68.48,CA
53897,3/26/2013,Art's Art Supplies,-7.45,CA
53897,3/26/2013,Public Transportation - Train Pass,-45.81,CA
53897,3/27/2013,Public Transportation - Train Pass,-22.95,CA
53897,3/27/2013,Uber,-85.91,CA
53897,3/27/2013,Art's Art Supplies,-94.25,CA
53897,3/27/2013,Art Auction,-88.49,CA
53897,3/27/2013,Amazon Order - Paint Canvas,-34.16,CA
53897,3/27/2013,Music Lessons - Piano,-31.9,CA
53897,3/28/2013,Michael's Crafts,-77.33,CA
53897,3/28/2013,Music Lessons - Piano,-27.59,CA
53897,3/29/2013,Restaurant - Pizza,-13.57,CA
53897,3/29/2013,Painting Course Fees,-18.23,CA
53897,3/30/2013,Ralph's Grocery Store,-17.06,CA
53897,3/30/2013,Ashley's Craft Store,-83.42,CA
53897,3/30/2013,Lyft,-11.17,CA
53897,4/2/2013,Paycheck,2771,CA
53897,4/2/2013,Housing Rent,-773,CA
53897,4/2/2013,Water & Sewer,-53,CA
53897,4/2/2013,Navient - Student Loans,-197,CA
53897,4/2/2013,Time Warner Cable,-25,CA
53897,4/2/2013,Credit Card Payment,-154,CA
53897,4/2/2013,Gas & Electric,-32,CA
53897,4/2/2013,Restaurant - Steakhouse,-8.2,CA
53897,4/2/2013,Restaurant - Steakhouse,-31.59,CA
53897,4/3/2013,Music Lessons - Piano,-21.93,CA
53897,4/3/2013,Ashley's Craft Store,-8.11,CA
53897,4/4/2013,Art's Art Supplies,-108.09,CA
53897,4/4/2013,Amazon Order - Paint Bushes,-9.76,CA
53897,4/4/2013,Public Transportation - Train Pass,-23.33,CA
53897,4/4/2013,Starbucks Coffee,-2.75,CA
53897,4/4/2013,Restaurant - Chinese,-21.5,CA
53897,4/5/2013,Amazon Order - Paint Bushes,-1.5,CA
53897,4/5/2013,Lyft,-81.55,CA
53897,4/5/2013,Michael's Crafts,-37.07,CA
53897,4/5/2013,Public Transportation - Bus Pass,-111.02,CA
53897,4/5/2013,Public Transportation - Bus Pass,-32.42,CA
53897,4/5/2013,Guitar Center,-18.76,CA
53897,4/5/2013,Ralph's Grocery Store,-30.94,CA
53897,4/5/2013,Music Lessons - Piano,-39.3,CA
53897,4/6/2013,Michael's Crafts,-9.34,CA
53897,4/6/2013,Ashley's Craft Store,-13.64,CA
53897,4/7/2013,Food Delivery - GrubHub,-13.41,CA
53897,4/7/2013,Amazon Order - Paint Canvas,-34.4,CA
53897,4/8/2013,Michael's Crafts,-16.76,CA
53897,4/8/2013,Amazon Order - Paint Bushes,-21.53,CA
53897,4/9/2013,Amazon Order - Paint Bushes,-33.26,CA
53897,4/9/2013,Ashley's Craft Store,-91.79,CA
53897,4/10/2013,Amazon Order - Paint Bushes,-31.14,CA
53897,4/10/2013,Restaurant - Chinese,-69.54,CA
53897,4/10/2013,Painting Course Fees,-21.74,CA
53897,4/10/2013,Guitar Center,-39.21,CA
53897,4/10/2013,Guitar Center,-14.13,CA
53897,4/10/2013,Michael's Crafts,-9.55,CA
53897,4/10/2013,Amazon Order - Paint Canvas,-51.63,CA
53897,4/11/2013,Public Transportation - Bus Pass,-68.54,CA
53897,4/11/2013,Public Transportation - Bus Pass,-30.35,CA
53897,4/12/2013,Whole Foods,-37.76,CA
53897,4/12/2013,Amazon Order - Paint Bushes,-31.56,CA
53897,4/12/2013,Restaurant - Chinese,-38.28,CA
53897,4/13/2013,Art Auction,-34.93,CA
53897,4/13/2013,Music Lessons - Piano,-3.85,CA
53897,4/13/2013,Ralph's Grocery Store,-35.83,CA
53897,4/13/2013,Lyft,-38.1,CA
53897,4/13/2013,Music Lessons - Piano,-15.95,CA
53897,4/13/2013,Amazon Order - Paint Canvas,-10.03,CA
53897,4/14/2013,Art Auction,-34.79,CA
53897,4/15/2013,Art Auction,-16.14,CA
53897,4/16/2013,Painting Course Fees,-6.42,CA
53897,4/16/2013,Guitar Center,-21.69,CA
53897,4/16/2013,Amazon Order - Paint Bushes,-30.62,CA
53897,4/16/2013,Ashley's Craft Store,-29.62,CA
53897,4/17/2013,Taxi,-26.57,CA
53897,4/18/2013,Public Transportation - Bus Pass,-32.2,CA
53897,4/19/2013,Public Transportation - Train Pass,-4.42,CA
53897,4/19/2013,Restaurant - Burgers,-25.67,CA
53897,4/19/2013,Ralph's Grocery Store,-39.94,CA
53897,4/19/2013,Uber,-76.47,CA
53897,4/19/2013,Uber,-17.98,CA
53897,4/19/2013,Amazon Order - Paint Canvas,-78.38,CA
53897,4/20/2013,Public Transportation - Bus Pass,-17.66,CA
53897,4/20/2013,Uber,-17.77,CA
53897,4/21/2013,Painting Course Fees,-32.89,CA
53897,4/22/2013,Ashley's Craft Store,-24.91,CA
53897,4/22/2013,Taxi,-22.94,CA
53897,4/23/2013,Lyft,-61.62,CA
53897,4/23/2013,Art's Art Supplies,-28.42,CA
53897,4/24/2013,Public Transportation - Bus Pass,-5.24,CA
53897,4/24/2013,Ashley's Craft Store,-109.82,CA
53897,4/24/2013,Painting Course Fees,-5.39,CA
53897,4/24/2013,Painting Course Fees,-9.85,CA
53897,4/24/2013,Music Lessons - Piano,-20.67,CA
53897,4/24/2013,Food Delivery - GrubHub,-12.58,CA
53897,4/24/2013,Michael's Crafts,-6.97,CA
53897,4/24/2013,Starbucks Coffee,-18.88,CA
53897,4/25/2013,Painting Course Fees,-10.22,CA
53897,4/25/2013,Amazon Order - Paint Bushes,-3.6,CA
53897,4/26/2013,Michael's Crafts,-38.39,CA
53897,4/26/2013,Art's Art Supplies,-28.37,CA
53897,4/27/2013,Painting Course Fees,-16.7,CA
53897,4/27/2013,Amazon Order - Paint Canvas,-31.49,CA
53897,4/27/2013,Sprouts Market,-6.27,CA
53897,4/27/2013,Art Auction,-34.75,CA
53897,4/28/2013,Art Auction,-14.35,CA
53897,4/29/2013,Public Transportation - Bus Pass,-34.31,CA
53897,4/29/2013,Restaurant - Steakhouse,-97.51,CA
53897,4/29/2013,Guitar Center,-15.69,CA
53897,4/29/2013,Amazon Order - Paint Bushes,-34.88,CA
53897,4/30/2013,Sprouts Market,-16.16,CA
53897,4/30/2013,Ashley's Craft Store,-10.95,CA
53897,4/30/2013,Ashley's Craft Store,-90.84,CA
53897,5/2/2013,Paycheck,2771,CA
53897,5/2/2013,Housing Rent,-1334,CA
53897,5/2/2013,Water & Sewer,-53,CA
53897,5/2/2013,Navient - Student Loans,-197,CA
53897,5/2/2013,Time Warner Cable,-25,CA
53897,5/2/2013,Credit Card Payment,-154,CA
53897,5/2/2013,Gas & Electric,-32,CA
53897,5/2/2013,Art Auction,-40.72,CA
53897,5/2/2013,Lyft,-89.51,CA
53897,5/3/2013,Amazon Order - Paint Bushes,-16.38,CA
53897,5/3/2013,Sprouts Market,-26.53,CA
53897,5/3/2013,Music Lessons - Piano,-32.67,CA
53897,5/3/2013,Ashley's Craft Store,-26.62,CA
53897,5/3/2013,Ashley's Craft Store,-23.29,CA
53897,5/3/2013,Whole Foods,-8.61,CA
53897,5/4/2013,Painting Course Fees,-37.93,CA
53897,5/4/2013,Ralph's Grocery Store,-3.69,CA
53897,5/4/2013,Painting Course Fees,-25.55,CA
53897,5/4/2013,Lyft,-36.88,CA
53897,5/4/2013,Restaurant - Steakhouse,-22.82,CA
53897,5/4/2013,Amazon Order - Paint Bushes,-39.16,CA
53897,5/4/2013,Music Lessons - Piano,-90.48,CA
53897,5/4/2013,Starbucks Coffee,-36.68,CA
53897,5/5/2013,Amazon Order - Paint Canvas,-14.66,CA
53897,5/5/2013,Art's Art Supplies,-32.62,CA
53897,5/6/2013,Taxi,-39.72,CA
53897,5/7/2013,Public Transportation - Train Pass,-5.42,CA
53897,5/7/2013,Restaurant - Chinese,-58.67,CA
53897,5/7/2013,Restaurant - Steakhouse,-92.88,CA
53897,5/7/2013,Restaurant - Pizza,-29.16,CA
53897,5/8/2013,Uber,-18.6,CA
53897,5/9/2013,Michael's Crafts,-18.7,CA
53897,5/10/2013,Painting Course Fees,-0.59,CA
53897,5/10/2013,Ashley's Craft Store,-3.05,CA
53897,5/11/2013,Music Lessons - Piano,-24.29,CA
53897,5/11/2013,Michael's Crafts,-18.16,CA
53897,5/12/2013,Painting Course Fees,-30.5,CA
53897,5/13/2013,Amazon Order - Paint Bushes,-118.16,CA
53897,5/13/2013,Art Auction,-26.76,CA
53897,5/13/2013,Starbucks Coffee,-32.46,CA
53897,5/13/2013,Music Lessons - Piano,-11.67,CA
53897,5/14/2013,Starbucks Coffee,-4.75,CA
53897,5/14/2013,Amazon Order - Paint Canvas,-12.97,CA
53897,5/14/2013,Public Transportation - Train Pass,-18.54,CA
53897,5/14/2013,Ashley's Craft Store,-12.82,CA
53897,5/15/2013,Whole Foods,-37.76,CA
53897,5/15/2013,Ashley's Craft Store,-15.09,CA
53897,5/16/2013,Guitar Center,-10.34,CA
53897,5/16/2013,Art's Art Supplies,-51.28,CA
53897,5/16/2013,Michael's Crafts,-30.92,CA
53897,5/16/2013,Painting Course Fees,-21.58,CA
53897,5/17/2013,Public Transportation - Train Pass,-2.34,CA
53897,5/18/2013,Uber,-70.47,CA
53897,5/18/2013,Guitar Center,-24.12,CA
53897,5/19/2013,Painting Course Fees,-34.64,CA
53897,5/19/2013,Lyft,-29.63,CA
53897,5/19/2013,Art Auction,-25.04,CA
53897,5/19/2013,Art's Art Supplies,-30.23,CA
53897,5/19/2013,Restaurant - Burgers,-28.67,CA
53897,5/19/2013,Sprouts Market,-28.97,CA
53897,5/20/2013,Art Auction,-16.94,CA
53897,5/20/2013,Restaurant - Burgers,-8.7,CA
53897,5/21/2013,Ashley's Craft Store,-12.03,CA
53897,5/21/2013,Art's Art Supplies,-114.27,CA
53897,5/21/2013,Painting Course Fees,-96.48,CA
53897,5/21/2013,Lyft,-32.5,CA
53897,5/21/2013,Von's Groceries,-20.74,CA
53897,5/21/2013,Amazon Order - Paint Canvas,-39.44,CA
53897,5/21/2013,Lyft,-2.14,CA
53897,5/21/2013,Restaurant - Pizza,-89.95,CA
53897,5/22/2013,Ashley's Craft Store,-36.2,CA
53897,5/23/2013,Art Auction,-14.71,CA
53897,5/23/2013,Michael's Crafts,-10.8,CA
53897,5/23/2013,Painting Course Fees,-8.91,CA
53897,5/23/2013,Public Transportation - Bus Pass,-88.87,CA
53897,5/24/2013,Art Auction,-113.1,CA
53897,5/24/2013,Guitar Center,-19.08,CA
53897,5/25/2013,Art's Art Supplies,-18.44,CA
53897,5/26/2013,Art Auction,-18.24,CA
53897,5/26/2013,Uber,-91.41,CA
53897,5/27/2013,Starbucks Coffee,-29.66,CA
53897,5/27/2013,Art's Art Supplies,-31.97,CA
53897,5/27/2013,Michael's Crafts,-37.63,CA
53897,5/27/2013,Michael's Crafts,-37.07,CA
53897,5/28/2013,Restaurant - Chinese,-61.84,CA
53897,5/28/2013,Lyft,-9.97,CA
53897,5/28/2013,Restaurant - Chinese,-36.84,CA
53897,5/28/2013,Art Auction,-17.77,CA
53897,5/29/2013,Taxi,-34.02,CA
53897,5/30/2013,Michael's Crafts,-19.97,CA
53897,6/2/2013,Paycheck,2771,CA
53897,6/2/2013,Housing Rent,-702,CA
53897,6/2/2013,Water & Sewer,-53,CA
53897,6/2/2013,Navient - Student Loans,-197,CA
53897,6/2/2013,Time Warner Cable,-25,CA
53897,6/2/2013,Credit Card Payment,-154,CA
53897,6/2/2013,Gas & Electric,-32,CA
53897,6/2/2013,Starbucks Coffee,-38.85,CA
53897,6/2/2013,Public Transportation - Bus Pass,-21.53,CA
53897,6/3/2013,Lyft,-12.16,CA
53897,6/3/2013,Starbucks Coffee,-80.63,CA
53897,6/3/2013,Painting Course Fees,-26.04,CA
53897,6/4/2013,Restaurant - Steakhouse,-34.7,CA
53897,6/4/2013,Art's Art Supplies,-15.79,CA
53897,6/5/2013,Guitar Center,-28.13,CA
53897,6/6/2013,Ralph's Grocery Store,-20.89,CA
53897,6/7/2013,Restaurant - Chinese,-31.83,CA
53897,6/8/2013,Taxi,-34.49,CA
53897,6/8/2013,Art Auction,-25.74,CA
53897,6/8/2013,Ashley's Craft Store,-4.06,CA
53897,6/9/2013,Restaurant - Pizza,-39.28,CA
53897,6/9/2013,Music Lessons - Piano,-22.07,CA
53897,6/9/2013,Art's Art Supplies,-7.69,CA
53897,6/9/2013,Lyft,-0.52,CA
53897,6/10/2013,Lyft,-7.64,CA
53897,6/11/2013,Art Auction,-20.52,CA
53897,6/11/2013,Public Transportation - Bus Pass,-23.26,CA
53897,6/12/2013,Taxi,-61.35,CA
53897,6/13/2013,Lyft,-13.23,CA
53897,6/13/2013,Food Delivery - GrubHub,-14.37,CA
53897,6/14/2013,Michael's Crafts,-35.88,CA
53897,6/14/2013,Amazon Order - Paint Canvas,-25.33,CA
53897,6/14/2013,Ashley's Craft Store,-33.52,CA
53897,6/15/2013,Restaurant - Chinese,-20.02,CA
53897,6/15/2013,Ashley's Craft Store,-45,CA
53897,6/16/2013,Michael's Crafts,-33.49,CA
53897,6/16/2013,Guitar Center,-18.64,CA
53897,6/16/2013,Amazon Order - Paint Canvas,-26.18,CA
53897,6/16/2013,Ralph's Grocery Store,-50.55,CA
53897,6/17/2013,Amazon Order - Paint Bushes,-22.84,CA
53897,6/17/2013,Music Lessons - Piano,-23.23,CA
53897,6/18/2013,Art Auction,-32.91,CA
53897,6/18/2013,Guitar Center,-111.49,CA
53897,6/19/2013,Amazon Order - Paint Bushes,-6.91,CA
53897,6/19/2013,Michael's Crafts,-48.27,CA
53897,6/19/2013,Sprouts Market,-25.91,CA
53897,6/20/2013,Taxi,-8.44,CA
53897,6/20/2013,Guitar Center,-106.49,CA
53897,6/20/2013,Michael's Crafts,-24.66,CA
53897,6/20/2013,Uber,-2.01,CA
53897,6/20/2013,Restaurant - Burgers,-29.26,CA
53897,6/20/2013,Ashley's Craft Store,-34.66,CA
53897,6/20/2013,Taxi,-6.81,CA
53897,6/20/2013,Lyft,-46.47,CA
53897,6/20/2013,Lyft,-30.48,CA
53897,6/20/2013,Guitar Center,-14.73,CA
53897,6/21/2013,Public Transportation - Bus Pass,-33.32,CA
53897,6/21/2013,Guitar Center,-19.84,CA
53897,6/21/2013,Taxi,-19.18,CA
53897,6/21/2013,Art's Art Supplies,-16.41,CA
53897,6/21/2013,Art's Art Supplies,-17.51,CA
53897,6/21/2013,Ashley's Craft Store,-28.33,CA
53897,6/21/2013,Restaurant - Chinese,-24.67,CA
53897,6/21/2013,Sprouts Market,-115.02,CA
53897,6/22/2013,Guitar Center,-23.24,CA
53897,6/22/2013,Starbucks Coffee,-25.26,CA
53897,6/22/2013,Ralph's Grocery Store,-11.52,CA
53897,6/23/2013,Taxi,-36.78,CA
53897,6/23/2013,Amazon Order - Paint Canvas,-38.81,CA
53897,6/23/2013,Taxi,-8.44,CA
53897,6/23/2013,Michael's Crafts,-21.17,CA
53897,6/24/2013,Starbucks Coffee,-12.4,CA
53897,6/24/2013,Painting Course Fees,-19.36,CA
53897,6/24/2013,Art's Art Supplies,-9.87,CA
53897,6/25/2013,Michael's Crafts,-39.63,CA
53897,6/26/2013,Michael's Crafts,-12.3,CA
53897,6/26/2013,Sprouts Market,-12.55,CA
53897,6/27/2013,Lyft,-12.27,CA
53897,6/27/2013,Guitar Center,-61.2,CA
53897,6/28/2013,Uber,-38.47,CA
53897,6/29/2013,Art's Art Supplies,-9.28,CA
53897,6/29/2013,Art Auction,-10.28,CA
53897,6/29/2013,Amazon Order - Paint Bushes,-15.12,CA
53897,6/29/2013,Sprouts Market,-11.9,CA
53897,6/30/2013,Music Lessons - Piano,-25.66,CA
53897,6/30/2013,Taxi,-0.7,CA
53897,7/2/2013,Paycheck,2771,CA
53897,7/2/2013,Housing Rent,-1028,CA
53897,7/2/2013,Water & Sewer,-53,CA
53897,7/2/2013,Navient - Student Loans,-197,CA
53897,7/2/2013,Time Warner Cable,-25,CA
53897,7/2/2013,Credit Card Payment,-154,CA
53897,7/2/2013,Gas & Electric,-32,CA
53897,7/2/2013,Public Transportation - Bus Pass,-39.24,CA
53897,7/3/2013,Art's Art Supplies,-10.71,CA
53897,7/3/2013,Ashley's Craft Store,-31.16,CA
53897,7/3/2013,Amazon Order - Paint Bushes,-112.84,CA
53897,7/3/2013,Art's Art Supplies,-31.8,CA
53897,7/3/2013,Public Transportation - Bus Pass,-15.02,CA
53897,7/3/2013,Painting Course Fees,-38.09,CA
53897,7/3/2013,Von's Groceries,-10.59,CA
53897,7/3/2013,Public Transportation - Bus Pass,-37.17,CA
53897,7/3/2013,Restaurant - Chinese,-32.3,CA
53897,7/4/2013,Ashley's Craft Store,-39.8,CA
53897,7/4/2013,Uber,-33.08,CA
53897,7/4/2013,Michael's Crafts,-31.32,CA
53897,7/4/2013,Restaurant - Pizza,-33.54,CA
53897,7/4/2013,Lyft,-110.54,CA
53897,7/5/2013,Art Auction,-98.03,CA
53897,7/6/2013,Ashley's Craft Store,-3.64,CA
53897,7/7/2013,Art Auction,-38.18,CA
53897,7/7/2013,Art's Art Supplies,-84.68,CA
53897,7/7/2013,Food Delivery - GrubHub,-30.55,CA
53897,7/7/2013,Art's Art Supplies,-38.22,CA
53897,7/7/2013,Guitar Center,-10.62,CA
53897,7/7/2013,Painting Course Fees,-35.08,CA
53897,7/7/2013,Ralph's Grocery Store,-108.32,CA
53897,7/7/2013,Painting Course Fees,-14.89,CA
53897,7/8/2013,Ashley's Craft Store,-3.24,CA
53897,7/9/2013,Restaurant - Chinese,-90.34,CA
53897,7/9/2013,Lyft,-21.81,CA
53897,7/9/2013,Art Auction,-113.54,CA
53897,7/9/2013,Guitar Center,-0.97,CA
53897,7/9/2013,Sprouts Market,-37.76,CA
53897,7/9/2013,Lyft,-1.39,CA
53897,7/10/2013,Art Auction,-38.52,CA
53897,7/10/2013,Amazon Order - Paint Bushes,-0.75,CA
53897,7/10/2013,Amazon Order - Paint Bushes,-14.51,CA
53897,7/10/2013,Painting Course Fees,-18.01,CA
53897,7/11/2013,Ashley's Craft Store,-34.91,CA
53897,7/11/2013,Public Transportation - Bus Pass,-7,CA
53897,7/12/2013,Taxi,-115.17,CA
53897,7/12/2013,Painting Course Fees,-11.49,CA
53897,7/12/2013,Lyft,-22.31,CA
53897,7/12/2013,Painting Course Fees,-24.09,CA
53897,7/12/2013,Whole Foods,-18.07,CA
53897,7/12/2013,Public Transportation - Train Pass,-15.44,CA
53897,7/12/2013,Ashley's Craft Store,-19.47,CA
53897,7/13/2013,Art Auction,-109.46,CA
53897,7/13/2013,Michael's Crafts,-3.61,CA
53897,7/14/2013,Art Auction,-29.94,CA
53897,7/14/2013,Painting Course Fees,-26.2,CA
53897,7/14/2013,Public Transportation - Bus Pass,-17.25,CA
53897,7/14/2013,Amazon Order - Paint Bushes,-35.3,CA
53897,7/14/2013,Painting Course Fees,-12.3,CA
53897,7/14/2013,Taxi,-11.64,CA
53897,7/14/2013,Lyft,-19.68,CA
53897,7/15/2013,Amazon Order - Paint Bushes,-35.24,CA
53897,7/16/2013,Art Auction,-17.47,CA
53897,7/16/2013,Ashley's Craft Store,-1.8,CA
53897,7/16/2013,Whole Foods,-3.63,CA
53897,7/17/2013,Uber,-49.95,CA
53897,7/17/2013,Restaurant - Steakhouse,-9.95,CA
53897,7/17/2013,Guitar Center,-37.56,CA
53897,7/18/2013,Music Lessons - Piano,-20.59,CA
53897,7/18/2013,Michael's Crafts,-19.2,CA
53897,7/18/2013,Uber,-72.37,CA
53897,7/19/2013,Whole Foods,-13.45,CA
53897,7/19/2013,Amazon Order - Paint Bushes,-2.96,CA
53897,7/19/2013,Amazon Order - Paint Bushes,-20.61,CA
53897,7/19/2013,Lyft,-30.39,CA
53897,7/19/2013,Michael's Crafts,-10.58,CA
53897,7/20/2013,Public Transportation - Bus Pass,-7.05,CA
53897,7/20/2013,Amazon Order - Paint Bushes,-3.02,CA
53897,7/21/2013,Von's Groceries,-76.45,CA
53897,7/22/2013,Michael's Crafts,-32.5,CA
53897,7/23/2013,Restaurant - Steakhouse,-34.54,CA
53897,7/23/2013,Music Lessons - Piano,-25.4,CA
53897,7/23/2013,Whole Foods,-33.67,CA
53897,7/23/2013,Art Auction,-30.56,CA
53897,7/23/2013,Michael's Crafts,-59.56,CA
53897,7/23/2013,Painting Course Fees,-1.53,CA
53897,7/23/2013,Music Lessons - Piano,-6.23,CA
53897,7/23/2013,Guitar Center,-22.77,CA
53897,7/23/2013,Art's Art Supplies,-34.28,CA
53897,7/23/2013,Amazon Order - Paint Bushes,-2.32,CA
53897,7/23/2013,Amazon Order - Paint Bushes,-14.39,CA
53897,7/23/2013,Amazon Order - Paint Bushes,-29.87,CA
53897,7/23/2013,Music Lessons - Piano,-6.48,CA
53897,7/23/2013,Ashley's Craft Store,-27.59,CA
53897,7/23/2013,Michael's Crafts,-3.98,CA
53897,7/23/2013,Art's Art Supplies,-26.5,CA
53897,7/23/2013,Painting Course Fees,-16.6,CA
53897,7/24/2013,Sprouts Market,-6.07,CA
53897,7/24/2013,Amazon Order - Paint Canvas,-19.11,CA
53897,7/24/2013,Art Auction,-34.48,CA
53897,7/24/2013,Art Auction,-22.02,CA
53897,7/24/2013,Painting Course Fees,-0.28,CA
53897,7/25/2013,Amazon Order - Paint Bushes,-35.92,CA
53897,7/25/2013,Guitar Center,-29.77,CA
53897,7/26/2013,Taxi,-35.74,CA
53897,7/27/2013,Art's Art Supplies,-28.54,CA
53897,7/27/2013,Amazon Order - Paint Canvas,-33.54,CA
53897,7/27/2013,Sprouts Market,-16.06,CA
53897,7/27/2013,Uber,-79.13,CA
53897,7/28/2013,Uber,-2.72,CA
53897,7/29/2013,Public Transportation - Train Pass,-103.25,CA
53897,7/30/2013,Painting Course Fees,-24.42,CA
53897,8/2/2013,Paycheck,2771,CA
53897,8/2/2013,Housing Rent,-992,CA
53897,8/2/2013,Water & Sewer,-53,CA
53897,8/2/2013,Navient - Student Loans,-197,CA
53897,8/2/2013,Time Warner Cable,-25,CA
53897,8/2/2013,Credit Card Payment,-154,CA
53897,8/2/2013,Gas & Electric,-32,CA
53897,8/2/2013,Uber,-38.78,CA
53897,8/2/2013,Von's Groceries,-27.87,CA
53897,8/3/2013,Art Auction,-44.98,CA
53897,8/3/2013,Lyft,-26.51,CA
53897,8/4/2013,Restaurant - Pizza,-78.01,CA
53897,8/4/2013,Public Transportation - Train Pass,-6.86,CA
53897,8/4/2013,Uber,-15.19,CA
53897,8/4/2013,Michael's Crafts,-8.49,CA
53897,8/4/2013,Amazon Order - Paint Canvas,-38.43,CA
53897,8/4/2013,Ashley's Craft Store,-25.72,CA
53897,8/5/2013,Public Transportation - Train Pass,-110.79,CA
53897,8/6/2013,Music Lessons - Piano,-12.21,CA
53897,8/6/2013,Music Lessons - Piano,-26.98,CA
53897,8/7/2013,Music Lessons - Piano,-14.2,CA
53897,8/7/2013,Sprouts Market,-18.18,CA
53897,8/7/2013,Art Auction,-58.43,CA
53897,8/8/2013,Food Delivery - GrubHub,-22.01,CA
53897,8/8/2013,Public Transportation - Train Pass,-24.81,CA
53897,8/8/2013,Music Lessons - Piano,-21.95,CA
53897,8/8/2013,Art Auction,-9.53,CA
53897,8/8/2013,Von's Groceries,-106.26,CA
53897,8/9/2013,Michael's Crafts,-25.89,CA
53897,8/9/2013,Food Delivery - GrubHub,-38.4,CA
53897,8/9/2013,Amazon Order - Paint Bushes,-34.92,CA
53897,8/9/2013,Ashley's Craft Store,-8.32,CA
53897,8/9/2013,Guitar Center,-26.89,CA
53897,8/10/2013,Amazon Order - Paint Canvas,-20.12,CA
53897,8/10/2013,Art's Art Supplies,-4.85,CA
53897,8/11/2013,Amazon Order - Paint Canvas,-88.09,CA
53897,8/11/2013,Guitar Center,-9.52,CA
53897,8/12/2013,Ralph's Grocery Store,-48.67,CA
53897,8/12/2013,Restaurant - Steakhouse,-15.06,CA
53897,8/13/2013,Uber,-3.75,CA
53897,8/13/2013,Taxi,-30.5,CA
53897,8/13/2013,Lyft,-7.97,CA
53897,8/14/2013,Painting Course Fees,-3.79,CA
53897,8/14/2013,Public Transportation - Train Pass,-14.41,CA
53897,8/14/2013,Amazon Order - Paint Canvas,-32.96,CA
53897,8/15/2013,Guitar Center,-36.02,CA
53897,8/16/2013,Music Lessons - Piano,-15.7,CA
53897,8/16/2013,Restaurant - Burgers,-43.69,CA
53897,8/16/2013,Uber,-1,CA
53897,8/16/2013,Uber,-16.55,CA
53897,8/16/2013,Art's Art Supplies,-0.57,CA
53897,8/16/2013,Amazon Order - Paint Canvas,-3.37,CA
53897,8/16/2013,Art's Art Supplies,-32.04,CA
53897,8/16/2013,Art's Art Supplies,-66.73,CA
53897,8/17/2013,Music Lessons - Piano,-27.5,CA
53897,8/17/2013,Painting Course Fees,-34.76,CA
53897,8/17/2013,Guitar Center,-65.78,CA
53897,8/17/2013,Von's Groceries,-20.73,CA
53897,8/17/2013,Ashley's Craft Store,-9.62,CA
53897,8/17/2013,Painting Course Fees,-2.3,CA
53897,8/17/2013,Art Auction,-17.27,CA
53897,8/18/2013,Michael's Crafts,-39.27,CA
53897,8/18/2013,Amazon Order - Paint Canvas,-41.76,CA
53897,8/18/2013,Painting Course Fees,-59.15,CA
53897,8/19/2013,Restaurant - Pizza,-9.48,CA
53897,8/20/2013,Painting Course Fees,-62.14,CA
53897,8/20/2013,Michael's Crafts,-5.06,CA
53897,8/20/2013,Art Auction,-31.44,CA
53897,8/20/2013,Painting Course Fees,-106.27,CA
53897,8/21/2013,Taxi,-7.73,CA
53897,8/21/2013,Restaurant - Burgers,-37.72,CA
53897,8/21/2013,Amazon Order - Paint Canvas,-23.71,CA
53897,8/21/2013,Art Auction,-4.36,CA
53897,8/22/2013,Michael's Crafts,-30.2,CA
53897,8/22/2013,Amazon Order - Paint Bushes,-4.65,CA
53897,8/22/2013,Restaurant - Burgers,-29.68,CA
53897,8/23/2013,Guitar Center,-11.48,CA
53897,8/23/2013,Painting Course Fees,-31.17,CA
53897,8/23/2013,Restaurant - Steakhouse,-94.47,CA
53897,8/23/2013,Public Transportation - Train Pass,-15.79,CA
53897,8/23/2013,Lyft,-79.14,CA
53897,8/23/2013,Restaurant - Pizza,-28.39,CA
53897,8/23/2013,Art Auction,-24.45,CA
53897,8/24/2013,Music Lessons - Piano,-36.94,CA
53897,8/24/2013,Public Transportation - Train Pass,-36.2,CA
53897,8/25/2013,Public Transportation - Train Pass,-19.24,CA
53897,8/25/2013,Amazon Order - Paint Canvas,-23.84,CA
53897,8/26/2013,Art's Art Supplies,-23.03,CA
53897,8/26/2013,Ashley's Craft Store,-34.06,CA
53897,8/26/2013,Music Lessons - Piano,-22.73,CA
53897,8/27/2013,Ashley's Craft Store,-26.98,CA
53897,8/27/2013,Art's Art Supplies,-26.26,CA
53897,8/27/2013,Public Transportation - Train Pass,-32.83,CA
53897,8/28/2013,Public Transportation - Train Pass,-29.66,CA
53897,8/29/2013,Amazon Order - Paint Bushes,-26.71,CA
53897,8/30/2013,Taxi,-111.39,CA
53897,8/30/2013,Taxi,-15.48,CA
53897,9/2/2013,Paycheck,2771,CA
53897,9/2/2013,Housing Rent,-1086,CA
53897,9/2/2013,Water & Sewer,-53,CA
53897,9/2/2013,Navient - Student Loans,-197,CA
53897,9/2/2013,Time Warner Cable,-25,CA
53897,9/2/2013,Credit Card Payment,-154,CA
53897,9/2/2013,Gas & Electric,-32,CA
53897,9/2/2013,Guitar Center,-36.56,CA
53897,9/2/2013,Amazon Order - Paint Canvas,-32.5,CA
53897,9/2/2013,Art Auction,-29.58,CA
53897,9/2/2013,Taxi,-41.82,CA
53897,9/3/2013,Food Delivery - GrubHub,-14.05,CA
53897,9/4/2013,Amazon Order - Paint Bushes,-28.87,CA
53897,9/4/2013,Michael's Crafts,-9.13,CA
53897,9/5/2013,Lyft,-15.64,CA
53897,9/5/2013,Guitar Center,-8.1,CA
53897,9/5/2013,Painting Course Fees,-17.04,CA
53897,9/5/2013,Restaurant - Burgers,-7.15,CA
53897,9/5/2013,Music Lessons - Piano,-36.53,CA
53897,9/5/2013,Art Auction,-27.76,CA
53897,9/5/2013,Painting Course Fees,-66.29,CA
53897,9/6/2013,Uber,-35.46,CA
53897,9/7/2013,Music Lessons - Piano,-15.99,CA
53897,9/7/2013,Amazon Order - Paint Bushes,-35.63,CA
53897,9/7/2013,Lyft,-13.54,CA
53897,9/7/2013,Guitar Center,-51.64,CA
53897,9/7/2013,Food Delivery - GrubHub,-25.12,CA
53897,9/7/2013,Von's Groceries,-0.23,CA
53897,9/8/2013,Guitar Center,-63.57,CA
53897,9/8/2013,Public Transportation - Train Pass,-36.07,CA
53897,9/9/2013,Restaurant - Chinese,-17.81,CA
53897,9/9/2013,Restaurant - Steakhouse,-33.66,CA
53897,9/9/2013,Whole Foods,-55.12,CA
53897,9/10/2013,Taxi,-37.58,CA
53897,9/10/2013,Ashley's Craft Store,-20.07,CA
53897,9/10/2013,Art Auction,-13.15,CA
53897,9/10/2013,Amazon Order - Paint Bushes,-0.38,CA
53897,9/10/2013,Taxi,-13.05,CA
53897,9/10/2013,Art Auction,-14.05,CA
53897,9/10/2013,Taxi,-58.43,CA
53897,9/10/2013,Amazon Order - Paint Canvas,-35.89,CA
53897,9/10/2013,Restaurant - Pizza,-4.87,CA
53897,9/10/2013,Starbucks Coffee,-19.56,CA
53897,9/10/2013,Guitar Center,-4.09,CA
53897,9/10/2013,Michael's Crafts,-5.81,CA
53897,9/10/2013,Michael's Crafts,-115.84,CA
53897,9/10/2013,Taxi,-27.63,CA
53897,9/11/2013,Starbucks Coffee,-13.47,CA
53897,9/12/2013,Amazon Order - Paint Bushes,-19.24,CA
53897,9/12/2013,Art Auction,-30.16,CA
53897,9/12/2013,Art's Art Supplies,-8.06,CA
53897,9/12/2013,Restaurant - Steakhouse,-105.54,CA
53897,9/13/2013,Painting Course Fees,-6.04,CA
53897,9/13/2013,Restaurant - Burgers,-58.14,CA
53897,9/13/2013,Restaurant - Pizza,-25.86,CA
53897,9/14/2013,Guitar Center,-29.79,CA
53897,9/15/2013,Michael's Crafts,-41.06,CA
53897,9/15/2013,Amazon Order - Paint Bushes,-105.78,CA
53897,9/16/2013,Von's Groceries,-23.77,CA
53897,9/16/2013,Uber,-29.82,CA
53897,9/17/2013,Lyft,-29.57,CA
53897,9/17/2013,Public Transportation - Bus Pass,-54.42,CA
53897,9/18/2013,Restaurant - Chinese,-31.84,CA
53897,9/18/2013,Painting Course Fees,-11.38,CA
53897,9/19/2013,Amazon Order - Paint Canvas,-23.02,CA
53897,9/19/2013,Art Auction,-37.39,CA
53897,9/19/2013,Michael's Crafts,-26.58,CA
53897,9/19/2013,Restaurant - Steakhouse,-7.9,CA
53897,9/20/2013,Public Transportation - Train Pass,-33.88,CA
53897,9/21/2013,Guitar Center,-14.36,CA
53897,9/22/2013,Michael's Crafts,-23.64,CA
53897,9/23/2013,Amazon Order - Paint Canvas,-11.2,CA
53897,9/23/2013,Starbucks Coffee,-2.24,CA
53897,9/23/2013,Lyft,-65.22,CA
53897,9/23/2013,Whole Foods,-92.01,CA
53897,9/23/2013,Restaurant - Chinese,-27.7,CA
53897,9/24/2013,Amazon Order - Paint Bushes,-74.61,CA
53897,9/25/2013,Restaurant - Chinese,-18.71,CA
53897,9/26/2013,Public Transportation - Train Pass,-33.18,CA
53897,9/27/2013,Ashley's Craft Store,-70.85,CA
53897,9/27/2013,Ashley's Craft Store,-35.06,CA
53897,9/27/2013,Painting Course Fees,-3.14,CA
53897,9/27/2013,Lyft,-20.04,CA
53897,9/27/2013,Taxi,-18.57,CA
53897,9/28/2013,Music Lessons - Piano,-6.93,CA
53897,9/28/2013,Amazon Order - Paint Bushes,-63.87,CA
53897,9/29/2013,Amazon Order - Paint Bushes,-15.64,CA
53897,9/29/2013,Music Lessons - Piano,-75.39,CA
53897,9/30/2013,Ralph's Grocery Store,-30.1,CA
53897,9/30/2013,Art Auction,-59.11,CA
53897,10/2/2013,Paycheck,2771,CA
53897,10/2/2013,Housing Rent,-848,CA
53897,10/2/2013,Water & Sewer,-53,CA
53897,10/2/2013,Navient - Student Loans,-197,CA
53897,10/2/2013,Time Warner Cable,-25,CA
53897,10/2/2013,Credit Card Payment,-154,CA
53897,10/2/2013,Gas & Electric,-32,CA
53897,10/2/2013,Guitar Center,-16.38,CA
53897,10/2/2013,Uber,-49.16,CA
53897,10/2/2013,Sprouts Market,-13.77,CA
53897,10/2/2013,Public Transportation - Bus Pass,-25.84,CA
53897,10/2/2013,Art's Art Supplies,-6.51,CA
53897,10/3/2013,Amazon Order - Paint Canvas,-38.97,CA
53897,10/3/2013,Art's Art Supplies,-36.41,CA
53897,10/3/2013,Uber,-2.78,CA
53897,10/3/2013,Guitar Center,-14.56,CA
53897,10/3/2013,Guitar Center,-4.1,CA
53897,10/3/2013,Music Lessons - Piano,-28.28,CA
53897,10/3/2013,Art's Art Supplies,-23.51,CA
53897,10/3/2013,Restaurant - Burgers,-36.48,CA
53897,10/4/2013,Ashley's Craft Store,-14.62,CA
53897,10/4/2013,Whole Foods,-3.07,CA
53897,10/4/2013,Music Lessons - Piano,-101.3,CA
53897,10/4/2013,Restaurant - Pizza,-21.14,CA
53897,10/5/2013,Whole Foods,-28.37,CA
53897,10/5/2013,Restaurant - Pizza,-15.7,CA
53897,10/6/2013,Guitar Center,-89.67,CA
53897,10/6/2013,Sprouts Market,-16.54,CA
53897,10/6/2013,Von's Groceries,-29.02,CA
53897,10/6/2013,Sprouts Market,-16.54,CA
53897,10/6/2013,Art Auction,-14.78,CA
53897,10/7/2013,Public Transportation - Bus Pass,-34.69,CA
53897,10/7/2013,Michael's Crafts,-41.58,CA
53897,10/7/2013,Uber,-37.91,CA
53897,10/7/2013,Uber,-37.68,CA
53897,10/7/2013,Amazon Order - Paint Canvas,-23.99,CA
53897,10/8/2013,Restaurant - Burgers,-19.72,CA
53897,10/8/2013,Ashley's Craft Store,-19.29,CA
53897,10/8/2013,Whole Foods,-16.24,CA
53897,10/8/2013,Uber,-17.83,CA
53897,10/8/2013,Taxi,-25.22,CA
53897,10/9/2013,Music Lessons - Piano,-15.92,CA
53897,10/9/2013,Music Lessons - Piano,-16.45,CA
53897,10/9/2013,Public Transportation - Train Pass,-32.34,CA
53897,10/9/2013,Art's Art Supplies,-12.55,CA
53897,10/9/2013,Amazon Order - Paint Canvas,-24.02,CA
53897,10/10/2013,Music Lessons - Piano,-18.13,CA
53897,10/10/2013,Food Delivery - GrubHub,-24.73,CA
53897,10/10/2013,Starbucks Coffee,-38.56,CA
53897,10/10/2013,Restaurant - Pizza,-116.89,CA
53897,10/11/2013,Michael's Crafts,-12.81,CA
53897,10/11/2013,Von's Groceries,-11.29,CA
53897,10/11/2013,Art's Art Supplies,-18.25,CA
53897,10/11/2013,Public Transportation - Train Pass,-0.97,CA
53897,10/11/2013,Guitar Center,-25.91,CA
53897,10/11/2013,Michael's Crafts,-42.81,CA
53897,10/11/2013,Taxi,-17.9,CA
53897,10/12/2013,Amazon Order - Paint Bushes,-31.49,CA
53897,10/12/2013,Guitar Center,-37.02,CA
53897,10/12/2013,Music Lessons - Piano,-15.55,CA
53897,10/13/2013,Restaurant - Steakhouse,-53.98,CA
53897,10/14/2013,Music Lessons - Piano,-53.2,CA
53897,10/14/2013,Restaurant - Steakhouse,-99.87,CA
53897,10/14/2013,Amazon Order - Paint Bushes,-12.53,CA
53897,10/15/2013,Amazon Order - Paint Canvas,-25.09,CA
53897,10/16/2013,Amazon Order - Paint Bushes,-20.58,CA
53897,10/17/2013,Restaurant - Chinese,-32.44,CA
53897,10/17/2013,Von's Groceries,-62.87,CA
53897,10/17/2013,Public Transportation - Train Pass,-59.69,CA
53897,10/17/2013,Music Lessons - Piano,-7.58,CA
53897,10/17/2013,Ashley's Craft Store,-112.36,CA
53897,10/17/2013,Guitar Center,-15.55,CA
53897,10/17/2013,Art's Art Supplies,-9.21,CA
53897,10/17/2013,Music Lessons - Piano,-6.53,CA
53897,10/17/2013,Sprouts Market,-1.67,CA
53897,10/17/2013,Public Transportation - Train Pass,-6.32,CA
53897,10/18/2013,Art's Art Supplies,-7.7,CA
53897,10/18/2013,Public Transportation - Train Pass,-25.69,CA
53897,10/18/2013,Public Transportation - Train Pass,-14.14,CA
53897,10/19/2013,Music Lessons - Piano,-33.29,CA
53897,10/19/2013,Art's Art Supplies,-19.03,CA
53897,10/20/2013,Public Transportation - Train Pass,-29.71,CA
53897,10/20/2013,Music Lessons - Piano,-10.84,CA
53897,10/20/2013,Guitar Center,-38.02,CA
53897,10/20/2013,Taxi,-99.67,CA
53897,10/20/2013,Ralph's Grocery Store,-23.02,CA
53897,10/21/2013,Public Transportation - Train Pass,-30.13,CA
53897,10/21/2013,Art's Art Supplies,-74.25,CA
53897,10/21/2013,Amazon Order - Paint Bushes,-7.57,CA
53897,10/21/2013,Food Delivery - GrubHub,-4.31,CA
53897,10/22/2013,Guitar Center,-33.31,CA
53897,10/23/2013,Art's Art Supplies,-33.58,CA
53897,10/24/2013,Amazon Order - Paint Bushes,-14.83,CA
53897,10/25/2013,Art Auction,-28.47,CA
53897,10/26/2013,Restaurant - Steakhouse,-5.67,CA
53897,10/26/2013,Music Lessons - Piano,-29.54,CA
53897,10/26/2013,Music Lessons - Piano,-38.98,CA
53897,10/27/2013,Amazon Order - Paint Canvas,-18.57,CA
53897,10/27/2013,Amazon Order - Paint Bushes,-25.84,CA
53897,10/27/2013,Art Auction,-19.25,CA
53897,10/27/2013,Amazon Order - Paint Canvas,-9.19,CA
53897,10/27/2013,Painting Course Fees,-0.98,CA
53897,10/28/2013,Von's Groceries,-2.96,CA
53897,10/29/2013,Starbucks Coffee,-6.9,CA
53897,10/30/2013,Public Transportation - Train Pass,-19.51,CA
53897,10/30/2013,Art Auction,-25.33,CA
53897,10/30/2013,Ashley's Craft Store,-36.98,CA
53897,10/30/2013,Von's Groceries,-104.88,CA
53897,11/2/2013,Paycheck,2771,CA
53897,11/2/2013,Housing Rent,-1264,CA
53897,11/2/2013,Water & Sewer,-53,CA
53897,11/2/2013,Navient - Student Loans,-197,CA
53897,11/2/2013,Time Warner Cable,-25,CA
53897,11/2/2013,Credit Card Payment,-154,CA
53897,11/2/2013,Gas & Electric,-32,CA
53897,11/2/2013,Art's Art Supplies,-107.53,CA
53897,11/3/2013,Restaurant - Steakhouse,-38.86,CA
53897,11/3/2013,Michael's Crafts,-24.38,CA
53897,11/4/2013,Guitar Center,-6.97,CA
53897,11/5/2013,Public Transportation - Bus Pass,-35.09,CA
53897,11/5/2013,Ralph's Grocery Store,-39.22,CA
53897,11/5/2013,Amazon Order - Paint Canvas,-13.53,CA
53897,11/5/2013,Guitar Center,-39.31,CA
53897,11/6/2013,Amazon Order - Paint Canvas,-3.14,CA
53897,11/7/2013,Art's Art Supplies,-25.67,CA
53897,11/8/2013,Taxi,-26.99,CA
53897,11/8/2013,Public Transportation - Bus Pass,-39.17,CA
53897,11/8/2013,Public Transportation - Bus Pass,-79.39,CA
53897,11/8/2013,Music Lessons - Piano,-18.03,CA
53897,11/8/2013,Painting Course Fees,-27.7,CA
53897,11/9/2013,Ashley's Craft Store,-17.16,CA
53897,11/9/2013,Painting Course Fees,-38.99,CA
53897,11/9/2013,Amazon Order - Paint Canvas,-0.24,CA
53897,11/9/2013,Amazon Order - Paint Bushes,-23.87,CA
53897,11/9/2013,Painting Course Fees,-33.81,CA
53897,11/9/2013,Ashley's Craft Store,-33.87,CA
53897,11/9/2013,Painting Course Fees,-38.19,CA
53897,11/9/2013,Amazon Order - Paint Bushes,-17.98,CA
53897,11/10/2013,Art Auction,-14.22,CA
53897,11/10/2013,Ashley's Craft Store,-110.92,CA
53897,11/11/2013,Taxi,-39.6,CA
53897,11/12/2013,Guitar Center,-13.78,CA
53897,11/12/2013,Restaurant - Pizza,-71.32,CA
53897,11/12/2013,Art Auction,-9.45,CA
53897,11/13/2013,Amazon Order - Paint Canvas,-1.97,CA
53897,11/13/2013,Music Lessons - Piano,-21.93,CA
53897,11/14/2013,Michael's Crafts,-15.67,CA
53897,11/14/2013,Restaurant - Steakhouse,-10.66,CA
53897,11/14/2013,Guitar Center,-17.42,CA
53897,11/15/2013,Taxi,-6.39,CA
53897,11/15/2013,Uber,-2.37,CA
53897,11/15/2013,Ralph's Grocery Store,-13.22,CA
53897,11/16/2013,Restaurant - Steakhouse,-10.62,CA
53897,11/17/2013,Amazon Order - Paint Bushes,-29.45,CA
53897,11/18/2013,Amazon Order - Paint Bushes,-9.35,CA
53897,11/18/2013,Amazon Order - Paint Canvas,-88.12,CA
53897,11/18/2013,Art Auction,-11.28,CA
53897,11/18/2013,Michael's Crafts,-25.37,CA
53897,11/18/2013,Painting Course Fees,-5.37,CA
53897,11/19/2013,Art's Art Supplies,-18.57,CA
53897,11/19/2013,Painting Course Fees,-3.31,CA
53897,11/20/2013,Guitar Center,-17.19,CA
53897,11/21/2013,Painting Course Fees,-17.65,CA
53897,11/21/2013,Starbucks Coffee,-101.39,CA
53897,11/21/2013,Von's Groceries,-20.02,CA
53897,11/22/2013,Restaurant - Pizza,-118.58,CA
53897,11/23/2013,Sprouts Market,-29.12,CA
53897,11/24/2013,Amazon Order - Paint Canvas,-32.33,CA
53897,11/25/2013,Guitar Center,-96.55,CA
53897,11/26/2013,Starbucks Coffee,-34.23,CA
53897,11/27/2013,Music Lessons - Piano,-34.37,CA
53897,11/27/2013,Ralph's Grocery Store,-16.05,CA
53897,11/27/2013,Art's Art Supplies,-14.07,CA
53897,11/27/2013,Music Lessons - Piano,-55.15,CA
53897,11/28/2013,Public Transportation - Train Pass,-14.38,CA
53897,11/28/2013,Painting Course Fees,-39.19,CA
53897,11/28/2013,Guitar Center,-38.51,CA
53897,11/29/2013,Restaurant - Pizza,-74.96,CA
53897,11/30/2013,Whole Foods,-13.91,CA
53897,11/30/2013,Guitar Center,-21.07,CA
53897,11/30/2013,Public Transportation - Bus Pass,-28.11,CA
53897,12/2/2013,Paycheck,2771,CA
53897,12/2/2013,Housing Rent,-1136,CA
53897,12/2/2013,Water & Sewer,-53,CA
53897,12/2/2013,Navient - Student Loans,-197,CA
53897,12/2/2013,Time Warner Cable,-25,CA
53897,12/2/2013,Credit Card Payment,-154,CA
53897,12/2/2013,Gas & Electric,-32,CA
53897,12/2/2013,Starbucks Coffee,-24.64,CA
53897,12/3/2013,Ashley's Craft Store,-3.57,CA
53897,12/3/2013,Art's Art Supplies,-19.85,CA
53897,12/3/2013,Restaurant - Pizza,-12,CA
53897,12/4/2013,Guitar Center,-93.61,CA
53897,12/4/2013,Painting Course Fees,-28.11,CA
53897,12/4/2013,Restaurant - Pizza,-6.28,CA
53897,12/4/2013,Amazon Order - Paint Canvas,-11.77,CA
53897,12/4/2013,Michael's Crafts,-7.2,CA
53897,12/4/2013,Ashley's Craft Store,-116.82,CA
53897,12/5/2013,Sprouts Market,-0.86,CA
53897,12/5/2013,Music Lessons - Piano,-11.23,CA
53897,12/5/2013,Lyft,-10.51,CA
53897,12/5/2013,Ashley's Craft Store,-1.4,CA
53897,12/6/2013,Music Lessons - Piano,-21.69,CA
53897,12/7/2013,Amazon Order - Paint Bushes,-33.99,CA
53897,12/8/2013,Art Auction,-39.67,CA
53897,12/8/2013,Amazon Order - Paint Canvas,-30.18,CA
53897,12/8/2013,Public Transportation - Train Pass,-79.15,CA
53897,12/8/2013,Art's Art Supplies,-25.94,CA
53897,12/8/2013,Art Auction,-27.2,CA
53897,12/8/2013,Art's Art Supplies,-27.57,CA
53897,12/9/2013,Lyft,-19.79,CA
53897,12/10/2013,Food Delivery - GrubHub,-11.77,CA
53897,12/11/2013,Von's Groceries,-24,CA
53897,12/12/2013,Restaurant - Pizza,-24.1,CA
53897,12/12/2013,Michael's Crafts,-37.84,CA
53897,12/12/2013,Art's Art Supplies,-33.32,CA
53897,12/12/2013,Lyft,-21.01,CA
53897,12/13/2013,Guitar Center,-14.43,CA
53897,12/13/2013,Music Lessons - Piano,-5.93,CA
53897,12/13/2013,Amazon Order - Paint Bushes,-5.55,CA
53897,12/13/2013,Painting Course Fees,-17.97,CA
53897,12/14/2013,Amazon Order - Paint Canvas,-101.19,CA
53897,12/14/2013,Art's Art Supplies,-14.69,CA
53897,12/14/2013,Music Lessons - Piano,-23.38,CA
53897,12/14/2013,Art's Art Supplies,-2.96,CA
53897,12/14/2013,Art's Art Supplies,-27.86,CA
53897,12/14/2013,Art's Art Supplies,-29.53,CA
53897,12/15/2013,Art Auction,-55.72,CA
53897,12/16/2013,Whole Foods,-32.21,CA
53897,12/16/2013,Sprouts Market,-68.08,CA
53897,12/17/2013,Restaurant - Burgers,-8.2,CA
53897,12/17/2013,Sprouts Market,-5.27,CA
53897,12/17/2013,Restaurant - Burgers,-29.11,CA
53897,12/17/2013,Ralph's Grocery Store,-35.27,CA
53897,12/17/2013,Restaurant - Chinese,-20.86,CA
53897,12/17/2013,Music Lessons - Piano,-37.59,CA
53897,12/17/2013,Amazon Order - Paint Canvas,-17.96,CA
53897,12/18/2013,Ashley's Craft Store,-3.5,CA
53897,12/18/2013,Von's Groceries,-34.91,CA
53897,12/18/2013,Amazon Order - Paint Canvas,-5.01,CA
53897,12/18/2013,Taxi,-33.92,CA
53897,12/18/2013,Ashley's Craft Store,-27.76,CA
53897,12/19/2013,Public Transportation - Train Pass,-35.14,CA
53897,12/19/2013,Art Auction,-36.05,CA
53897,12/19/2013,Taxi,-27.46,CA
53897,12/20/2013,Public Transportation - Bus Pass,-36.69,CA
53897,12/20/2013,Music Lessons - Piano,-19.66,CA
53897,12/21/2013,Art's Art Supplies,-35.69,CA
53897,12/21/2013,Ashley's Craft Store,-50.84,CA
53897,12/21/2013,Music Lessons - Piano,-25.42,CA
53897,12/22/2013,Public Transportation - Train Pass,-87.94,CA
53897,12/22/2013,Public Transportation - Train Pass,-5.02,CA
53897,12/23/2013,Guitar Center,-5.32,CA
53897,12/23/2013,Guitar Center,-3.61,CA
53897,12/23/2013,Amazon Order - Paint Canvas,-63.05,CA
53897,12/24/2013,Music Lessons - Piano,-108.25,CA
53897,12/24/2013,Guitar Center,-43.53,CA
53897,12/24/2013,Public Transportation - Bus Pass,-37.17,CA
53897,12/24/2013,Uber,-9.28,CA
53897,12/24/2013,Von's Groceries,-28.82,CA
53897,12/24/2013,Art Auction,-58.99,CA
53897,12/24/2013,Art's Art Supplies,-7.75,CA
53897,12/25/2013,Art Auction,-18.73,CA
53897,12/26/2013,Public Transportation - Bus Pass,-114,CA
53897,12/26/2013,Von's Groceries,-103.32,CA
53897,12/27/2013,Uber,-55.31,CA
53897,12/28/2013,Restaurant - Chinese,-2.58,CA
53897,12/29/2013,Guitar Center,-0.01,CA
53897,12/29/2013,Taxi,-32.21,CA
53897,12/29/2013,Whole Foods,-16.89,CA
53897,12/29/2013,Amazon Order - Paint Canvas,-26.11,CA
53897,12/29/2013,Uber,-18.26,CA
53897,12/29/2013,Restaurant - Pizza,-13.07,CA
53897,12/30/2013,Amazon Order - Paint Bushes,-36.63,CA
53897,12/32/2013,Painting Course Fees,-37.88,CA
53897,12/32/2013,Painting Course Fees,-50.84,CA
53897,12/32/2013,Starbucks Coffee,-9.24,CA
53897,12/32/2013,Amazon Order - Paint Bushes,-103.53,CA
53897,1/2/2014,Lyft,-13.53,CA
53897,1/2/2014,Art Auction,-10.17,CA
53897,1/2/2014,Restaurant - Pizza,-21.11,CA
53897,1/3/2014,Restaurant - Burgers,-70.16,CA
53897,1/4/2014,Amazon Order - Paint Bushes,-0.38,CA
53897,1/4/2014,Taxi,-103.82,CA
53897,1/5/2014,Art Auction,-26.47,CA
53897,1/6/2014,Guitar Center,-27.97,CA
53897,1/7/2014,Painting Course Fees,-27.12,CA
53897,1/7/2014,Art Auction,-27.13,CA
53897,1/7/2014,Whole Foods,-79.47,CA
53897,1/8/2014,Restaurant - Chinese,-21.84,CA
53897,1/9/2014,Food Delivery - GrubHub,-23.23,CA
53897,1/9/2014,Uber,-39.95,CA
53897,1/9/2014,Guitar Center,-82.87,CA
53897,1/9/2014,Taxi,-33.4,CA
53897,1/9/2014,Ashley's Craft Store,-88.34,CA
53897,1/9/2014,Art's Art Supplies,-0.74,CA
53897,1/9/2014,Art's Art Supplies,-63.5,CA
53897,1/10/2014,Art's Art Supplies,-11.21,CA
53897,1/11/2014,Uber,-14.19,CA
53897,1/11/2014,Taxi,-15.76,CA
53897,1/11/2014,Guitar Center,-24.05,CA
53897,1/11/2014,Starbucks Coffee,-14.54,CA
53897,1/11/2014,Art Auction,-3.32,CA
53897,1/11/2014,Public Transportation - Train Pass,-19.73,CA
53897,1/11/2014,Art Auction,-17.02,CA
53897,1/11/2014,Painting Course Fees,-12.51,CA
53897,1/11/2014,Lyft,-7.04,CA
53897,1/11/2014,Art's Art Supplies,-42.51,CA
53897,1/11/2014,Painting Course Fees,-21.63,CA
53897,1/11/2014,Painting Course Fees,-25.2,CA
53897,1/11/2014,Amazon Order - Paint Bushes,-17.89,CA
53897,1/11/2014,Ashley's Craft Store,-5.19,CA
53897,1/11/2014,Guitar Center,-6.94,CA
53897,1/11/2014,Guitar Center,-100.95,CA
53897,1/12/2014,Music Lessons - Piano,-28.95,CA
53897,1/12/2014,Painting Course Fees,-17.71,CA
53897,1/13/2014,Guitar Center,-20.9,CA
53897,1/14/2014,Painting Course Fees,-11.88,CA
53897,1/15/2014,Restaurant - Pizza,-83.89,CA
53897,1/15/2014,Michael's Crafts,-16.88,CA
53897,1/15/2014,Music Lessons - Piano,-17.84,CA
53897,1/16/2014,Restaurant - Pizza,-10.76,CA
53897,1/17/2014,Ashley's Craft Store,-102.54,CA
53897,1/17/2014,Art's Art Supplies,-19,CA
53897,1/18/2014,Music Lessons - Piano,-9.61,CA
53897,1/18/2014,Taxi,-16.13,CA
53897,1/18/2014,Ashley's Craft Store,-6.25,CA
53897,1/19/2014,Lyft,-72.85,CA
53897,1/19/2014,Public Transportation - Bus Pass,-17.28,CA
53897,1/19/2014,Public Transportation - Train Pass,-8.6,CA
53897,1/20/2014,Amazon Order - Paint Bushes,-33.06,CA
53897,1/20/2014,Taxi,-33.6,CA
53897,1/20/2014,Guitar Center,-38.21,CA
53897,1/20/2014,Music Lessons - Piano,-29.13,CA
53897,1/20/2014,Ashley's Craft Store,-3.41,CA
53897,1/20/2014,Amazon Order - Paint Canvas,-15.89,CA
53897,1/20/2014,Guitar Center,-7.23,CA
53897,1/20/2014,Painting Course Fees,-11.39,CA
53897,1/20/2014,Ashley's Craft Store,-10.47,CA
53897,1/20/2014,Amazon Order - Paint Bushes,-16.98,CA
53897,1/20/2014,Michael's Crafts,-32.87,CA
53897,1/21/2014,Music Lessons - Piano,-31.51,CA
53897,1/22/2014,Lyft,-49.66,CA
53897,1/22/2014,Guitar Center,-76.86,CA
53897,1/22/2014,Public Transportation - Bus Pass,-24.69,CA
53897,1/22/2014,Restaurant - Steakhouse,-13.9,CA
53897,1/23/2014,Von's Groceries,-9.84,CA
53897,1/24/2014,Ralph's Grocery Store,-19.27,CA
53897,1/24/2014,Lyft,-27.59,CA
53897,1/24/2014,Art Auction,-37.29,CA
53897,1/25/2014,Michael's Crafts,-39.82,CA
53897,1/25/2014,Music Lessons - Piano,-1.6,CA
53897,1/25/2014,Public Transportation - Bus Pass,-0.55,CA
53897,1/26/2014,Michael's Crafts,-21.37,CA
53897,1/27/2014,Uber,-15.68,CA
53897,1/27/2014,Taxi,-10.76,CA
53897,1/28/2014,Amazon Order - Paint Bushes,-7.08,CA
53897,1/29/2014,Public Transportation - Train Pass,-14.95,CA
53897,1/29/2014,Lyft,-16.06,CA
53897,1/30/2014,Public Transportation - Train Pass,-30.41,CA
53897,1/30/2014,Restaurant - Burgers,-104.07,CA
53897,1/30/2014,Music Lessons - Piano,-19.95,CA
53897,1/30/2014,Public Transportation - Bus Pass,-8.65,CA
53897,3/2/2014,Paycheck,2771,CA
53897,3/2/2014,Housing Rent,-814,CA
53897,3/2/2014,Water & Sewer,-53,CA
53897,3/2/2014,Navient - Student Loans,-197,CA
53897,3/2/2014,Time Warner Cable,-25,CA
53897,3/2/2014,Credit Card Payment,-154,CA
53897,3/2/2014,Gas & Electric,-32,CA
53897,3/2/2014,Amazon Order - Paint Bushes,-24.6,CA
53897,3/2/2014,Restaurant - Steakhouse,-4.9,CA
53897,3/3/2014,Guitar Center,-32.93,CA
53897,3/3/2014,Public Transportation - Bus Pass,-4.75,CA
53897,3/3/2014,Ashley's Craft Store,-31.04,CA
53897,3/4/2014,Guitar Center,-37.72,CA
53897,3/4/2014,Whole Foods,-36.5,CA
53897,3/4/2014,Whole Foods,-23.39,CA
53897,3/4/2014,Mark's Movers,-35,CA
53897,3/4/2014,FedEx Shipping,-26.74,CA
53897,3/4/2014,Jerome's Furniture,-29.71,CA
53897,3/4/2014,Home Depot,-13.02,CA
53897,3/4/2014,Refrigerator Depot,-24.56,CA
53897,3/4/2014,Hamilton Move & Storage,-5.35,CA
53897,3/4/2014,Amazon Order - Paint Canvas,-25.67,CA
53897,3/4/2014,Music Lessons - Piano,-20.3,CA
53897,3/5/2014,Restaurant - Burgers,-5.08,CA
53897,3/6/2014,Michael's Crafts,-32.06,CA
53897,3/6/2014,Amazon Order - Paint Canvas,-15.45,CA
53897,3/7/2014,Restaurant - Steakhouse,-66.28,CA
53897,3/7/2014,Public Transportation - Bus Pass,-20.61,CA
53897,3/7/2014,Michael's Crafts,-15.47,CA
53897,3/7/2014,Starbucks Coffee,-5.09,CA
53897,3/7/2014,Amazon Order - Paint Canvas,-2.52,CA
53897,3/7/2014,Amazon Order - Paint Bushes,-4.35,CA
53897,3/8/2014,Public Transportation - Train Pass,-9.94,CA
53897,3/8/2014,Ashley's Craft Store,-4.82,CA
53897,3/8/2014,Guitar Center,-8.43,CA
53897,3/8/2014,Ralph's Grocery Store,-12.11,CA
53897,3/8/2014,Public Transportation - Train Pass,-15.42,CA
53897,3/8/2014,Restaurant - Pizza,-24.4,CA
53897,3/8/2014,Public Transportation - Train Pass,-12.94,CA
53897,3/9/2014,Ashley's Craft Store,-37.03,CA
53897,3/10/2014,Guitar Center,-114.83,CA
53897,3/10/2014,Taxi,-0.58,CA
53897,3/11/2014,Art's Art Supplies,-13.77,CA
53897,3/11/2014,Ashley's Craft Store,-33.28,CA
53897,3/11/2014,Public Transportation - Bus Pass,-33.63,CA
53897,3/11/2014,Painting Course Fees,-31.63,CA
53897,3/11/2014,Restaurant - Chinese,-21.9,CA
53897,3/11/2014,Michael's Crafts,-22.85,CA
53897,3/11/2014,Public Transportation - Train Pass,-30.36,CA
53897,3/11/2014,Amazon Order - Paint Canvas,-107.7,CA
53897,3/11/2014,Amazon Order - Paint Bushes,-35.9,CA
53897,3/11/2014,Lyft,-39.91,CA
53897,3/11/2014,Michael's Crafts,-36.47,CA
53897,3/11/2014,Restaurant - Chinese,-11.83,CA
53897,3/11/2014,Music Lessons - Piano,-11.02,CA
53897,3/11/2014,Public Transportation - Bus Pass,-76.53,CA
53897,3/12/2014,Michael's Crafts,-47.76,CA
53897,3/13/2014,Art Auction,-10.46,CA
53897,3/14/2014,Music Lessons - Piano,-8.48,CA
53897,3/14/2014,Amazon Order - Paint Canvas,-2.27,CA
53897,3/14/2014,Ashley's Craft Store,-20.99,CA
53897,3/14/2014,Music Lessons - Piano,-2.76,CA
53897,3/15/2014,Guitar Center,-26.53,CA
53897,3/15/2014,Amazon Order - Paint Canvas,-38.16,CA
53897,3/15/2014,Amazon Order - Paint Bushes,-9.27,CA
53897,3/16/2014,Guitar Center,-23.64,CA
53897,3/16/2014,Taxi,-30.43,CA
53897,3/16/2014,Painting Course Fees,-20.97,CA
53897,3/16/2014,Whole Foods,-35.3,CA
53897,3/16/2014,Uber,-25.01,CA
53897,3/16/2014,Ralph's Grocery Store,-70.17,CA
53897,3/16/2014,Restaurant - Steakhouse,-77.09,CA
53897,3/16/2014,Public Transportation - Train Pass,-13.55,CA
53897,3/16/2014,Taxi,-23.95,CA
53897,3/16/2014,Art's Art Supplies,-33.1,CA
53897,3/16/2014,Art Auction,-14.25,CA
53897,3/16/2014,Restaurant - Steakhouse,-47.67,CA
53897,3/16/2014,Lyft,-21.18,CA
53897,3/16/2014,Public Transportation - Train Pass,-18.85,CA
53897,3/17/2014,Public Transportation - Bus Pass,-2.48,CA
53897,3/17/2014,Amazon Order - Paint Canvas,-0.78,CA
53897,3/18/2014,Amazon Order - Paint Bushes,-6.04,CA
53897,3/18/2014,Guitar Center,-109.86,CA
53897,3/18/2014,Painting Course Fees,-34.21,CA
53897,3/18/2014,Public Transportation - Train Pass,-26.85,CA
53897,3/18/2014,Ashley's Craft Store,-0.3,CA
53897,3/19/2014,Taxi,-91.3,CA
53897,3/19/2014,Michael's Crafts,-24.52,CA
53897,3/20/2014,Restaurant - Pizza,-72.95,CA
53897,3/20/2014,Ralph's Grocery Store,-13.63,CA
53897,3/21/2014,Uber,-31.79,CA
53897,3/21/2014,Uber,-30.9,CA
53897,3/22/2014,Art Auction,-22.09,CA
53897,3/22/2014,Amazon Order - Paint Canvas,-36.98,CA
53897,3/22/2014,Guitar Center,-13.43,CA
53897,3/23/2014,Uber,-16.15,CA
53897,3/23/2014,Guitar Center,-30.67,CA
53897,3/23/2014,Ashley's Craft Store,-109.66,CA
53897,3/24/2014,Public Transportation - Train Pass,-35.03,CA
53897,3/24/2014,Lyft,-16.14,CA
53897,3/24/2014,Painting Course Fees,-45.2,CA
53897,3/25/2014,Ashley's Craft Store,-103.1,CA
53897,3/26/2014,Art Auction,-25.63,CA
53897,3/26/2014,Amazon Order - Paint Canvas,-9.76,CA
53897,3/27/2014,Painting Course Fees,-30.39,CA
53897,3/27/2014,Public Transportation - Train Pass,-20.48,CA
53897,3/28/2014,Art's Art Supplies,-17.34,CA
53897,3/28/2014,Public Transportation - Bus Pass,-103.05,CA
53897,3/29/2014,Guitar Center,-63.51,CA
53897,3/29/2014,Art's Art Supplies,-31.69,CA
53897,3/29/2014,Michael's Crafts,-1.04,CA
53897,3/29/2014,Whole Foods,-28.1,CA
53897,3/29/2014,Amazon Order - Paint Canvas,-92.73,CA
53897,3/29/2014,Art's Art Supplies,-1.26,CA
53897,3/29/2014,Guitar Center,-34.15,CA
53897,3/29/2014,Art's Art Supplies,-39.33,CA
53897,3/29/2014,Public Transportation - Train Pass,-36.97,CA
53897,3/29/2014,Music Lessons - Piano,-35.42,CA
53897,3/30/2014,Von's Groceries,-11.32,CA
53897,3/30/2014,Ashley's Craft Store,-17.39,CA
53897,4/2/2014,Paycheck,2771,CA
53897,4/2/2014,Housing Rent,-1299,CA
53897,4/2/2014,Water & Sewer,-53,CA
53897,4/2/2014,Navient - Student Loans,-197,CA
53897,4/2/2014,Time Warner Cable,-25,CA
53897,4/2/2014,Credit Card Payment,-154,CA
53897,4/2/2014,Gas & Electric,-32,CA
53897,4/2/2014,Guitar Center,-35.29,CA
53897,4/3/2014,Amazon Order - Paint Bushes,-92.84,CA
53897,4/4/2014,Uber,-108.41,CA
53897,4/5/2014,Music Lessons - Piano,-10.74,CA
53897,4/6/2014,Food Delivery - GrubHub,-37.7,CA
53897,4/6/2014,Amazon Order - Paint Canvas,-20.06,CA
53897,4/6/2014,Restaurant - Burgers,-31.93,CA
53897,4/6/2014,Guitar Center,-44.55,CA
53897,4/7/2014,Music Lessons - Piano,-13.48,CA
53897,4/7/2014,Michael's Crafts,-34.19,CA
53897,4/7/2014,Painting Course Fees,-22.91,CA
53897,4/7/2014,Painting Course Fees,-31.13,CA
53897,4/8/2014,Amazon Order - Paint Bushes,-6.37,CA
53897,4/9/2014,Ashley's Craft Store,-89.81,CA
53897,4/9/2014,Lyft,-1.52,CA
53897,4/9/2014,Public Transportation - Train Pass,-95.42,CA
53897,4/9/2014,Restaurant - Chinese,-26.13,CA
53897,4/10/2014,Sprouts Market,-34.33,CA
53897,4/11/2014,Art Auction,-31.58,CA
53897,4/11/2014,Ashley's Craft Store,-32.02,CA
53897,4/12/2014,Art's Art Supplies,-28.65,CA
53897,4/12/2014,Restaurant - Burgers,-27.65,CA
53897,4/13/2014,Uber,-37.35,CA
53897,4/13/2014,Art Auction,-6.06,CA
53897,4/14/2014,Restaurant - Steakhouse,-78.33,CA
53897,4/14/2014,Taxi,-39.73,CA
53897,4/14/2014,Whole Foods,-43.27,CA
53897,4/14/2014,Lyft,-12.33,CA
53897,4/14/2014,Public Transportation - Train Pass,-13.26,CA
53897,4/14/2014,Michael's Crafts,-80.28,CA
53897,4/14/2014,Art's Art Supplies,-28.99,CA
53897,4/14/2014,Von's Groceries,-117.72,CA
53897,4/14/2014,Guitar Center,-32.42,CA
53897,4/14/2014,Public Transportation - Train Pass,-42.55,CA
53897,4/14/2014,Taxi,-110.41,CA
53897,4/14/2014,Amazon Order - Paint Bushes,-8.27,CA
53897,4/14/2014,Art Auction,-58.28,CA
53897,4/15/2014,Restaurant - Pizza,-8.1,CA
53897,4/15/2014,Uber,-25.43,CA
53897,4/15/2014,Art's Art Supplies,-26.38,CA
53897,4/16/2014,Public Transportation - Bus Pass,-97.04,CA
53897,4/16/2014,Painting Course Fees,-22.39,CA
53897,4/16/2014,Amazon Order - Paint Bushes,-33.5,CA
53897,4/16/2014,Amazon Order - Paint Bushes,-17.53,CA
53897,4/16/2014,Starbucks Coffee,-89.29,CA
53897,4/17/2014,Ashley's Craft Store,-19.36,CA
53897,4/17/2014,Ralph's Grocery Store,-104.06,CA
53897,4/17/2014,Amazon Order - Paint Bushes,-6.84,CA
53897,4/18/2014,Taxi,-8.02,CA
53897,4/18/2014,Art's Art Supplies,-16.86,CA
53897,4/19/2014,Amazon Order - Paint Bushes,-25.34,CA
53897,4/19/2014,Amazon Order - Paint Canvas,-33.53,CA
53897,4/19/2014,Guitar Center,-26.35,CA
53897,4/19/2014,Art's Art Supplies,-16.82,CA
53897,4/20/2014,Amazon Order - Paint Canvas,-2,CA
53897,4/20/2014,Michael's Crafts,-10.73,CA
53897,4/21/2014,Music Lessons - Piano,-36.29,CA
53897,4/22/2014,Sprouts Market,-10.63,CA
53897,4/23/2014,Art Auction,-15.07,CA
53897,4/24/2014,Art's Art Supplies,-26.2,CA
53897,4/25/2014,Michael's Crafts,-4.76,CA
53897,4/26/2014,Lyft,-1.41,CA
53897,4/26/2014,Music Lessons - Piano,-32.78,CA
53897,4/26/2014,Restaurant - Burgers,-13.41,CA
53897,4/27/2014,Restaurant - Burgers,-18.73,CA
53897,4/27/2014,Amazon Order - Paint Bushes,-35.78,CA
53897,4/28/2014,Art's Art Supplies,-9.99,CA
53897,4/28/2014,Von's Groceries,-1.01,CA
53897,4/28/2014,Amazon Order - Paint Bushes,-29.15,CA
53897,4/28/2014,Lyft,-31.8,CA
53897,4/28/2014,Art's Art Supplies,-2.24,CA
53897,4/28/2014,Restaurant - Steakhouse,-5.43,CA
53897,4/28/2014,Music Lessons - Piano,-9.33,CA
53897,4/29/2014,Art Auction,-36.65,CA
53897,4/30/2014,Painting Course Fees,-3.22,CA
53897,5/2/2014,Paycheck,2771,CA
53897,5/2/2014,Housing Rent,-1070,CA
53897,5/2/2014,Water & Sewer,-53,CA
53897,5/2/2014,Navient - Student Loans,-197,CA
53897,5/2/2014,Time Warner Cable,-25,CA
53897,5/2/2014,Credit Card Payment,-154,CA
53897,5/2/2014,Gas & Electric,-32,CA
53897,5/2/2014,Art's Art Supplies,-1.45,CA
53897,5/2/2014,Von's Groceries,-5.04,CA
53897,5/3/2014,Painting Course Fees,-111.92,CA
53897,5/3/2014,Uber,-26.44,CA
53897,5/3/2014,Lyft,-19.54,CA
53897,5/3/2014,Restaurant - Steakhouse,-1.19,CA
53897,5/4/2014,Guitar Center,-10.43,CA
53897,5/4/2014,Painting Course Fees,-70.62,CA
53897,5/5/2014,Ashley's Craft Store,-14.12,CA
53897,5/5/2014,Music Lessons - Piano,-87.83,CA
53897,5/6/2014,Amazon Order - Paint Canvas,-27.81,CA
53897,5/6/2014,Amazon Order - Paint Canvas,-15.95,CA
53897,5/6/2014,Von's Groceries,-19.51,CA
53897,5/6/2014,Public Transportation - Bus Pass,-42.6,CA
53897,5/6/2014,Whole Foods,-35.95,CA
53897,5/7/2014,Art Auction,-6.38,CA
53897,5/7/2014,Michael's Crafts,-72.76,CA
53897,5/7/2014,Art's Art Supplies,-19.83,CA
53897,5/7/2014,Von's Groceries,-10.83,CA
53897,5/7/2014,Guitar Center,-12.17,CA
53897,5/7/2014,Ashley's Craft Store,-11.99,CA
53897,5/7/2014,Amazon Order - Paint Canvas,-29.52,CA
53897,5/7/2014,Amazon Order - Paint Canvas,-21.7,CA
53897,5/7/2014,Art's Art Supplies,-18.29,CA
53897,5/7/2014,Restaurant - Burgers,-39.65,CA
53897,5/8/2014,Michael's Crafts,-25.03,CA
53897,5/8/2014,Lyft,-32.11,CA
53897,5/9/2014,Restaurant - Pizza,-5.52,CA
53897,5/9/2014,Food Delivery - GrubHub,-12.29,CA
53897,5/10/2014,Taxi,-38.65,CA
53897,5/10/2014,Ashley's Craft Store,-32.4,CA
53897,5/10/2014,Painting Course Fees,-77.16,CA
53897,5/10/2014,Ashley's Craft Store,-20.67,CA
53897,5/10/2014,Restaurant - Steakhouse,-28.58,CA
53897,5/11/2014,Taxi,-4.03,CA
53897,5/11/2014,Music Lessons - Piano,-91.1,CA
53897,5/11/2014,Von's Groceries,-30.11,CA
53897,5/11/2014,Painting Course Fees,-14.63,CA
53897,5/12/2014,Amazon Order - Paint Canvas,-18.9,CA
53897,5/12/2014,Guitar Center,-27.74,CA
53897,5/12/2014,Music Lessons - Piano,-27.43,CA
53897,5/12/2014,Uber,-92.33,CA
53897,5/12/2014,Uber,-31.43,CA
53897,5/13/2014,Restaurant - Chinese,-32.98,CA
53897,5/13/2014,Restaurant - Burgers,-36.23,CA
53897,5/14/2014,Amazon Order - Paint Bushes,-36.54,CA
53897,5/15/2014,Restaurant - Steakhouse,-7.36,CA
53897,5/16/2014,Taxi,-28.2,CA
53897,5/17/2014,Art Auction,-110.09,CA
53897,5/17/2014,Sprouts Market,-35,CA
53897,5/18/2014,Restaurant - Pizza,-21.68,CA
53897,5/19/2014,Amazon Order - Paint Canvas,-0.8,CA
53897,5/19/2014,Guitar Center,-35.84,CA
53897,5/19/2014,Uber,-24.04,CA
53897,5/19/2014,Michael's Crafts,-52.43,CA
53897,5/19/2014,Ashley's Craft Store,-36.11,CA
53897,5/20/2014,Sprouts Market,-35.57,CA
53897,5/21/2014,Restaurant - Pizza,-24.89,CA
53897,5/22/2014,Amazon Order - Paint Bushes,-3.11,CA
53897,5/22/2014,Ashley's Craft Store,-16.44,CA
53897,5/22/2014,Michael's Crafts,-43.24,CA
53897,5/22/2014,Public Transportation - Train Pass,-60.35,CA
53897,5/22/2014,Michael's Crafts,-17.39,CA
53897,5/22/2014,Uber,-5.17,CA
53897,5/22/2014,Lyft,-14.79,CA
53897,5/22/2014,Amazon Order - Paint Canvas,-34.68,CA
53897,5/22/2014,Painting Course Fees,-36.24,CA
53897,5/22/2014,Amazon Order - Paint Bushes,-19.2,CA
53897,5/22/2014,Sprouts Market,-39.27,CA
53897,5/22/2014,Michael's Crafts,-41.31,CA
53897,5/22/2014,Ashley's Craft Store,-18.93,CA
53897,5/23/2014,Painting Course Fees,-6.91,CA
53897,5/24/2014,Guitar Center,-25.36,CA
53897,5/25/2014,Michael's Crafts,-27.68,CA
53897,5/25/2014,Painting Course Fees,-8.73,CA
53897,5/26/2014,Amazon Order - Paint Bushes,-35.7,CA
53897,5/26/2014,Public Transportation - Bus Pass,-25.33,CA
53897,5/27/2014,Restaurant - Pizza,-31.59,CA
53897,5/27/2014,Public Transportation - Bus Pass,-16.83,CA
53897,5/27/2014,Sprouts Market,-9.97,CA
53897,5/27/2014,Uber,-2.44,CA
53897,5/27/2014,Art Auction,-1.44,CA
53897,5/27/2014,Whole Foods,-23.68,CA
53897,5/27/2014,Public Transportation - Bus Pass,-19.95,CA
53897,5/27/2014,Restaurant - Pizza,-6.16,CA
53897,5/27/2014,Restaurant - Burgers,-3.89,CA
53897,5/27/2014,Restaurant - Chinese,-12.48,CA
53897,5/27/2014,Ashley's Craft Store,-32.55,CA
53897,5/28/2014,Amazon Order - Paint Canvas,-29.48,CA
53897,5/28/2014,Food Delivery - GrubHub,-100.97,CA
53897,5/28/2014,Art Auction,-33.75,CA
53897,5/28/2014,Uber,-15.58,CA
53897,5/28/2014,Art Auction,-9.9,CA
53897,5/28/2014,Painting Course Fees,-10.85,CA
53897,5/28/2014,Restaurant - Chinese,-16.43,CA
53897,5/29/2014,Sprouts Market,-30.54,CA
53897,5/30/2014,Amazon Order - Paint Canvas,-30.75,CA
53897,5/30/2014,Restaurant - Steakhouse,-29.78,CA
53897,5/30/2014,Guitar Center,-17.16,CA
53897,5/30/2014,Art's Art Supplies,-27.97,CA
53897,5/30/2014,Ralph's Grocery Store,-103.08,CA
53897,6/2/2014,Paycheck,2771,CA
53897,6/2/2014,Housing Rent,-1082,CA
53897,6/2/2014,Water & Sewer,-53,CA
53897,6/2/2014,Navient - Student Loans,-197,CA
53897,6/2/2014,Time Warner Cable,-25,CA
53897,6/2/2014,Credit Card Payment,-154,CA
53897,6/2/2014,Gas & Electric,-32,CA
53897,6/2/2014,Art Auction,-102.18,CA
53897,6/2/2014,Guitar Center,-33.78,CA
53897,6/2/2014,Public Transportation - Bus Pass,-26.6,CA
53897,6/3/2014,Public Transportation - Bus Pass,-20.82,CA
53897,6/4/2014,Amazon Order - Paint Canvas,-6.55,CA
53897,6/5/2014,Amazon Order - Paint Bushes,-37.23,CA
53897,6/5/2014,Uber,-8.25,CA
53897,6/5/2014,Taxi,-27.73,CA
53897,6/6/2014,Restaurant - Pizza,-104.73,CA
53897,6/7/2014,Amazon Order - Paint Bushes,-12.94,CA
53897,6/7/2014,Amazon Order - Paint Bushes,-32.79,CA
53897,6/7/2014,Amazon Order - Paint Bushes,-14.95,CA
53897,6/7/2014,Public Transportation - Bus Pass,-37.41,CA
53897,6/7/2014,Whole Foods,-8.04,CA
53897,6/8/2014,Michael's Crafts,-15,CA
53897,6/8/2014,Ralph's Grocery Store,-12.95,CA
53897,6/8/2014,Art's Art Supplies,-25.04,CA
53897,6/8/2014,Uber,-17.67,CA
53897,6/8/2014,Art's Art Supplies,-48.38,CA
53897,6/9/2014,Taxi,-26.57,CA
53897,6/9/2014,Art's Art Supplies,-26.87,CA
53897,6/9/2014,Art's Art Supplies,-6.35,CA
53897,6/10/2014,Music Lessons - Piano,-8.19,CA
53897,6/10/2014,Public Transportation - Bus Pass,-8,CA
53897,6/10/2014,Amazon Order - Paint Canvas,-0.29,CA
53897,6/10/2014,Guitar Center,-17.55,CA
53897,6/11/2014,Michael's Crafts,-28.28,CA
53897,6/11/2014,Restaurant - Burgers,-16.66,CA
53897,6/12/2014,Taxi,-76.79,CA
53897,6/12/2014,Art Auction,-37.77,CA
53897,6/12/2014,Music Lessons - Piano,-11.61,CA
53897,6/12/2014,Guitar Center,-29.77,CA
53897,6/12/2014,Restaurant - Chinese,-73.57,CA
53897,6/12/2014,Amazon Order - Paint Canvas,-66.34,CA
53897,6/12/2014,Painting Course Fees,-37.63,CA
53897,6/12/2014,Restaurant - Chinese,-84.91,CA
53897,6/12/2014,Painting Course Fees,-37.56,CA
53897,6/13/2014,Public Transportation - Bus Pass,-31.3,CA
53897,6/14/2014,Michael's Crafts,-26.84,CA
53897,6/15/2014,Whole Foods,-33.81,CA
53897,6/16/2014,Ashley's Craft Store,-6.76,CA
53897,6/16/2014,Guitar Center,-83.17,CA
53897,6/16/2014,Painting Course Fees,-12.1,CA
53897,6/16/2014,Public Transportation - Bus Pass,-2.64,CA
53897,6/16/2014,Art Auction,-112.92,CA
53897,6/16/2014,Guitar Center,-30.68,CA
53897,6/16/2014,Art Auction,-4.56,CA
53897,6/16/2014,Painting Course Fees,-3.6,CA
53897,6/16/2014,Public Transportation - Bus Pass,-30.85,CA
53897,6/16/2014,Uber,-22.39,CA
53897,6/16/2014,Restaurant - Pizza,-7.4,CA
53897,6/16/2014,Amazon Order - Paint Canvas,-37.18,CA
53897,6/16/2014,Restaurant - Chinese,-37.48,CA
53897,6/16/2014,Michael's Crafts,-15.99,CA
53897,6/16/2014,Michael's Crafts,-19.9,CA
53897,6/16/2014,Art Auction,-19.81,CA
53897,6/16/2014,Ralph's Grocery Store,-3.26,CA
53897,6/17/2014,Amazon Order - Paint Canvas,-18.46,CA
53897,6/18/2014,Art's Art Supplies,-30.2,CA
53897,6/18/2014,Public Transportation - Bus Pass,-107.33,CA
53897,6/19/2014,Restaurant - Burgers,-28.94,CA
53897,6/20/2014,Art's Art Supplies,-18.46,CA
53897,6/20/2014,Ashley's Craft Store,-16.87,CA
53897,6/21/2014,Music Lessons - Piano,-67.25,CA
53897,6/21/2014,Restaurant - Chinese,-4.39,CA
53897,6/21/2014,Restaurant - Chinese,-17.91,CA
53897,6/22/2014,Restaurant - Burgers,-11.78,CA
53897,6/22/2014,Starbucks Coffee,-91.46,CA
53897,6/23/2014,Painting Course Fees,-45.88,CA
53897,6/23/2014,Music Lessons - Piano,-98.14,CA
53897,6/23/2014,Michael's Crafts,-35.72,CA
53897,6/23/2014,Painting Course Fees,-28.42,CA
53897,6/23/2014,Art's Art Supplies,-36.55,CA
53897,6/23/2014,Uber,-24.98,CA
53897,6/23/2014,Painting Course Fees,-23.8,CA
53897,6/24/2014,Uber,-10.74,CA
53897,6/24/2014,Restaurant - Steakhouse,-74.97,CA
53897,6/24/2014,Amazon Order - Paint Canvas,-35.13,CA
53897,6/24/2014,Amazon Order - Paint Bushes,-50.35,CA
53897,6/24/2014,Michael's Crafts,-39.84,CA
53897,6/25/2014,Amazon Order - Paint Canvas,-2.92,CA
53897,6/25/2014,Uber,-34.17,CA
53897,6/25/2014,Painting Course Fees,-12.47,CA
53897,6/26/2014,Sprouts Market,-9.18,CA
53897,6/26/2014,Ashley's Craft Store,-30.6,CA
53897,6/26/2014,Public Transportation - Bus Pass,-32.72,CA
53897,6/26/2014,Art Auction,-30.72,CA
53897,6/26/2014,Starbucks Coffee,-38.24,CA
53897,6/26/2014,Starbucks Coffee,-19.05,CA
53897,6/26/2014,Guitar Center,-41.04,CA
53897,6/27/2014,Michael's Crafts,-0.26,CA
53897,6/27/2014,Uber,-22.72,CA
53897,6/28/2014,Painting Course Fees,-36.56,CA
53897,6/28/2014,Guitar Center,-20.87,CA
53897,6/28/2014,Art Auction,-23.43,CA
53897,6/28/2014,Food Delivery - GrubHub,-76.72,CA
53897,6/29/2014,Ralph's Grocery Store,-7.97,CA
53897,6/29/2014,Amazon Order - Paint Bushes,-14.28,CA
53897,6/29/2014,Public Transportation - Bus Pass,-34.18,CA
53897,6/29/2014,Lyft,-20.91,CA
53897,6/29/2014,Uber,-35.7,CA
53897,6/29/2014,Restaurant - Steakhouse,-16.44,CA
53897,6/30/2014,Uber,-9.32,CA
53897,7/2/2014,Paycheck,2771,CA
53897,7/2/2014,Housing Rent,-1005,CA
53897,7/2/2014,Water & Sewer,-53,CA
53897,7/2/2014,Navient - Student Loans,-197,CA
53897,7/2/2014,Time Warner Cable,-25,CA
53897,7/2/2014,Credit Card Payment,-154,CA
53897,7/2/2014,Gas & Electric,-32,CA
53897,7/2/2014,Lyft,-26.94,CA
53897,7/2/2014,Michael's Crafts,-15.17,CA
53897,7/2/2014,Guitar Center,-39.49,CA
53897,7/2/2014,Music Lessons - Piano,-0.22,CA
53897,7/3/2014,Painting Course Fees,-86.8,CA
53897,7/3/2014,Public Transportation - Bus Pass,-7.87,CA
53897,7/3/2014,Painting Course Fees,-30.66,CA
53897,7/3/2014,Public Transportation - Train Pass,-95.18,CA
53897,7/3/2014,Ashley's Craft Store,-18.32,CA
53897,7/4/2014,Guitar Center,-7.44,CA
53897,7/4/2014,Food Delivery - GrubHub,-30.35,CA
53897,7/4/2014,Guitar Center,-2.6,CA
53897,7/4/2014,Whole Foods,-10,CA
53897,7/4/2014,Von's Groceries,-39.74,CA
53897,7/4/2014,Public Transportation - Bus Pass,-36.67,CA
53897,7/5/2014,Guitar Center,-32.85,CA
53897,7/5/2014,Lyft,-67.94,CA
53897,7/6/2014,Art's Art Supplies,-20.26,CA
53897,7/6/2014,Art's Art Supplies,-2.52,CA
53897,7/6/2014,Michael's Crafts,-66.44,CA
53897,7/7/2014,Michael's Crafts,-82.1,CA
53897,7/7/2014,Guitar Center,-30,CA
53897,7/7/2014,Guitar Center,-25.95,CA
53897,7/7/2014,Restaurant - Steakhouse,-15.65,CA
53897,7/7/2014,Sprouts Market,-9.3,CA
53897,7/7/2014,Ashley's Craft Store,-2.66,CA
53897,7/7/2014,Michael's Crafts,-3.83,CA
53897,7/8/2014,Restaurant - Burgers,-88.28,CA
53897,7/8/2014,Art Auction,-6.18,CA
53897,7/8/2014,Amazon Order - Paint Canvas,-2.98,CA
53897,7/8/2014,Art's Art Supplies,-16.5,CA
53897,7/8/2014,Starbucks Coffee,-26.14,CA
53897,7/9/2014,Amazon Order - Paint Bushes,-53.68,CA
53897,7/10/2014,Guitar Center,-5.52,CA
53897,7/10/2014,Taxi,-60.59,CA
53897,7/10/2014,Ashley's Craft Store,-33.11,CA
53897,7/10/2014,Music Lessons - Piano,-36.18,CA
53897,7/10/2014,Taxi,-31.34,CA
53897,7/11/2014,Ashley's Craft Store,-31.58,CA
53897,7/11/2014,Amazon Order - Paint Canvas,-3.05,CA
53897,7/12/2014,Music Lessons - Piano,-28.93,CA
53897,7/12/2014,Lyft,-38.87,CA
53897,7/12/2014,Restaurant - Burgers,-15.21,CA
53897,7/12/2014,Ralph's Grocery Store,-18.32,CA
53897,7/12/2014,Restaurant - Burgers,-76.23,CA
53897,7/13/2014,Art Auction,-34.5,CA
53897,7/14/2014,Amazon Order - Paint Bushes,-35.39,CA
53897,7/14/2014,Guitar Center,-17.59,CA
53897,7/14/2014,Amazon Order - Paint Bushes,-11.16,CA
53897,7/14/2014,Music Lessons - Piano,-22.05,CA
53897,7/14/2014,Art Auction,-13.06,CA
53897,7/14/2014,Music Lessons - Piano,-5.9,CA
53897,7/14/2014,Starbucks Coffee,-29.15,CA
53897,7/14/2014,Whole Foods,-22.1,CA
53897,7/14/2014,Michael's Crafts,-6.06,CA
53897,7/14/2014,Amazon Order - Paint Bushes,-115.82,CA
53897,7/14/2014,Painting Course Fees,-85.06,CA
53897,7/14/2014,Public Transportation - Train Pass,-67.93,CA
53897,7/14/2014,Painting Course Fees,-4.68,CA
53897,7/14/2014,Music Lessons - Piano,-6.77,CA
53897,7/14/2014,Amazon Order - Paint Bushes,-6.44,CA
53897,7/14/2014,Music Lessons - Piano,-32.62,CA
53897,7/14/2014,Public Transportation - Bus Pass,-39.84,CA
53897,7/14/2014,Art Auction,-21.76,CA
53897,7/14/2014,Amazon Order - Paint Bushes,-98.15,CA
53897,7/14/2014,Restaurant - Chinese,-12.77,CA
53897,7/14/2014,Art Auction,-15.8,CA
53897,7/15/2014,Public Transportation - Train Pass,-15.9,CA
53897,7/15/2014,Painting Course Fees,-20.08,CA
53897,7/16/2014,Taxi,-29.08,CA
53897,7/17/2014,Ashley's Craft Store,-2.75,CA
53897,7/17/2014,Ashley's Craft Store,-20.03,CA
53897,7/17/2014,Art's Art Supplies,-28.09,CA
53897,7/18/2014,Amazon Order - Paint Bushes,-36.92,CA
53897,7/18/2014,Restaurant - Steakhouse,-34.35,CA
53897,7/18/2014,Ralph's Grocery Store,-95.55,CA
53897,7/19/2014,Art's Art Supplies,-0.75,CA
53897,7/20/2014,Amazon Order - Paint Canvas,-75.55,CA
53897,7/20/2014,Art's Art Supplies,-7.69,CA
53897,7/20/2014,Music Lessons - Piano,-38.18,CA
53897,7/21/2014,Painting Course Fees,-35.81,CA
53897,7/21/2014,Art's Art Supplies,-25.09,CA
53897,7/21/2014,Restaurant - Pizza,-35.46,CA
53897,7/22/2014,Taxi,-98.63,CA
53897,7/22/2014,Amazon Order - Paint Bushes,-57.21,CA
53897,7/22/2014,Michael's Crafts,-9.96,CA
53897,7/22/2014,Music Lessons - Piano,-25.72,CA
53897,7/22/2014,Von's Groceries,-32.47,CA
53897,7/22/2014,Uber,-109.98,CA
53897,7/23/2014,Ashley's Craft Store,-5.64,CA
53897,7/23/2014,Art's Art Supplies,-16.12,CA
53897,7/23/2014,Amazon Order - Paint Bushes,-39.04,CA
53897,7/23/2014,Music Lessons - Piano,-45.51,CA
53897,7/23/2014,Starbucks Coffee,-24.89,CA
53897,7/24/2014,Amazon Order - Paint Bushes,-29.31,CA
53897,7/25/2014,Michael's Crafts,-0.26,CA
53897,7/25/2014,Guitar Center,-31.45,CA
53897,7/25/2014,Art Auction,-20.32,CA
53897,7/25/2014,Michael's Crafts,-18.73,CA
53897,7/25/2014,Lyft,-6.19,CA
53897,7/26/2014,Uber,-117.56,CA
53897,7/26/2014,Amazon Order - Paint Bushes,-36.62,CA
53897,7/27/2014,Art's Art Supplies,-6.6,CA
53897,7/27/2014,Michael's Crafts,-5.75,CA
53897,7/27/2014,Music Lessons - Piano,-19.74,CA
53897,7/27/2014,Guitar Center,-11.48,CA
53897,7/27/2014,Public Transportation - Bus Pass,-17.35,CA
53897,7/28/2014,Music Lessons - Piano,-41.88,CA
53897,7/28/2014,Music Lessons - Piano,-36.58,CA
53897,7/28/2014,Amazon Order - Paint Bushes,-20.07,CA
53897,7/28/2014,Music Lessons - Piano,-33.16,CA
53897,7/28/2014,Sprouts Market,-29.55,CA
53897,7/29/2014,Art's Art Supplies,-45.34,CA
53897,7/29/2014,Lyft,-99.56,CA
53897,7/30/2014,Lyft,-78.86,CA
53897,7/30/2014,Food Delivery - GrubHub,-67.35,CA
53897,7/30/2014,Ashley's Craft Store,-101.62,CA
53897,8/2/2014,Paycheck,2771,CA
53897,8/2/2014,Housing Rent,-876,CA
53897,8/2/2014,Water & Sewer,-53,CA
53897,8/2/2014,Navient - Student Loans,-197,CA
53897,8/2/2014,Time Warner Cable,-25,CA
53897,8/2/2014,Credit Card Payment,-154,CA
53897,8/2/2014,Gas & Electric,-32,CA
53897,8/2/2014,Guitar Center,-81.94,CA
53897,8/2/2014,Guitar Center,-12.4,CA
53897,8/2/2014,Amazon Order - Paint Bushes,-24.49,CA
53897,8/2/2014,Amazon Order - Paint Bushes,-43.42,CA
53897,8/2/2014,Art's Art Supplies,-35.93,CA
53897,8/2/2014,Amazon Order - Paint Canvas,-10.78,CA
53897,8/2/2014,Michael's Crafts,-35.31,CA
53897,8/2/2014,Painting Course Fees,-12.28,CA
53897,8/2/2014,Restaurant - Burgers,-24.27,CA
53897,8/2/2014,Guitar Center,-19.22,CA
53897,8/2/2014,Amazon Order - Paint Bushes,-35.43,CA
53897,8/3/2014,Amazon Order - Paint Bushes,-13.18,CA
53897,8/4/2014,Ashley's Craft Store,-33,CA
53897,8/5/2014,Music Lessons - Piano,-20.98,CA
53897,8/5/2014,Art Auction,-18.76,CA
53897,8/5/2014,Michael's Crafts,-32.4,CA
53897,8/6/2014,Art Auction,-27.64,CA
53897,8/7/2014,Lyft,-0.87,CA
53897,8/7/2014,Amazon Order - Paint Bushes,-6.22,CA
53897,8/8/2014,Art Auction,-9.13,CA
53897,8/8/2014,Amazon Order - Paint Canvas,-61.52,CA
53897,8/8/2014,Starbucks Coffee,-113.28,CA
53897,8/9/2014,Amazon Order - Paint Bushes,-22.91,CA
53897,8/9/2014,Amazon Order - Paint Canvas,-18.01,CA
53897,8/9/2014,Sprouts Market,-12.66,CA
53897,8/9/2014,Art's Art Supplies,-34.93,CA
53897,8/9/2014,Public Transportation - Bus Pass,-55.98,CA
53897,8/9/2014,Restaurant - Chinese,-10.56,CA
53897,8/9/2014,Guitar Center,-75.31,CA
53897,8/9/2014,Amazon Order - Paint Bushes,-0.25,CA
53897,8/10/2014,Guitar Center,-69.63,CA
53897,8/11/2014,Art Auction,-27.84,CA
53897,8/12/2014,Taxi,-12.49,CA
53897,8/12/2014,Michael's Crafts,-13.55,CA
53897,8/12/2014,Lyft,-10.6,CA
53897,8/13/2014,Amazon Order - Paint Canvas,-9.69,CA
53897,8/13/2014,Public Transportation - Bus Pass,-34.57,CA
53897,8/14/2014,Uber,-12.34,CA
53897,8/14/2014,Public Transportation - Train Pass,-32.12,CA
53897,8/15/2014,Ashley's Craft Store,-53.3,CA
53897,8/15/2014,Taxi,-1.69,CA
53897,8/16/2014,Art's Art Supplies,-13.36,CA
53897,8/16/2014,Public Transportation - Bus Pass,-39.68,CA
53897,8/16/2014,Restaurant - Chinese,-31.15,CA
53897,8/16/2014,Art Auction,-38.61,CA
53897,8/16/2014,Lyft,-30.19,CA
53897,8/16/2014,Sprouts Market,-118.29,CA
53897,8/16/2014,Restaurant - Burgers,-10.41,CA
53897,8/16/2014,Art Auction,-6.51,CA
53897,8/17/2014,Restaurant - Pizza,-107.64,CA
53897,8/17/2014,Food Delivery - GrubHub,-74.32,CA
53897,8/18/2014,Art's Art Supplies,-19.64,CA
53897,8/19/2014,Lyft,-26.01,CA
53897,8/20/2014,Taxi,-23.14,CA
53897,8/20/2014,Ralph's Grocery Store,-29.95,CA
53897,8/20/2014,Restaurant - Chinese,-9.08,CA
53897,8/20/2014,Michael's Crafts,-21.61,CA
53897,8/20/2014,Amazon Order - Paint Bushes,-6.36,CA
53897,8/20/2014,Michael's Crafts,-19.07,CA
53897,8/20/2014,Art Auction,-118.35,CA
53897,8/20/2014,Restaurant - Chinese,-17.4,CA
53897,8/20/2014,Amazon Order - Paint Bushes,-5.65,CA
53897,8/21/2014,Public Transportation - Train Pass,-21.2,CA
53897,8/21/2014,Ashley's Craft Store,-6.08,CA
53897,8/21/2014,Art's Art Supplies,-13.56,CA
53897,8/21/2014,Amazon Order - Paint Bushes,-7.51,CA
53897,8/21/2014,Art Auction,-33.05,CA
53897,8/21/2014,Ashley's Craft Store,-45.54,CA
53897,8/22/2014,Public Transportation - Train Pass,-9.85,CA
53897,8/22/2014,Art's Art Supplies,-39.24,CA
53897,8/22/2014,Amazon Order - Paint Bushes,-2.07,CA
53897,8/23/2014,Amazon Order - Paint Bushes,-13,CA
53897,8/24/2014,Public Transportation - Train Pass,-20.46,CA
53897,8/24/2014,Taxi,-29.11,CA
53897,8/24/2014,Restaurant - Pizza,-24.94,CA
53897,8/24/2014,Food Delivery - GrubHub,-16.67,CA
53897,8/24/2014,Restaurant - Burgers,-2.83,CA
53897,8/24/2014,Art's Art Supplies,-9.4,CA
53897,8/24/2014,Art's Art Supplies,-28.26,CA
53897,8/25/2014,Music Lessons - Piano,-16.82,CA
53897,8/25/2014,Art's Art Supplies,-30.28,CA
53897,8/26/2014,Michael's Crafts,-26.2,CA
53897,8/26/2014,Restaurant - Chinese,-106.44,CA
53897,8/26/2014,Restaurant - Chinese,-7.46,CA
53897,8/26/2014,Food Delivery - GrubHub,-21.81,CA
53897,8/27/2014,Amazon Order - Paint Bushes,-9.45,CA
53897,8/28/2014,Food Delivery - GrubHub,-34.05,CA
53897,8/28/2014,Music Lessons - Piano,-69.19,CA
53897,8/28/2014,Art's Art Supplies,-21,CA
53897,8/29/2014,Painting Course Fees,-2.01,CA
53897,8/29/2014,Lyft,-100.31,CA
53897,8/29/2014,Art Auction,-38.16,CA
53897,8/30/2014,Painting Course Fees,-97.78,CA
53897,8/30/2014,Amazon Order - Paint Bushes,-8.84,CA
53897,9/2/2014,Paycheck,2771,CA
53897,9/2/2014,Housing Rent,-1122,CA
53897,9/2/2014,Water & Sewer,-53,CA
53897,9/2/2014,Navient - Student Loans,-197,CA
53897,9/2/2014,Time Warner Cable,-25,CA
53897,9/2/2014,Credit Card Payment,-154,CA
53897,9/2/2014,Gas & Electric,-32,CA
53897,9/2/2014,Amazon Order - Paint Canvas,-31.34,CA
53897,9/3/2014,Art's Art Supplies,-76.93,CA
53897,9/4/2014,Lyft,-29.88,CA
53897,9/5/2014,Food Delivery - GrubHub,-1.2,CA
53897,9/5/2014,Amazon Order - Paint Bushes,-39.56,CA
53897,9/6/2014,Ralph's Grocery Store,-13.43,CA
53897,9/6/2014,Art Auction,-38.54,CA
53897,9/6/2014,Taxi,-27.46,CA
53897,9/6/2014,Guitar Center,-0.49,CA
53897,9/6/2014,Public Transportation - Bus Pass,-25.01,CA
53897,9/7/2014,Amazon Order - Paint Canvas,-104.42,CA
53897,9/7/2014,Taxi,-35.72,CA
53897,9/7/2014,Restaurant - Pizza,-28.65,CA
53897,9/8/2014,Uber,-67.95,CA
53897,9/8/2014,Guitar Center,-64.13,CA
53897,9/9/2014,Art Auction,-108.26,CA
53897,9/9/2014,Ashley's Craft Store,-30.02,CA
53897,9/9/2014,Ashley's Craft Store,-12.29,CA
53897,9/10/2014,Lyft,-27.79,CA
53897,9/10/2014,Restaurant - Chinese,-38.41,CA
53897,9/11/2014,Taxi,-98.66,CA
53897,9/11/2014,Painting Course Fees,-18.29,CA
53897,9/11/2014,Art Auction,-34.7,CA
53897,9/11/2014,Amazon Order - Paint Bushes,-71.63,CA
53897,9/12/2014,Public Transportation - Train Pass,-19.49,CA
53897,9/13/2014,Art's Art Supplies,-95.02,CA
53897,9/14/2014,Michael's Crafts,-31.66,CA
53897,9/14/2014,Amazon Order - Paint Bushes,-17.87,CA
53897,9/14/2014,Music Lessons - Piano,-84.03,CA
53897,9/14/2014,Painting Course Fees,-27.55,CA
53897,9/14/2014,Public Transportation - Train Pass,-3.88,CA
53897,9/14/2014,Art's Art Supplies,-74.15,CA
53897,9/14/2014,Art Auction,-23.73,CA
53897,9/14/2014,Art's Art Supplies,-2.86,CA
53897,9/15/2014,Guitar Center,-25.88,CA
53897,9/15/2014,Guitar Center,-31.17,CA
53897,9/15/2014,Amazon Order - Paint Bushes,-82.69,CA
53897,9/16/2014,Uber,-39.07,CA
53897,9/16/2014,Ralph's Grocery Store,-5.1,CA
53897,9/16/2014,Whole Foods,-11.51,CA
53897,9/17/2014,Michael's Crafts,-3.6,CA
53897,9/17/2014,Guitar Center,-30.8,CA
53897,9/17/2014,Art's Art Supplies,-25.79,CA
53897,9/17/2014,Amazon Order - Paint Bushes,-63.51,CA
53897,9/17/2014,Von's Groceries,-12.11,CA
53897,9/17/2014,Amazon Order - Paint Canvas,-20.35,CA
53897,9/17/2014,Amazon Order - Paint Canvas,-0.55,CA
53897,9/17/2014,Lyft,-2.21,CA
53897,9/17/2014,Uber,-23.91,CA
53897,9/17/2014,Restaurant - Chinese,-3.84,CA
53897,9/18/2014,Restaurant - Chinese,-64.59,CA
53897,9/19/2014,Art Auction,-30.25,CA
53897,9/20/2014,Public Transportation - Bus Pass,-68.18,CA
53897,9/21/2014,Ralph's Grocery Store,-17.03,CA
53897,9/21/2014,Art's Art Supplies,-13.54,CA
53897,9/21/2014,Guitar Center,-39.26,CA
53897,9/21/2014,Public Transportation - Train Pass,-37.24,CA
53897,9/21/2014,Von's Groceries,-21.29,CA
53897,9/22/2014,Music Lessons - Piano,-67.98,CA
53897,9/22/2014,Music Lessons - Piano,-38.01,CA
53897,9/23/2014,Art Auction,-27.51,CA
53897,9/24/2014,Painting Course Fees,-17.68,CA
53897,9/24/2014,Food Delivery - GrubHub,-23.99,CA
53897,9/24/2014,Food Delivery - GrubHub,-36.5,CA
53897,9/24/2014,Taxi,-33.45,CA
53897,9/24/2014,Uber,-31.87,CA
53897,9/24/2014,Art Auction,-23.34,CA
53897,9/24/2014,Von's Groceries,-50.11,CA
53897,9/25/2014,Public Transportation - Bus Pass,-37.47,CA
53897,9/25/2014,Painting Course Fees,-33.88,CA
53897,9/25/2014,Music Lessons - Piano,-1.27,CA
53897,9/25/2014,Michael's Crafts,-0.78,CA
53897,9/25/2014,Painting Course Fees,-109.2,CA
53897,9/26/2014,Painting Course Fees,-38.59,CA
53897,9/27/2014,Restaurant - Pizza,-26,CA
53897,9/27/2014,Art Auction,-34.48,CA
53897,9/27/2014,Sprouts Market,-26.13,CA
53897,9/27/2014,Ashley's Craft Store,-15.28,CA
53897,9/27/2014,Art's Art Supplies,-33.91,CA
53897,9/27/2014,Amazon Order - Paint Bushes,-30.56,CA
53897,9/27/2014,Amazon Order - Paint Bushes,-15.7,CA
53897,9/28/2014,Amazon Order - Paint Canvas,-4.74,CA
53897,9/29/2014,Art's Art Supplies,-35.24,CA
53897,9/29/2014,Painting Course Fees,-10.51,CA
53897,9/29/2014,Lyft,-14.64,CA
53897,9/29/2014,Amazon Order - Paint Canvas,-9.87,CA
53897,9/29/2014,Guitar Center,-19.88,CA
53897,9/29/2014,Guitar Center,-30.46,CA
53897,9/29/2014,Guitar Center,-47.51,CA
53897,9/29/2014,Painting Course Fees,-19.41,CA
53897,9/29/2014,Uber,-89.17,CA
53897,9/29/2014,Lyft,-31.95,CA
53897,9/30/2014,Art's Art Supplies,-19.63,CA
53897,10/2/2014,Paycheck,2771,CA
53897,10/2/2014,Housing Rent,-934,CA
53897,10/2/2014,Water & Sewer,-53,CA
53897,10/2/2014,Navient - Student Loans,-197,CA
53897,10/2/2014,Time Warner Cable,-25,CA
53897,10/2/2014,Credit Card Payment,-154,CA
53897,10/2/2014,Gas & Electric,-32,CA
53897,10/2/2014,Amazon Order - Paint Bushes,-34.77,CA
53897,10/2/2014,Ashley's Craft Store,-23.93,CA
53897,10/2/2014,Public Transportation - Train Pass,-36.43,CA
53897,10/2/2014,Art's Art Supplies,-119.3,CA
53897,10/2/2014,Music Lessons - Piano,-13.28,CA
53897,10/3/2014,Lyft,-14.15,CA
53897,10/4/2014,Amazon Order - Paint Canvas,-22.1,CA
53897,10/4/2014,Painting Course Fees,-17.54,CA
53897,10/5/2014,Painting Course Fees,-21.35,CA
53897,10/5/2014,Guitar Center,-0.35,CA
53897,10/5/2014,Ashley's Craft Store,-78.95,CA
53897,10/5/2014,Art's Art Supplies,-21.69,CA
53897,10/5/2014,Ashley's Craft Store,-7.7,CA
53897,10/6/2014,Ralph's Grocery Store,-1.91,CA
53897,10/7/2014,Michael's Crafts,-10.63,CA
53897,10/8/2014,Public Transportation - Bus Pass,-18.07,CA
53897,10/8/2014,Ralph's Grocery Store,-21.63,CA
53897,10/8/2014,Music Lessons - Piano,-25.49,CA
53897,10/8/2014,Whole Foods,-4.21,CA
53897,10/8/2014,Art Auction,-20.28,CA
53897,10/9/2014,Art Auction,-2.45,CA
53897,10/10/2014,Art Auction,-0.81,CA
53897,10/10/2014,Amazon Order - Paint Bushes,-4.46,CA
53897,10/11/2014,Guitar Center,-17.43,CA
53897,10/11/2014,Art's Art Supplies,-37.43,CA
53897,10/11/2014,Guitar Center,-19.48,CA
53897,10/12/2014,Public Transportation - Bus Pass,-5.11,CA
53897,10/12/2014,Art's Art Supplies,-13.63,CA
53897,10/12/2014,Art Auction,-13.04,CA
53897,10/12/2014,Lyft,-77.07,CA
53897,10/12/2014,Michael's Crafts,-99.61,CA
53897,10/12/2014,Restaurant - Burgers,-117.33,CA
53897,10/13/2014,Michael's Crafts,-16.67,CA
53897,10/13/2014,Lyft,-27.25,CA
53897,10/13/2014,Painting Course Fees,-7.58,CA
53897,10/13/2014,Taxi,-32.08,CA
53897,10/13/2014,Michael's Crafts,-5.6,CA
53897,10/14/2014,Amazon Order - Paint Bushes,-37.29,CA
53897,10/14/2014,Guitar Center,-115.27,CA
53897,10/15/2014,Guitar Center,-17.51,CA
53897,10/15/2014,Public Transportation - Train Pass,-28.02,CA
53897,10/15/2014,Restaurant - Steakhouse,-39.43,CA
53897,10/15/2014,Guitar Center,-54.94,CA
53897,10/16/2014,Lyft,-20.97,CA
53897,10/16/2014,Uber,-7.37,CA
53897,10/17/2014,Music Lessons - Piano,-28.34,CA
53897,10/18/2014,Restaurant - Chinese,-5,CA
53897,10/18/2014,Restaurant - Pizza,-103.11,CA
53897,10/19/2014,Public Transportation - Bus Pass,-9.96,CA
53897,10/19/2014,Restaurant - Chinese,-1.04,CA
53897,10/19/2014,Public Transportation - Train Pass,-12.47,CA
53897,10/19/2014,Starbucks Coffee,-29.63,CA
53897,10/19/2014,Amazon Order - Paint Canvas,-20.91,CA
53897,10/20/2014,Restaurant - Steakhouse,-36,CA
53897,10/21/2014,Art's Art Supplies,-34.81,CA
53897,10/22/2014,Taxi,-6.92,CA
53897,10/23/2014,Food Delivery - GrubHub,-15.27,CA
53897,10/23/2014,Taxi,-25.97,CA
53897,10/23/2014,Taxi,-30.75,CA
53897,10/24/2014,Art's Art Supplies,-30.45,CA
53897,10/25/2014,Painting Course Fees,-24.84,CA
53897,10/26/2014,Guitar Center,-8.28,CA
53897,10/26/2014,Ralph's Grocery Store,-2,CA
53897,10/27/2014,Starbucks Coffee,-6.57,CA
53897,10/27/2014,Guitar Center,-97.39,CA
53897,10/28/2014,Uber,-41.57,CA
53897,10/29/2014,Ralph's Grocery Store,-28.77,CA
53897,10/30/2014,Public Transportation - Bus Pass,-7.18,CA
53897,10/30/2014,Amazon Order - Paint Bushes,-37.93,CA
53897,10/30/2014,Music Lessons - Piano,-25.64,CA
53897,10/30/2014,Public Transportation - Bus Pass,-16.85,CA
53897,10/30/2014,Lyft,-20.72,CA
53897,10/30/2014,Guitar Center,-11.02,CA
53897,10/30/2014,Lyft,-26.92,CA
53897,10/30/2014,Public Transportation - Train Pass,-33.71,CA
53897,10/30/2014,Restaurant - Chinese,-7.7,CA
53897,11/2/2014,Paycheck,2771,CA
53897,11/2/2014,Housing Rent,-810,CA
53897,11/2/2014,Water & Sewer,-53,CA
53897,11/2/2014,Navient - Student Loans,-197,CA
53897,11/2/2014,Time Warner Cable,-25,CA
53897,11/2/2014,Credit Card Payment,-154,CA
53897,11/2/2014,Gas & Electric,-32,CA
53897,11/2/2014,Amazon Order - Paint Canvas,-18.19,CA
53897,11/2/2014,Painting Course Fees,-14.93,CA
53897,11/3/2014,Uber,-34.41,CA
53897,11/4/2014,Michael's Crafts,-17.9,CA
53897,11/4/2014,Art Auction,-11.34,CA
53897,11/5/2014,Painting Course Fees,-15.37,CA
53897,11/5/2014,Painting Course Fees,-19.16,CA
53897,11/6/2014,Music Lessons - Piano,-30.46,CA
53897,11/6/2014,Lyft,-39.16,CA
53897,11/7/2014,Lyft,-4.01,CA
53897,11/7/2014,Lyft,-49.48,CA
53897,11/7/2014,Amazon Order - Paint Canvas,-12.23,CA
53897,11/7/2014,Whole Foods,-97.56,CA
53897,11/7/2014,Michael's Crafts,-96.37,CA
53897,11/7/2014,Public Transportation - Train Pass,-24.11,CA
53897,11/8/2014,Painting Course Fees,-12.03,CA
53897,11/8/2014,Public Transportation - Train Pass,-99.22,CA
53897,11/8/2014,Restaurant - Burgers,-90.99,CA
53897,11/8/2014,Art's Art Supplies,-10.47,CA
53897,11/8/2014,Ashley's Craft Store,-30.14,CA
53897,11/8/2014,Lyft,-5.05,CA
53897,11/8/2014,Ashley's Craft Store,-7.85,CA
53897,11/8/2014,Uber,-23.63,CA
53897,11/9/2014,Public Transportation - Train Pass,-6.14,CA
53897,11/9/2014,Art Auction,-15.39,CA
53897,11/9/2014,Restaurant - Steakhouse,-1.02,CA
53897,11/10/2014,Amazon Order - Paint Bushes,-6.29,CA
53897,11/10/2014,Amazon Order - Paint Canvas,-90.04,CA
53897,11/10/2014,Art Auction,-7.81,CA
53897,11/10/2014,Lyft,-18.6,CA
53897,11/10/2014,Food Delivery - GrubHub,-32.41,CA
53897,11/11/2014,Ralph's Grocery Store,-15.5,CA
53897,11/12/2014,Restaurant - Chinese,-78.22,CA
53897,11/12/2014,Lyft,-35.75,CA
53897,11/13/2014,Amazon Order - Paint Bushes,-32.04,CA
53897,11/13/2014,Uber,-37.74,CA
53897,11/14/2014,Sprouts Market,-22.14,CA
53897,11/14/2014,Restaurant - Chinese,-24.36,CA
53897,11/14/2014,Public Transportation - Train Pass,-96.92,CA
53897,11/14/2014,Guitar Center,-70.82,CA
53897,11/14/2014,Art Auction,-30.89,CA
53897,11/14/2014,Michael's Crafts,-23.49,CA
53897,11/14/2014,Music Lessons - Piano,-111.46,CA
53897,11/14/2014,Michael's Crafts,-28.74,CA
53897,11/15/2014,Music Lessons - Piano,-2.86,CA
53897,11/15/2014,Michael's Crafts,-33.97,CA
53897,11/15/2014,Lyft,-27.59,CA
53897,11/15/2014,Sprouts Market,-12.13,CA
53897,11/16/2014,Ashley's Craft Store,-32.56,CA
53897,11/16/2014,Art Auction,-21.29,CA
53897,11/17/2014,Art's Art Supplies,-39.2,CA
53897,11/17/2014,Public Transportation - Train Pass,-27.86,CA
53897,11/17/2014,Public Transportation - Bus Pass,-10.66,CA
53897,11/17/2014,Restaurant - Burgers,-17.33,CA
53897,11/17/2014,Public Transportation - Bus Pass,-4.5,CA
53897,11/17/2014,Guitar Center,-7.16,CA
53897,11/17/2014,Guitar Center,-23.96,CA
53897,11/17/2014,Art Auction,-34.09,CA
53897,11/18/2014,Ashley's Craft Store,-59.87,CA
53897,11/18/2014,Music Lessons - Piano,-18.53,CA
53897,11/18/2014,Ashley's Craft Store,-9.72,CA
53897,11/18/2014,Public Transportation - Bus Pass,-56.33,CA
53897,11/19/2014,Amazon Order - Paint Canvas,-46.17,CA
53897,11/20/2014,Uber,-29.25,CA
53897,11/21/2014,Music Lessons - Piano,-26.46,CA
53897,11/22/2014,Art's Art Supplies,-34.17,CA
53897,11/23/2014,Art's Art Supplies,-22.21,CA
53897,11/23/2014,Guitar Center,-6.69,CA
53897,11/23/2014,Art's Art Supplies,-6.17,CA
53897,11/23/2014,Art's Art Supplies,-22.27,CA
53897,11/23/2014,Michael's Crafts,-31.89,CA
53897,11/23/2014,Ashley's Craft Store,-23.07,CA
53897,11/23/2014,Painting Course Fees,-34.63,CA
53897,11/23/2014,Amazon Order - Paint Canvas,-12.71,CA
53897,11/24/2014,Amazon Order - Paint Bushes,-37.48,CA
53897,11/24/2014,Food Delivery - GrubHub,-24.72,CA
53897,11/25/2014,Painting Course Fees,-0.22,CA
53897,11/25/2014,Whole Foods,-16.84,CA
53897,11/26/2014,Art Auction,-69.24,CA
53897,11/27/2014,Lyft,-23.61,CA
53897,11/27/2014,Public Transportation - Bus Pass,-1.55,CA
53897,11/28/2014,Public Transportation - Train Pass,-10.34,CA
53897,11/29/2014,Starbucks Coffee,-12.59,CA
53897,11/29/2014,Music Lessons - Piano,-23.38,CA
53897,11/29/2014,Lyft,-117.19,CA
53897,11/30/2014,Food Delivery - GrubHub,-21.93,CA
53897,11/30/2014,Painting Course Fees,-37.33,CA
53897,11/30/2014,Restaurant - Steakhouse,-18.29,CA
53897,12/2/2014,Paycheck,2771,CA
53897,12/2/2014,Housing Rent,-1131,CA
53897,12/2/2014,Water & Sewer,-53,CA
53897,12/2/2014,Navient - Student Loans,-197,CA
53897,12/2/2014,Time Warner Cable,-25,CA
53897,12/2/2014,Credit Card Payment,-154,CA
53897,12/2/2014,Gas & Electric,-32,CA
53897,12/2/2014,Michael's Crafts,-32.22,CA
53897,12/2/2014,Guitar Center,-71.31,CA
53897,12/3/2014,Michael's Crafts,-23.15,CA
53897,12/4/2014,Von's Groceries,-32.99,CA
53897,12/5/2014,Uber,-69.57,CA
53897,12/6/2014,Guitar Center,-62.71,CA
53897,12/6/2014,Restaurant - Burgers,-7.79,CA
53897,12/6/2014,Art Auction,-39.91,CA
53897,12/6/2014,Uber,-18.78,CA
53897,12/6/2014,Ralph's Grocery Store,-16.15,CA
53897,12/7/2014,Michael's Crafts,-0.19,CA
53897,12/7/2014,Michael's Crafts,-2.21,CA
53897,12/7/2014,Painting Course Fees,-38.05,CA
53897,12/7/2014,Restaurant - Chinese,-5.76,CA
53897,12/7/2014,Restaurant - Steakhouse,-6.74,CA
53897,12/7/2014,Restaurant - Pizza,-64.81,CA
53897,12/7/2014,Ashley's Craft Store,-5.82,CA
53897,12/7/2014,Public Transportation - Train Pass,-22.41,CA
53897,12/8/2014,Guitar Center,-33.61,CA
53897,12/8/2014,Uber,-19.1,CA
53897,12/8/2014,Art's Art Supplies,-15.35,CA
53897,12/9/2014,Public Transportation - Bus Pass,-26.57,CA
53897,12/9/2014,Von's Groceries,-35.63,CA
53897,12/9/2014,Guitar Center,-33.03,CA
53897,12/9/2014,Michael's Crafts,-6.3,CA
53897,12/9/2014,Music Lessons - Piano,-19.55,CA
53897,12/9/2014,Ashley's Craft Store,-6.31,CA
53897,12/9/2014,Ashley's Craft Store,-8.72,CA
53897,12/9/2014,Restaurant - Steakhouse,-10.02,CA
53897,12/10/2014,Amazon Order - Paint Canvas,-76.97,CA
53897,12/10/2014,Painting Course Fees,-5.24,CA
53897,12/10/2014,Painting Course Fees,-22.29,CA
53897,12/11/2014,Ashley's Craft Store,-37.4,CA
53897,12/12/2014,Art Auction,-4.92,CA
53897,12/12/2014,Painting Course Fees,-12.63,CA
53897,12/13/2014,Art's Art Supplies,-52.38,CA
53897,12/13/2014,Guitar Center,-26.25,CA
53897,12/14/2014,Music Lessons - Piano,-21.52,CA
53897,12/14/2014,Painting Course Fees,-4.82,CA
53897,12/15/2014,Restaurant - Pizza,-35.57,CA
53897,12/15/2014,Ashley's Craft Store,-51.99,CA
53897,12/15/2014,Taxi,-3.38,CA
53897,12/16/2014,Art Auction,-1.3,CA
53897,12/16/2014,Amazon Order - Paint Bushes,-17.04,CA
53897,12/16/2014,Amazon Order - Paint Canvas,-25.03,CA
53897,12/16/2014,Guitar Center,-20.9,CA
53897,12/16/2014,Taxi,-32.44,CA
53897,12/16/2014,Amazon Order - Paint Bushes,-59.06,CA
53897,12/16/2014,Music Lessons - Piano,-35.62,CA
53897,12/17/2014,Art Auction,-67.41,CA
53897,12/18/2014,Starbucks Coffee,-113.65,CA
53897,12/19/2014,Taxi,-16.25,CA
53897,12/19/2014,Guitar Center,-65.75,CA
53897,12/19/2014,Music Lessons - Piano,-59.47,CA
53897,12/20/2014,Ralph's Grocery Store,-11.99,CA
53897,12/20/2014,Art Auction,-18.85,CA
53897,12/20/2014,Amazon Order - Paint Canvas,-91.1,CA
53897,12/20/2014,Taxi,-7.27,CA
53897,12/20/2014,Amazon Order - Paint Bushes,-22.72,CA
53897,12/20/2014,Michael's Crafts,-37.92,CA
53897,12/20/2014,Food Delivery - GrubHub,-14.62,CA
53897,12/21/2014,Guitar Center,-19.53,CA
53897,12/22/2014,Starbucks Coffee,-5.59,CA
53897,12/22/2014,Art's Art Supplies,-12.98,CA
53897,12/22/2014,Food Delivery - GrubHub,-39.75,CA
53897,12/22/2014,Public Transportation - Bus Pass,-31.99,CA
53897,12/22/2014,Ashley's Craft Store,-37.34,CA
53897,12/22/2014,Painting Course Fees,-36.68,CA
53897,12/22/2014,Music Lessons - Piano,-106.21,CA
53897,12/22/2014,Michael's Crafts,-26.93,CA
53897,12/22/2014,Guitar Center,-2.9,CA
53897,12/22/2014,Art's Art Supplies,-0.23,CA
53897,12/23/2014,Ashley's Craft Store,-19.46,CA
53897,12/23/2014,Art's Art Supplies,-33.24,CA
53897,12/23/2014,Lyft,-39.41,CA
53897,12/24/2014,Von's Groceries,-38.46,CA
53897,12/25/2014,Amazon Order - Paint Bushes,-4.24,CA
53897,12/25/2014,Lyft,-9.94,CA
53897,12/25/2014,Restaurant - Chinese,-7.49,CA
53897,12/25/2014,Ashley's Craft Store,-12.72,CA
53897,12/25/2014,Starbucks Coffee,-61.5,CA
53897,12/25/2014,Ralph's Grocery Store,-74.35,CA
53897,12/25/2014,Art Auction,-21.93,CA
53897,12/26/2014,Food Delivery - GrubHub,-41.62,CA
53897,12/27/2014,Painting Course Fees,-7.15,CA
53897,12/28/2014,Ashley's Craft Store,-19.66,CA
53897,12/29/2014,Music Lessons - Piano,-19.15,CA
53897,12/29/2014,Whole Foods,-67.93,CA
53897,12/29/2014,Restaurant - Burgers,-35.92,CA
53897,12/29/2014,Guitar Center,-17.03,CA
53897,12/29/2014,Uber,-33.88,CA
53897,12/30/2014,Public Transportation - Train Pass,-37.29,CA
53897,12/32/2014,Public Transportation - Bus Pass,-26.5,CA
