auth_id, Date, Vendor, Amount, Location 
16910,1/2/2013,Taxi,-27.62,CA
16910,1/2/2013,Whole Foods,-95.47,CA
16910,1/2/2013,Amazon Order - Athletic Equipment,-36.69,CA
16910,1/2/2013,Public Transportation - Train Pass,-74.43,CA
16910,1/3/2013,Lyft,-18.02,CA
16910,1/3/2013,GNC,-38.43,CA
16910,1/3/2013,Public Transportation - Bus Pass,-34.01,CA
16910,1/3/2013,Total Gym Fees,-23.31,CA
16910,1/3/2013,GNC,-23.25,CA
16910,1/4/2013,NFL Ticket - Chargers,-38.85,CA
16910,1/4/2013,Vitamin Shoppe,-6.8,CA
16910,1/5/2013,NBA Ticket - Lakers,-48,CA
16910,1/6/2013,Bike Rental,-11.06,CA
16910,1/7/2013,Sam's Sporting Apparel,-21.03,CA
16910,1/7/2013,Total Gym Fees,-6.03,CA
16910,1/8/2013,Public Transportation - Bus Pass,-21.59,CA
16910,1/9/2013,Amazon Order - Athletic Equipment,-10.11,CA
16910,1/9/2013,Lyft,-19.41,CA
16910,1/9/2013,GNC,-119.16,CA
16910,1/9/2013,Public Transportation - Train Pass,-9.18,CA
16910,1/10/2013,GNC,-10.04,CA
16910,1/10/2013,Sprouts Market,-21.56,CA
16910,1/10/2013,Von's Groceries,-31.5,CA
16910,1/10/2013,NBA Ticket - Lakers,-37.74,CA
16910,1/10/2013,NFL Ticket - Chargers,-21.56,CA
16910,1/11/2013,Whole Foods,-33.06,CA
16910,1/11/2013,Von's Groceries,-23.59,CA
16910,1/11/2013,NFL Ticket - Chargers,-13.48,CA
16910,1/11/2013,NFL Ticket - Chargers,-4.71,CA
16910,1/11/2013,Vitamin Shoppe,-18.19,CA
16910,1/11/2013,Restaurant - Chinese,-3.41,CA
16910,1/12/2013,Athletic Apparel,-49.95,CA
16910,1/12/2013,Amazon Order - Athletic Equipment,-38.71,CA
16910,1/12/2013,Dick's Sporting Goods,-26.72,CA
16910,1/13/2013,Bike Rental,-17.33,CA
16910,1/14/2013,Athletic Apparel,-30.96,CA
16910,1/14/2013,Bike Rental,-86.03,CA
16910,1/15/2013,Total Gym Fees,-11.6,CA
16910,1/15/2013,Taxi,-4.25,CA
16910,1/16/2013,NFL Ticket - Chargers,-20.23,CA
16910,1/17/2013,NBA Ticket - Lakers,-33.8,CA
16910,1/17/2013,Public Transportation - Bus Pass,-4.55,CA
16910,1/17/2013,Athletic Apparel,-110.49,CA
16910,1/17/2013,Starbucks Coffee,-30.54,CA
16910,1/17/2013,Sam's Sporting Apparel,-12.34,CA
16910,1/18/2013,Athletic Apparel,-33.45,CA
16910,1/18/2013,NBA Ticket - Lakers,-13.36,CA
16910,1/18/2013,Bike Rental,-88.55,CA
16910,1/18/2013,Lyft,-30.93,CA
16910,1/18/2013,Total Gym Fees,-4.03,CA
16910,1/19/2013,Public Transportation - Bus Pass,-0.25,CA
16910,1/19/2013,Uber,-22.37,CA
16910,1/19/2013,Sprouts Market,-7.66,CA
16910,1/19/2013,Vitamin Shoppe,-37.72,CA
16910,1/20/2013,Restaurant - Burgers,-38.94,CA
16910,1/20/2013,Restaurant - Steakhouse,-3.21,CA
16910,1/20/2013,Public Transportation - Train Pass,-36.48,CA
16910,1/20/2013,Taxi,-27.69,CA
16910,1/20/2013,Uber,-27.52,CA
16910,1/21/2013,Uber,-8.47,CA
16910,1/22/2013,Taxi,-1.32,CA
16910,1/22/2013,Taxi,-82.22,CA
16910,1/23/2013,NFL Ticket - Chargers,-31.88,CA
16910,1/23/2013,Dick's Sporting Goods,-104.36,CA
16910,1/24/2013,Amazon Order - Athletic Equipment,-5.28,CA
16910,1/24/2013,Total Gym Fees,-27.96,CA
16910,1/24/2013,Athletic Apparel,-26.02,CA
16910,1/24/2013,Von's Groceries,-77.78,CA
16910,1/24/2013,Bike Rental,-23.47,CA
16910,1/24/2013,GNC,-19.14,CA
16910,1/24/2013,Total Gym Fees,-112.15,CA
16910,1/24/2013,NBA Ticket - Lakers,-28.62,CA
16910,1/24/2013,Starbucks Coffee,-3.26,CA
16910,1/25/2013,GNC,-6.71,CA
16910,1/25/2013,Public Transportation - Bus Pass,-37.24,CA
16910,1/25/2013,Restaurant - Chinese,-115.72,CA
16910,1/26/2013,Starbucks Coffee,-34.43,CA
16910,1/26/2013,NBA Ticket - Lakers,-24.28,CA
16910,1/26/2013,Uber,-100.12,CA
16910,1/27/2013,Dick's Sporting Goods,-16.51,CA
16910,1/28/2013,Amazon Order - Athletic Equipment,-24.17,CA
16910,1/29/2013,Public Transportation - Train Pass,-60.71,CA
16910,1/29/2013,GNC,-2.37,CA
16910,1/30/2013,Public Transportation - Bus Pass,-25.43,CA
16910,1/30/2013,Sam's Sporting Apparel,-31.68,CA
16910,1/30/2013,Total Gym Fees,-30.42,CA
16910,1/30/2013,Public Transportation - Train Pass,-28.32,CA
16910,1/30/2013,Public Transportation - Bus Pass,-9.77,CA
16910,1/30/2013,Sam's Sporting Apparel,-54,CA
16910,1/30/2013,Dick's Sporting Goods,-30.17,CA
16910,1/30/2013,Vitamin Shoppe,-39.86,CA
16910,1/30/2013,NFL Ticket - Chargers,-20.11,CA
16910,1/30/2013,GNC,-0.82,CA
16910,1/30/2013,GNC,-34.02,CA
16910,1/30/2013,GNC,-18.1,CA
16910,1/30/2013,GNC,-15.25,CA
16910,1/30/2013,Dick's Sporting Goods,-20.15,CA
16910,1/30/2013,Bike Rental,-93.22,CA
16910,1/30/2013,Restaurant - Chinese,-32.01,CA
16910,1/30/2013,GNC,-2.04,CA
16910,1/30/2013,Sprouts Market,-32.89,CA
16910,3/2/2013,Paycheck,4219,CA
16910,3/2/2013,Housing Rent,-1001,CA
16910,3/2/2013,Credit Card Payment,-154,CA
16910,3/2/2013,Vitamin Shoppe,-4.36,CA
16910,3/3/2013,NBA Ticket - Lakers,-32.91,CA
16910,3/3/2013,Lyft,-2.43,CA
16910,3/4/2013,Sam's Sporting Apparel,-9.49,CA
16910,3/4/2013,Taxi,-7.99,CA
16910,3/4/2013,Public Transportation - Train Pass,-29.68,CA
16910,3/4/2013,Bike Rental,-27.03,CA
16910,3/5/2013,Taxi,-3.06,CA
16910,3/5/2013,Uber,-3.31,CA
16910,3/6/2013,NFL Ticket - Chargers,-22.72,CA
16910,3/7/2013,Bike Rental,-39.52,CA
16910,3/8/2013,NBA Ticket - Lakers,-16.23,CA
16910,3/8/2013,Lyft,-32.54,CA
16910,3/9/2013,NFL Ticket - Chargers,-1.91,CA
16910,3/10/2013,Taxi,-38.93,CA
16910,3/11/2013,Sam's Sporting Apparel,-24.31,CA
16910,3/11/2013,Athletic Apparel,-5.99,CA
16910,3/12/2013,Restaurant - Burgers,-30.12,CA
16910,3/12/2013,Von's Groceries,-3.62,CA
16910,3/12/2013,GNC,-63.21,CA
16910,3/12/2013,Public Transportation - Train Pass,-27.6,CA
16910,3/13/2013,GNC,-22.46,CA
16910,3/14/2013,Athletic Apparel,-26.26,CA
16910,3/15/2013,Vitamin Shoppe,-24.13,CA
16910,3/15/2013,Total Gym Fees,-39.46,CA
16910,3/16/2013,Restaurant - Steakhouse,-30.48,CA
16910,3/17/2013,Dick's Sporting Goods,-17.29,CA
16910,3/17/2013,Total Gym Fees,-18.24,CA
16910,3/17/2013,Sam's Sporting Apparel,-18,CA
16910,3/17/2013,Lyft,-3.04,CA
16910,3/18/2013,Ralph's Grocery Store,-7.24,CA
16910,3/18/2013,Von's Groceries,-23.95,CA
16910,3/18/2013,Uber,-19.33,CA
16910,3/19/2013,Taxi,-10.82,CA
16910,3/20/2013,Amazon Order - Athletic Equipment,-37.79,CA
16910,3/20/2013,Public Transportation - Bus Pass,-23.41,CA
16910,3/20/2013,Restaurant - Chinese,-17.84,CA
16910,3/20/2013,Total Gym Fees,-13.21,CA
16910,3/20/2013,Bike Rental,-28.94,CA
16910,3/20/2013,Sam's Sporting Apparel,-96.14,CA
16910,3/20/2013,Amazon Order - Athletic Equipment,-3.49,CA
16910,3/21/2013,Bike Rental,-33.62,CA
16910,3/21/2013,Lyft,-91.34,CA
16910,3/21/2013,Amazon Order - Athletic Equipment,-16.06,CA
16910,3/21/2013,Amazon Order - Athletic Equipment,-12.74,CA
16910,3/21/2013,Total Gym Fees,-29.46,CA
16910,3/21/2013,Public Transportation - Bus Pass,-50.59,CA
16910,3/22/2013,Vitamin Shoppe,-18.56,CA
16910,3/23/2013,GNC,-32.16,CA
16910,3/23/2013,Uber,-20.11,CA
16910,3/23/2013,Starbucks Coffee,-5.26,CA
16910,3/23/2013,Starbucks Coffee,-1.41,CA
16910,3/24/2013,Public Transportation - Train Pass,-116.59,CA
16910,3/24/2013,Athletic Apparel,-100.23,CA
16910,3/25/2013,Amazon Order - Athletic Equipment,-33.51,CA
16910,3/26/2013,Public Transportation - Train Pass,-74.72,CA
16910,3/26/2013,Amazon Order - Athletic Equipment,-18.16,CA
16910,3/27/2013,Lyft,-9.98,CA
16910,3/27/2013,Sam's Sporting Apparel,-38.88,CA
16910,3/27/2013,Vitamin Shoppe,-24.16,CA
16910,3/28/2013,Vitamin Shoppe,-21.62,CA
16910,3/28/2013,Starbucks Coffee,-1.61,CA
16910,3/28/2013,Uber,-28.71,CA
16910,3/28/2013,Dick's Sporting Goods,-20.69,CA
16910,3/29/2013,Vitamin Shoppe,-29.07,CA
16910,3/29/2013,Ralph's Grocery Store,-9.73,CA
16910,3/29/2013,Food Delivery - GrubHub,-11.3,CA
16910,3/30/2013,Bike Rental,-35.68,CA
16910,3/30/2013,NBA Ticket - Lakers,-18.7,CA
16910,4/2/2013,Paycheck,4219,CA
16910,4/2/2013,Housing Rent,-857,CA
16910,4/2/2013,Credit Card Payment,-154,CA
16910,4/2/2013,Athletic Apparel,-31,CA
16910,4/3/2013,Amazon Order - Athletic Equipment,-6.1,CA
16910,4/3/2013,Total Gym Fees,-10.01,CA
16910,4/3/2013,Restaurant - Chinese,-26.58,CA
16910,4/3/2013,Food Delivery - GrubHub,-60.45,CA
16910,4/3/2013,Ralph's Grocery Store,-26.39,CA
16910,4/4/2013,Sam's Sporting Apparel,-23.67,CA
16910,4/4/2013,Lyft,-66.49,CA
16910,4/4/2013,Dick's Sporting Goods,-31.65,CA
16910,4/4/2013,Lyft,-39.45,CA
16910,4/4/2013,Sam's Sporting Apparel,-1.59,CA
16910,4/4/2013,Total Gym Fees,-4.6,CA
16910,4/5/2013,Uber,-39.31,CA
16910,4/5/2013,NFL Ticket - Chargers,-26.88,CA
16910,4/6/2013,Ralph's Grocery Store,-9.92,CA
16910,4/6/2013,Dick's Sporting Goods,-36.44,CA
16910,4/7/2013,NFL Ticket - Chargers,-1.06,CA
16910,4/7/2013,NFL Ticket - Chargers,-20.11,CA
16910,4/8/2013,NBA Ticket - Lakers,-24.76,CA
16910,4/9/2013,GNC,-21.57,CA
16910,4/9/2013,Von's Groceries,-36.59,CA
16910,4/10/2013,Restaurant - Chinese,-18.29,CA
16910,4/10/2013,Von's Groceries,-99.64,CA
16910,4/10/2013,Vitamin Shoppe,-20.52,CA
16910,4/10/2013,Total Gym Fees,-5,CA
16910,4/10/2013,Bike Rental,-27.52,CA
16910,4/10/2013,Sam's Sporting Apparel,-14.55,CA
16910,4/11/2013,Dick's Sporting Goods,-9.04,CA
16910,4/11/2013,Uber,-16.93,CA
16910,4/11/2013,Vitamin Shoppe,-16.7,CA
16910,4/11/2013,NBA Ticket - Lakers,-9.06,CA
16910,4/11/2013,Sam's Sporting Apparel,-24.56,CA
16910,4/11/2013,Restaurant - Burgers,-36.59,CA
16910,4/11/2013,Lyft,-16.37,CA
16910,4/11/2013,Lyft,-27.24,CA
16910,4/11/2013,Public Transportation - Train Pass,-79.77,CA
16910,4/12/2013,Dick's Sporting Goods,-28.82,CA
16910,4/12/2013,Ralph's Grocery Store,-32.13,CA
16910,4/12/2013,Public Transportation - Bus Pass,-9.68,CA
16910,4/13/2013,Vitamin Shoppe,-25.45,CA
16910,4/13/2013,Public Transportation - Bus Pass,-86.89,CA
16910,4/14/2013,GNC,-9.74,CA
16910,4/14/2013,Bike Rental,-2.02,CA
16910,4/15/2013,Bike Rental,-16.63,CA
16910,4/16/2013,Sprouts Market,-45.39,CA
16910,4/16/2013,Sam's Sporting Apparel,-3.76,CA
16910,4/17/2013,Whole Foods,-23.14,CA
16910,4/17/2013,Amazon Order - Athletic Equipment,-48.15,CA
16910,4/17/2013,Bike Rental,-33.26,CA
16910,4/17/2013,Total Gym Fees,-8.92,CA
16910,4/17/2013,Restaurant - Chinese,-48.21,CA
16910,4/17/2013,Amazon Order - Athletic Equipment,-2.39,CA
16910,4/17/2013,NFL Ticket - Chargers,-9.68,CA
16910,4/18/2013,Sprouts Market,-34.57,CA
16910,4/18/2013,Sam's Sporting Apparel,-23.96,CA
16910,4/18/2013,Public Transportation - Train Pass,-5.77,CA
16910,4/18/2013,Sam's Sporting Apparel,-12.32,CA
16910,4/19/2013,Total Gym Fees,-31.81,CA
16910,4/19/2013,Total Gym Fees,-8.29,CA
16910,4/19/2013,Uber,-14.28,CA
16910,4/20/2013,Ralph's Grocery Store,-3.46,CA
16910,4/21/2013,Restaurant - Steakhouse,-9.98,CA
16910,4/21/2013,Restaurant - Pizza,-11.01,CA
16910,4/21/2013,Public Transportation - Train Pass,-2.1,CA
16910,4/21/2013,NFL Ticket - Chargers,-27.06,CA
16910,4/21/2013,Sam's Sporting Apparel,-12.77,CA
16910,4/21/2013,Bike Rental,-12.78,CA
16910,4/21/2013,GNC,-8.42,CA
16910,4/21/2013,Dick's Sporting Goods,-80.98,CA
16910,4/22/2013,NBA Ticket - Lakers,-28.03,CA
16910,4/22/2013,Bike Rental,-34.76,CA
16910,4/22/2013,Vitamin Shoppe,-3.85,CA
16910,4/23/2013,Taxi,-12.46,CA
16910,4/23/2013,Total Gym Fees,-21,CA
16910,4/23/2013,Uber,-19.07,CA
16910,4/23/2013,Vitamin Shoppe,-35.94,CA
16910,4/23/2013,Lyft,-19.45,CA
16910,4/24/2013,NBA Ticket - Lakers,-39.21,CA
16910,4/25/2013,Restaurant - Pizza,-16.59,CA
16910,4/26/2013,Athletic Apparel,-97.13,CA
16910,4/26/2013,Starbucks Coffee,-33.51,CA
16910,4/27/2013,Public Transportation - Train Pass,-36.57,CA
16910,4/27/2013,Taxi,-33.97,CA
16910,4/27/2013,Amazon Order - Athletic Equipment,-2.36,CA
16910,4/27/2013,Athletic Apparel,-1.19,CA
16910,4/28/2013,Vitamin Shoppe,-25.45,CA
16910,4/28/2013,GNC,-5.43,CA
16910,4/29/2013,NBA Ticket - Lakers,-21.08,CA
16910,4/29/2013,Total Gym Fees,-37.88,CA
16910,4/30/2013,Restaurant - Chinese,-39.31,CA
16910,4/30/2013,Athletic Apparel,-13.57,CA
16910,4/30/2013,NBA Ticket - Lakers,-18.16,CA
16910,4/30/2013,Athletic Apparel,-1.48,CA
16910,4/30/2013,NFL Ticket - Chargers,-31.59,CA
16910,4/30/2013,Bike Rental,-8.92,CA
16910,4/30/2013,NFL Ticket - Chargers,-1.49,CA
16910,4/30/2013,Vitamin Shoppe,-37.99,CA
16910,4/30/2013,Dick's Sporting Goods,-104.83,CA
16910,5/2/2013,Paycheck,4219,CA
16910,5/2/2013,Housing Rent,-821,CA
16910,5/2/2013,Credit Card Payment,-154,CA
16910,5/2/2013,Sam's Sporting Apparel,-15.84,CA
16910,5/2/2013,Starbucks Coffee,-62.12,CA
16910,5/2/2013,NFL Ticket - Chargers,-28.93,CA
16910,5/2/2013,Uber,-112.95,CA
16910,5/2/2013,Athletic Apparel,-32.74,CA
16910,5/2/2013,Total Gym Fees,-34.07,CA
16910,5/2/2013,Restaurant - Pizza,-76.71,CA
16910,5/2/2013,Athletic Apparel,-37.25,CA
16910,5/2/2013,Amazon Order - Athletic Equipment,-2.19,CA
16910,5/2/2013,NBA Ticket - Lakers,-113.96,CA
16910,5/2/2013,GNC,-15.39,CA
16910,5/2/2013,Public Transportation - Bus Pass,-35.43,CA
16910,5/2/2013,Vitamin Shoppe,-83.21,CA
16910,5/2/2013,Vitamin Shoppe,-34.7,CA
16910,5/3/2013,Starbucks Coffee,-10.81,CA
16910,5/3/2013,Public Transportation - Bus Pass,-38.83,CA
16910,5/3/2013,Sam's Sporting Apparel,-30.17,CA
16910,5/4/2013,Bike Rental,-102.87,CA
16910,5/4/2013,Dick's Sporting Goods,-30.57,CA
16910,5/4/2013,NFL Ticket - Chargers,-9.75,CA
16910,5/4/2013,GNC,-3.96,CA
16910,5/4/2013,Lyft,-3.84,CA
16910,5/4/2013,Sam's Sporting Apparel,-16.17,CA
16910,5/5/2013,GNC,-38.89,CA
16910,5/5/2013,Lyft,-19.82,CA
16910,5/5/2013,Divorce Lawyer Fees,-8.09,CA
16910,5/5/2013,Comfort Inn,-29.84,CA
16910,5/5/2013,Best Western Hotel,-19.26,CA
16910,5/5/2013,Vitamin Shoppe,-3.77,CA
16910,5/5/2013,Lyft,-114.53,CA
16910,5/5/2013,Vitamin Shoppe,-10.32,CA
16910,5/5/2013,NBA Ticket - Lakers,-0.59,CA
16910,5/6/2013,Sprouts Market,-31.33,CA
16910,5/6/2013,GNC,-25.12,CA
16910,5/7/2013,Sam's Sporting Apparel,-28.1,CA
16910,5/7/2013,GNC,-24.34,CA
16910,5/8/2013,Uber,-30.19,CA
16910,5/8/2013,Bike Rental,-99.22,CA
16910,5/8/2013,NFL Ticket - Chargers,-0.84,CA
16910,5/9/2013,Restaurant - Burgers,-27.59,CA
16910,5/10/2013,Sam's Sporting Apparel,-1.59,CA
16910,5/10/2013,Sprouts Market,-22.35,CA
16910,5/11/2013,Sam's Sporting Apparel,-38.83,CA
16910,5/12/2013,NFL Ticket - Chargers,-39.02,CA
16910,5/12/2013,Ralph's Grocery Store,-46.39,CA
16910,5/12/2013,NFL Ticket - Chargers,-29.59,CA
16910,5/12/2013,Athletic Apparel,-8.2,CA
16910,5/13/2013,Starbucks Coffee,-32.52,CA
16910,5/13/2013,NBA Ticket - Lakers,-52.21,CA
16910,5/13/2013,Whole Foods,-2.44,CA
16910,5/14/2013,GNC,-24.35,CA
16910,5/14/2013,Bike Rental,-75.08,CA
16910,5/14/2013,Bike Rental,-18.58,CA
16910,5/14/2013,NFL Ticket - Chargers,-30.03,CA
16910,5/14/2013,Restaurant - Chinese,-23.82,CA
16910,5/14/2013,Restaurant - Chinese,-24.2,CA
16910,5/15/2013,Total Gym Fees,-7.79,CA
16910,5/16/2013,Sam's Sporting Apparel,-100.3,CA
16910,5/16/2013,Athletic Apparel,-91.69,CA
16910,5/17/2013,Dick's Sporting Goods,-16.81,CA
16910,5/17/2013,Sam's Sporting Apparel,-1.91,CA
16910,5/18/2013,Ralph's Grocery Store,-8.75,CA
16910,5/19/2013,Amazon Order - Athletic Equipment,-16.08,CA
16910,5/19/2013,NBA Ticket - Lakers,-20.76,CA
16910,5/19/2013,GNC,-39.45,CA
16910,5/19/2013,NBA Ticket - Lakers,-33.19,CA
16910,5/19/2013,Restaurant - Steakhouse,-76.25,CA
16910,5/19/2013,Uber,-37.65,CA
16910,5/20/2013,Starbucks Coffee,-21.15,CA
16910,5/20/2013,Ralph's Grocery Store,-34.87,CA
16910,5/20/2013,Restaurant - Burgers,-11.53,CA
16910,5/20/2013,Bike Rental,-43.66,CA
16910,5/20/2013,Ralph's Grocery Store,-24.32,CA
16910,5/21/2013,NBA Ticket - Lakers,-13.34,CA
16910,5/22/2013,Vitamin Shoppe,-29.72,CA
16910,5/23/2013,Von's Groceries,-27.45,CA
16910,5/23/2013,NBA Ticket - Lakers,-67,CA
16910,5/24/2013,NFL Ticket - Chargers,-74.07,CA
16910,5/25/2013,Dick's Sporting Goods,-35.68,CA
16910,5/25/2013,Amazon Order - Athletic Equipment,-11.42,CA
16910,5/25/2013,Sam's Sporting Apparel,-8.42,CA
16910,5/25/2013,NFL Ticket - Chargers,-7,CA
16910,5/25/2013,Athletic Apparel,-38.95,CA
16910,5/26/2013,Athletic Apparel,-30.71,CA
16910,5/26/2013,Whole Foods,-7.2,CA
16910,5/27/2013,Uber,-10.11,CA
16910,5/28/2013,Vitamin Shoppe,-7.56,CA
16910,5/28/2013,Taxi,-32.58,CA
16910,5/28/2013,NBA Ticket - Lakers,-12.91,CA
16910,5/29/2013,Lyft,-38.63,CA
16910,5/30/2013,Sam's Sporting Apparel,-52.64,CA
16910,5/30/2013,Sam's Sporting Apparel,-31.4,CA
16910,5/30/2013,Public Transportation - Bus Pass,-25.8,CA
16910,6/2/2013,Paycheck,4219,CA
16910,6/2/2013,Housing Rent,-1145,CA
16910,6/2/2013,Credit Card Payment,-154,CA
16910,6/2/2013,Dick's Sporting Goods,-9.54,CA
16910,6/3/2013,Amazon Order - Athletic Equipment,-30.99,CA
16910,6/3/2013,Whole Foods,-27.34,CA
16910,6/3/2013,Vitamin Shoppe,-108.89,CA
16910,6/3/2013,Taxi,-31.03,CA
16910,6/3/2013,Sam's Sporting Apparel,-36.87,CA
16910,6/4/2013,Lyft,-4.66,CA
16910,6/4/2013,Restaurant - Pizza,-109.17,CA
16910,6/4/2013,Bike Rental,-6.6,CA
16910,6/4/2013,GNC,-61.59,CA
16910,6/5/2013,Total Gym Fees,-44.46,CA
16910,6/5/2013,GNC,-10.4,CA
16910,6/6/2013,Total Gym Fees,-14.1,CA
16910,6/7/2013,Amazon Order - Athletic Equipment,-37.95,CA
16910,6/8/2013,NBA Ticket - Lakers,-29.17,CA
16910,6/9/2013,Sam's Sporting Apparel,-34.38,CA
16910,6/9/2013,Total Gym Fees,-1.39,CA
16910,6/9/2013,Sam's Sporting Apparel,-12.89,CA
16910,6/10/2013,Vitamin Shoppe,-27.41,CA
16910,6/10/2013,Total Gym Fees,-17.3,CA
16910,6/11/2013,Uber,-37.51,CA
16910,6/12/2013,Food Delivery - GrubHub,-13.87,CA
16910,6/12/2013,NFL Ticket - Chargers,-8.84,CA
16910,6/13/2013,Public Transportation - Train Pass,-18.32,CA
16910,6/14/2013,Sam's Sporting Apparel,-4.07,CA
16910,6/15/2013,NBA Ticket - Lakers,-16.14,CA
16910,6/15/2013,GNC,-21.22,CA
16910,6/15/2013,Sprouts Market,-21.87,CA
16910,6/15/2013,Sam's Sporting Apparel,-53.59,CA
16910,6/15/2013,Amazon Order - Athletic Equipment,-0.72,CA
16910,6/16/2013,Public Transportation - Bus Pass,-2.92,CA
16910,6/16/2013,Public Transportation - Bus Pass,-0.6,CA
16910,6/16/2013,Sam's Sporting Apparel,-95.12,CA
16910,6/16/2013,GNC,-4.71,CA
16910,6/16/2013,Vitamin Shoppe,-3.81,CA
16910,6/17/2013,Taxi,-94.25,CA
16910,6/18/2013,Vitamin Shoppe,-25.91,CA
16910,6/19/2013,Public Transportation - Train Pass,-14.46,CA
16910,6/19/2013,NBA Ticket - Lakers,-39.92,CA
16910,6/20/2013,Whole Foods,-0.39,CA
16910,6/21/2013,Athletic Apparel,-94.86,CA
16910,6/21/2013,Lyft,-41.85,CA
16910,6/21/2013,Total Gym Fees,-7.43,CA
16910,6/22/2013,NFL Ticket - Chargers,-7.56,CA
16910,6/22/2013,Taxi,-12.16,CA
16910,6/22/2013,Vitamin Shoppe,-26.39,CA
16910,6/22/2013,Food Delivery - GrubHub,-16.91,CA
16910,6/22/2013,Bike Rental,-31.37,CA
16910,6/22/2013,Bike Rental,-109.96,CA
16910,6/22/2013,Von's Groceries,-2.95,CA
16910,6/22/2013,Dick's Sporting Goods,-7.66,CA
16910,6/23/2013,Von's Groceries,-25.25,CA
16910,6/24/2013,Restaurant - Burgers,-20.78,CA
16910,6/24/2013,Public Transportation - Bus Pass,-28.7,CA
16910,6/24/2013,Sam's Sporting Apparel,-39.49,CA
16910,6/25/2013,Total Gym Fees,-24.74,CA
16910,6/26/2013,Sam's Sporting Apparel,-97.21,CA
16910,6/26/2013,Restaurant - Pizza,-105.7,CA
16910,6/26/2013,Ralph's Grocery Store,-11.38,CA
16910,6/26/2013,Taxi,-15.63,CA
16910,6/26/2013,Starbucks Coffee,-12.17,CA
16910,6/27/2013,Lyft,-30.04,CA
16910,6/27/2013,NBA Ticket - Lakers,-17.63,CA
16910,6/28/2013,Dick's Sporting Goods,-38.84,CA
16910,6/28/2013,Sam's Sporting Apparel,-14.86,CA
16910,6/28/2013,GNC,-12.55,CA
16910,6/29/2013,Restaurant - Steakhouse,-12.23,CA
16910,6/29/2013,Vitamin Shoppe,-31.91,CA
16910,6/29/2013,Public Transportation - Train Pass,-18.18,CA
16910,6/29/2013,Starbucks Coffee,-1.16,CA
16910,6/29/2013,Public Transportation - Train Pass,-102.32,CA
16910,6/29/2013,Uber,-16.87,CA
16910,6/29/2013,Sam's Sporting Apparel,-31.2,CA
16910,6/29/2013,Sam's Sporting Apparel,-25.45,CA
16910,6/30/2013,Amazon Order - Athletic Equipment,-0.86,CA
16910,7/2/2013,Paycheck,4219,CA
16910,7/2/2013,Housing Rent,-1063,CA
16910,7/2/2013,Credit Card Payment,-154,CA
16910,7/2/2013,Athletic Apparel,-26.53,CA
16910,7/2/2013,Amazon Order - Athletic Equipment,-77.07,CA
16910,7/2/2013,Athletic Apparel,-19.84,CA
16910,7/2/2013,Total Gym Fees,-22.61,CA
16910,7/3/2013,Dick's Sporting Goods,-15.83,CA
16910,7/3/2013,Public Transportation - Bus Pass,-5.72,CA
16910,7/3/2013,GNC,-17.87,CA
16910,7/3/2013,Taxi,-11.75,CA
16910,7/3/2013,Ralph's Grocery Store,-9.28,CA
16910,7/3/2013,Uber,-18.01,CA
16910,7/4/2013,Restaurant - Pizza,-4.66,CA
16910,7/4/2013,NBA Ticket - Lakers,-26.22,CA
16910,7/4/2013,Bike Rental,-29.38,CA
16910,7/5/2013,Total Gym Fees,-21.13,CA
16910,7/6/2013,Lyft,-14.4,CA
16910,7/6/2013,Athletic Apparel,-3.7,CA
16910,7/7/2013,Vitamin Shoppe,-52.1,CA
16910,7/7/2013,Vitamin Shoppe,-25.79,CA
16910,7/7/2013,Public Transportation - Train Pass,-92.05,CA
16910,7/7/2013,NBA Ticket - Lakers,-18.28,CA
16910,7/7/2013,NBA Ticket - Lakers,-8.05,CA
16910,7/7/2013,Restaurant - Steakhouse,-19.01,CA
16910,7/7/2013,NBA Ticket - Lakers,-29.98,CA
16910,7/7/2013,Public Transportation - Train Pass,-10.19,CA
16910,7/8/2013,NBA Ticket - Lakers,-21.82,CA
16910,7/8/2013,Total Gym Fees,-16.91,CA
16910,7/8/2013,Public Transportation - Bus Pass,-23.28,CA
16910,7/8/2013,Sam's Sporting Apparel,-34.19,CA
16910,7/8/2013,Lyft,-35.61,CA
16910,7/8/2013,Food Delivery - GrubHub,-0.88,CA
16910,7/8/2013,GNC,-33.83,CA
16910,7/8/2013,GNC,-82.19,CA
16910,7/8/2013,Bike Rental,-39.65,CA
16910,7/8/2013,Athletic Apparel,-6.43,CA
16910,7/9/2013,Total Gym Fees,-50.33,CA
16910,7/9/2013,Public Transportation - Bus Pass,-108.35,CA
16910,7/9/2013,Public Transportation - Train Pass,-29.02,CA
16910,7/9/2013,Dick's Sporting Goods,-9.92,CA
16910,7/10/2013,Athletic Apparel,-17.45,CA
16910,7/10/2013,Ralph's Grocery Store,-19.5,CA
16910,7/10/2013,Whole Foods,-25.59,CA
16910,7/11/2013,GNC,-91.95,CA
16910,7/11/2013,GNC,-59.79,CA
16910,7/11/2013,Vitamin Shoppe,-17.25,CA
16910,7/12/2013,Taxi,-3.89,CA
16910,7/12/2013,Public Transportation - Bus Pass,-24.72,CA
16910,7/12/2013,Von's Groceries,-3.44,CA
16910,7/12/2013,Sam's Sporting Apparel,-43,CA
16910,7/13/2013,Public Transportation - Train Pass,-11.33,CA
16910,7/14/2013,Food Delivery - GrubHub,-4.65,CA
16910,7/14/2013,Amazon Order - Athletic Equipment,-109.1,CA
16910,7/15/2013,Bike Rental,-2.24,CA
16910,7/15/2013,NBA Ticket - Lakers,-4.43,CA
16910,7/15/2013,Total Gym Fees,-2.09,CA
16910,7/15/2013,Starbucks Coffee,-27.28,CA
16910,7/15/2013,Amazon Order - Athletic Equipment,-19.32,CA
16910,7/16/2013,Total Gym Fees,-12.99,CA
16910,7/17/2013,Dick's Sporting Goods,-34.7,CA
16910,7/18/2013,Dick's Sporting Goods,-27.44,CA
16910,7/18/2013,NBA Ticket - Lakers,-16.03,CA
16910,7/18/2013,Bike Rental,-19.71,CA
16910,7/19/2013,Total Gym Fees,-26.27,CA
16910,7/19/2013,Vitamin Shoppe,-27.93,CA
16910,7/20/2013,Amazon Order - Athletic Equipment,-4.81,CA
16910,7/20/2013,Bike Rental,-27.28,CA
16910,7/20/2013,Dick's Sporting Goods,-28.6,CA
16910,7/20/2013,Food Delivery - GrubHub,-35.04,CA
16910,7/21/2013,NBA Ticket - Lakers,-26.23,CA
16910,7/21/2013,Dick's Sporting Goods,-22.8,CA
16910,7/21/2013,Vitamin Shoppe,-106.79,CA
16910,7/21/2013,Taxi,-4.36,CA
16910,7/21/2013,Dick's Sporting Goods,-55.77,CA
16910,7/21/2013,Dick's Sporting Goods,-38.26,CA
16910,7/21/2013,GNC,-22,CA
16910,7/22/2013,Uber,-28.03,CA
16910,7/22/2013,Starbucks Coffee,-83.6,CA
16910,7/22/2013,Total Gym Fees,-22.67,CA
16910,7/22/2013,Total Gym Fees,-98.76,CA
16910,7/23/2013,Bike Rental,-10.93,CA
16910,7/23/2013,NBA Ticket - Lakers,-88.52,CA
16910,7/23/2013,NFL Ticket - Chargers,-29.14,CA
16910,7/23/2013,Dick's Sporting Goods,-54.49,CA
16910,7/23/2013,Sam's Sporting Apparel,-36.98,CA
16910,7/23/2013,Restaurant - Steakhouse,-23.51,CA
16910,7/24/2013,Restaurant - Pizza,-35.62,CA
16910,7/25/2013,Bike Rental,-10.42,CA
16910,7/25/2013,Amazon Order - Athletic Equipment,-33.41,CA
16910,7/25/2013,Sprouts Market,-83.13,CA
16910,7/25/2013,Bike Rental,-15.47,CA
16910,7/25/2013,Lyft,-25.41,CA
16910,7/25/2013,Public Transportation - Train Pass,-17.16,CA
16910,7/25/2013,Public Transportation - Train Pass,-30.91,CA
16910,7/25/2013,Restaurant - Pizza,-2.92,CA
16910,7/25/2013,Taxi,-28.65,CA
16910,7/26/2013,Total Gym Fees,-87.24,CA
16910,7/27/2013,NBA Ticket - Lakers,-20.4,CA
16910,7/27/2013,GNC,-30.21,CA
16910,7/27/2013,Bike Rental,-39.53,CA
16910,7/27/2013,Sam's Sporting Apparel,-26.77,CA
16910,7/27/2013,Sam's Sporting Apparel,-3.19,CA
16910,7/27/2013,GNC,-22.59,CA
16910,7/28/2013,Bike Rental,-23.84,CA
16910,7/28/2013,Bike Rental,-32.37,CA
16910,7/28/2013,Total Gym Fees,-39.45,CA
16910,7/28/2013,NBA Ticket - Lakers,-28.57,CA
16910,7/28/2013,Lyft,-35.14,CA
16910,7/28/2013,NBA Ticket - Lakers,-11,CA
16910,7/29/2013,Sprouts Market,-11.45,CA
16910,7/30/2013,NFL Ticket - Chargers,-116.02,CA
16910,7/30/2013,NFL Ticket - Chargers,-117.27,CA
16910,7/30/2013,Restaurant - Chinese,-91.13,CA
16910,7/30/2013,Dick's Sporting Goods,-85.3,CA
16910,7/30/2013,Athletic Apparel,-37.83,CA
16910,7/30/2013,Food Delivery - GrubHub,-36.43,CA
16910,7/30/2013,NBA Ticket - Lakers,-8.25,CA
16910,7/30/2013,Total Gym Fees,-82.97,CA
16910,7/30/2013,Sam's Sporting Apparel,-74.11,CA
16910,7/30/2013,Food Delivery - GrubHub,-9.67,CA
16910,7/30/2013,Total Gym Fees,-0.73,CA
16910,7/30/2013,Bike Rental,-13.91,CA
16910,8/2/2013,Paycheck,4219,CA
16910,8/2/2013,Housing Rent,-819,CA
16910,8/2/2013,Credit Card Payment,-154,CA
16910,8/2/2013,Total Gym Fees,-14.46,CA
16910,8/2/2013,GNC,-27.6,CA
16910,8/2/2013,Vitamin Shoppe,-36.59,CA
16910,8/2/2013,Vitamin Shoppe,-110.22,CA
16910,8/3/2013,Taxi,-29.43,CA
16910,8/3/2013,NBA Ticket - Lakers,-24.41,CA
16910,8/3/2013,Restaurant - Chinese,-55.7,CA
16910,8/4/2013,Restaurant - Burgers,-20.82,CA
16910,8/4/2013,NFL Ticket - Chargers,-18.27,CA
16910,8/4/2013,Vitamin Shoppe,-28.21,CA
16910,8/4/2013,NFL Ticket - Chargers,-23.29,CA
16910,8/4/2013,Restaurant - Chinese,-25.2,CA
16910,8/4/2013,Uber,-17.68,CA
16910,8/4/2013,Ralph's Grocery Store,-35.56,CA
16910,8/4/2013,Public Transportation - Bus Pass,-5.56,CA
16910,8/4/2013,Bike Rental,-30.08,CA
16910,8/4/2013,GNC,-5.8,CA
16910,8/4/2013,NFL Ticket - Chargers,-2.46,CA
16910,8/4/2013,Athletic Apparel,-26.53,CA
16910,8/5/2013,Ralph's Grocery Store,-27.31,CA
16910,8/6/2013,Dick's Sporting Goods,-97.67,CA
16910,8/6/2013,Total Gym Fees,-61.14,CA
16910,8/6/2013,NFL Ticket - Chargers,-40.46,CA
16910,8/6/2013,Public Transportation - Train Pass,-38.65,CA
16910,8/7/2013,NFL Ticket - Chargers,-17.15,CA
16910,8/7/2013,Public Transportation - Train Pass,-10.55,CA
16910,8/7/2013,Restaurant - Chinese,-38.33,CA
16910,8/7/2013,Public Transportation - Train Pass,-18.29,CA
16910,8/7/2013,Total Gym Fees,-20.12,CA
16910,8/7/2013,Bike Rental,-7.94,CA
16910,8/8/2013,Whole Foods,-25.18,CA
16910,8/8/2013,NBA Ticket - Lakers,-13.31,CA
16910,8/8/2013,Bike Rental,-0.95,CA
16910,8/9/2013,GNC,-53.01,CA
16910,8/10/2013,Restaurant - Steakhouse,-99.89,CA
16910,8/11/2013,Restaurant - Chinese,-0.49,CA
16910,8/11/2013,GNC,-13.31,CA
16910,8/12/2013,Amazon Order - Athletic Equipment,-19.73,CA
16910,8/13/2013,Sam's Sporting Apparel,-31.5,CA
16910,8/14/2013,Restaurant - Steakhouse,-6.59,CA
16910,8/14/2013,Restaurant - Burgers,-23.94,CA
16910,8/14/2013,Bike Rental,-32.45,CA
16910,8/14/2013,Uber,-16.66,CA
16910,8/14/2013,Total Gym Fees,-17.75,CA
16910,8/14/2013,Bike Rental,-25.39,CA
16910,8/15/2013,Starbucks Coffee,-8.71,CA
16910,8/15/2013,Vitamin Shoppe,-10.38,CA
16910,8/15/2013,GNC,-65.26,CA
16910,8/15/2013,Vitamin Shoppe,-15.5,CA
16910,8/15/2013,Public Transportation - Train Pass,-31.29,CA
16910,8/15/2013,Amazon Order - Athletic Equipment,-29.1,CA
16910,8/15/2013,GNC,-65.24,CA
16910,8/15/2013,Athletic Apparel,-18.92,CA
16910,8/16/2013,Sprouts Market,-17.63,CA
16910,8/16/2013,Restaurant - Burgers,-99.11,CA
16910,8/17/2013,Public Transportation - Train Pass,-0.49,CA
16910,8/18/2013,Dick's Sporting Goods,-17.34,CA
16910,8/18/2013,Food Delivery - GrubHub,-18.6,CA
16910,8/19/2013,GNC,-8.73,CA
16910,8/19/2013,GNC,-17.66,CA
16910,8/20/2013,Vitamin Shoppe,-54.43,CA
16910,8/20/2013,Bike Rental,-31.53,CA
16910,8/20/2013,Bike Rental,-4.85,CA
16910,8/21/2013,NFL Ticket - Chargers,-52.74,CA
16910,8/21/2013,Dick's Sporting Goods,-20.13,CA
16910,8/21/2013,NFL Ticket - Chargers,-35.14,CA
16910,8/21/2013,NBA Ticket - Lakers,-32.8,CA
16910,8/21/2013,Starbucks Coffee,-1.69,CA
16910,8/21/2013,GNC,-77.42,CA
16910,8/21/2013,Dick's Sporting Goods,-31.49,CA
16910,8/21/2013,Sam's Sporting Apparel,-8.7,CA
16910,8/21/2013,Restaurant - Steakhouse,-39.92,CA
16910,8/22/2013,Restaurant - Burgers,-33.62,CA
16910,8/23/2013,Dick's Sporting Goods,-17.93,CA
16910,8/24/2013,NFL Ticket - Chargers,-3.36,CA
16910,8/24/2013,Restaurant - Burgers,-7.55,CA
16910,8/25/2013,Dick's Sporting Goods,-2.67,CA
16910,8/26/2013,Sprouts Market,-21.39,CA
16910,8/26/2013,Sam's Sporting Apparel,-27.65,CA
16910,8/27/2013,Von's Groceries,-6.39,CA
16910,8/27/2013,Sam's Sporting Apparel,-28.64,CA
16910,8/27/2013,Amazon Order - Athletic Equipment,-16.69,CA
16910,8/27/2013,NBA Ticket - Lakers,-4.97,CA
16910,8/27/2013,Athletic Apparel,-17.06,CA
16910,8/28/2013,NFL Ticket - Chargers,-32.51,CA
16910,8/28/2013,Public Transportation - Train Pass,-59.42,CA
16910,8/28/2013,Total Gym Fees,-37.95,CA
16910,8/28/2013,NFL Ticket - Chargers,-24.01,CA
16910,8/29/2013,Amazon Order - Athletic Equipment,-46.26,CA
16910,8/30/2013,Restaurant - Steakhouse,-110.33,CA
16910,8/30/2013,Sam's Sporting Apparel,-22.88,CA
16910,8/30/2013,Dick's Sporting Goods,-5.92,CA
16910,9/2/2013,Paycheck,4219,CA
16910,9/2/2013,Housing Rent,-1049,CA
16910,9/2/2013,Credit Card Payment,-154,CA
16910,9/2/2013,NFL Ticket - Chargers,-26.87,CA
16910,9/2/2013,Taxi,-27.16,CA
16910,9/3/2013,Whole Foods,-11.53,CA
16910,9/3/2013,Restaurant - Burgers,-62.13,CA
16910,9/4/2013,Uber,-100.79,CA
16910,9/4/2013,Restaurant - Chinese,-20.73,CA
16910,9/4/2013,Public Transportation - Train Pass,-9.73,CA
16910,9/4/2013,Athletic Apparel,-44.74,CA
16910,9/4/2013,NBA Ticket - Lakers,-41.18,CA
16910,9/4/2013,NBA Ticket - Lakers,-35.68,CA
16910,9/4/2013,Taxi,-10.31,CA
16910,9/5/2013,Athletic Apparel,-3.66,CA
16910,9/6/2013,Bike Rental,-3.43,CA
16910,9/6/2013,Dick's Sporting Goods,-15.71,CA
16910,9/7/2013,Starbucks Coffee,-22.58,CA
16910,9/8/2013,Taxi,-4.83,CA
16910,9/8/2013,Dick's Sporting Goods,-13.66,CA
16910,9/9/2013,Public Transportation - Train Pass,-10.74,CA
16910,9/9/2013,Food Delivery - GrubHub,-37.64,CA
16910,9/10/2013,Athletic Apparel,-16.07,CA
16910,9/10/2013,Total Gym Fees,-23.03,CA
16910,9/10/2013,GNC,-23,CA
16910,9/10/2013,Lyft,-24.04,CA
16910,9/11/2013,NFL Ticket - Chargers,-7.64,CA
16910,9/12/2013,Athletic Apparel,-39.38,CA
16910,9/13/2013,Dick's Sporting Goods,-12.34,CA
16910,9/13/2013,NBA Ticket - Lakers,-55.72,CA
16910,9/13/2013,Sam's Sporting Apparel,-35.54,CA
16910,9/13/2013,Restaurant - Steakhouse,-0.4,CA
16910,9/14/2013,Public Transportation - Bus Pass,-8.51,CA
16910,9/14/2013,Bike Rental,-0.42,CA
16910,9/15/2013,Von's Groceries,-34.68,CA
16910,9/15/2013,Bike Rental,-47.99,CA
16910,9/16/2013,NFL Ticket - Chargers,-21.73,CA
16910,9/16/2013,Food Delivery - GrubHub,-38.55,CA
16910,9/16/2013,GNC,-28.68,CA
16910,9/16/2013,NBA Ticket - Lakers,-20.41,CA
16910,9/16/2013,Restaurant - Pizza,-33.17,CA
16910,9/16/2013,Total Gym Fees,-117.91,CA
16910,9/16/2013,Sam's Sporting Apparel,-29.93,CA
16910,9/16/2013,GNC,-29.63,CA
16910,9/16/2013,Sam's Sporting Apparel,-15.29,CA
16910,9/16/2013,Taxi,-69.97,CA
16910,9/17/2013,Bike Rental,-12.32,CA
16910,9/17/2013,Dick's Sporting Goods,-20.31,CA
16910,9/17/2013,Lyft,-33.25,CA
16910,9/17/2013,Whole Foods,-32.81,CA
16910,9/17/2013,Bike Rental,-12.58,CA
16910,9/17/2013,GNC,-22.65,CA
16910,9/18/2013,Lyft,-35.2,CA
16910,9/18/2013,Restaurant - Burgers,-26.12,CA
16910,9/19/2013,GNC,-106.84,CA
16910,9/20/2013,Dick's Sporting Goods,-36.29,CA
16910,9/21/2013,Lyft,-42.74,CA
16910,9/21/2013,Public Transportation - Train Pass,-32.93,CA
16910,9/21/2013,NFL Ticket - Chargers,-23.33,CA
16910,9/22/2013,Amazon Order - Athletic Equipment,-29.03,CA
16910,9/23/2013,Restaurant - Burgers,-7.3,CA
16910,9/23/2013,Bike Rental,-106.67,CA
16910,9/23/2013,Total Gym Fees,-26.85,CA
16910,9/24/2013,NFL Ticket - Chargers,-14.94,CA
16910,9/24/2013,Restaurant - Steakhouse,-5.61,CA
16910,9/25/2013,Public Transportation - Train Pass,-29.22,CA
16910,9/25/2013,NFL Ticket - Chargers,-23.45,CA
16910,9/25/2013,NFL Ticket - Chargers,-34.96,CA
16910,9/25/2013,Total Gym Fees,-105.62,CA
16910,9/25/2013,Bike Rental,-26.29,CA
16910,9/25/2013,Public Transportation - Train Pass,-9.38,CA
16910,9/26/2013,NBA Ticket - Lakers,-13.75,CA
16910,9/26/2013,Amazon Order - Athletic Equipment,-34,CA
16910,9/26/2013,NBA Ticket - Lakers,-25.5,CA
16910,9/26/2013,Restaurant - Steakhouse,-23.23,CA
16910,9/27/2013,Bike Rental,-32.09,CA
16910,9/28/2013,NFL Ticket - Chargers,-27.33,CA
16910,9/29/2013,Amazon Order - Athletic Equipment,-10.04,CA
16910,9/29/2013,Bike Rental,-8.9,CA
16910,9/30/2013,Taxi,-3.81,CA
16910,9/30/2013,Sam's Sporting Apparel,-5.62,CA
16910,9/30/2013,NBA Ticket - Lakers,-30.62,CA
16910,10/2/2013,Paycheck,4219,CA
16910,10/2/2013,Housing Rent,-1028,CA
16910,10/2/2013,Credit Card Payment,-154,CA
16910,10/2/2013,Lyft,-33.49,CA
16910,10/3/2013,Sprouts Market,-23.22,CA
16910,10/4/2013,Total Gym Fees,-20.6,CA
16910,10/5/2013,GNC,-10.73,CA
16910,10/5/2013,Von's Groceries,-3.08,CA
16910,10/5/2013,Athletic Apparel,-99.77,CA
16910,10/5/2013,Restaurant - Burgers,-25.74,CA
16910,10/5/2013,Lyft,-3.39,CA
16910,10/5/2013,Vitamin Shoppe,-9.93,CA
16910,10/6/2013,NFL Ticket - Chargers,-8.76,CA
16910,10/6/2013,Vitamin Shoppe,-10.38,CA
16910,10/6/2013,Lyft,-117.93,CA
16910,10/7/2013,Food Delivery - GrubHub,-7.29,CA
16910,10/7/2013,NBA Ticket - Lakers,-28.44,CA
16910,10/7/2013,Public Transportation - Train Pass,-17.46,CA
16910,10/7/2013,Restaurant - Burgers,-2.2,CA
16910,10/7/2013,Sprouts Market,-39.06,CA
16910,10/7/2013,Von's Groceries,-21.83,CA
16910,10/8/2013,Total Gym Fees,-5.9,CA
16910,10/9/2013,Sam's Sporting Apparel,-8.25,CA
16910,10/9/2013,Taxi,-32,CA
16910,10/9/2013,Amazon Order - Athletic Equipment,-11.41,CA
16910,10/9/2013,Taxi,-37.1,CA
16910,10/9/2013,Food Delivery - GrubHub,-33.13,CA
16910,10/9/2013,Bike Rental,-5.01,CA
16910,10/10/2013,Uber,-44.31,CA
16910,10/10/2013,Amazon Order - Athletic Equipment,-37.79,CA
16910,10/10/2013,Vitamin Shoppe,-6.47,CA
16910,10/10/2013,Restaurant - Burgers,-6.98,CA
16910,10/10/2013,Restaurant - Burgers,-18.07,CA
16910,10/10/2013,Athletic Apparel,-8.49,CA
16910,10/10/2013,Whole Foods,-5.66,CA
16910,10/11/2013,Restaurant - Chinese,-31.27,CA
16910,10/12/2013,GNC,-7.67,CA
16910,10/12/2013,Bike Rental,-29.45,CA
16910,10/12/2013,Lyft,-39.42,CA
16910,10/12/2013,Dick's Sporting Goods,-76.75,CA
16910,10/12/2013,Taxi,-112.1,CA
16910,10/12/2013,Restaurant - Steakhouse,-4.52,CA
16910,10/12/2013,Uber,-115.15,CA
16910,10/12/2013,Restaurant - Burgers,-26.93,CA
16910,10/12/2013,Ralph's Grocery Store,-39.15,CA
16910,10/12/2013,Sprouts Market,-27.14,CA
16910,10/12/2013,Public Transportation - Train Pass,-30.98,CA
16910,10/12/2013,NBA Ticket - Lakers,-4.22,CA
16910,10/12/2013,Amazon Order - Athletic Equipment,-33.71,CA
16910,10/12/2013,Athletic Apparel,-19.4,CA
16910,10/13/2013,Dick's Sporting Goods,-37.25,CA
16910,10/13/2013,Amazon Order - Athletic Equipment,-27.3,CA
16910,10/13/2013,Athletic Apparel,-28,CA
16910,10/14/2013,Sam's Sporting Apparel,-74.67,CA
16910,10/14/2013,NBA Ticket - Lakers,-14.73,CA
16910,10/15/2013,NFL Ticket - Chargers,-84.47,CA
16910,10/16/2013,NBA Ticket - Lakers,-26.49,CA
16910,10/16/2013,GNC,-19.89,CA
16910,10/16/2013,Total Gym Fees,-2.53,CA
16910,10/16/2013,Restaurant - Burgers,-29.91,CA
16910,10/16/2013,Restaurant - Chinese,-60.11,CA
16910,10/16/2013,Athletic Apparel,-118.81,CA
16910,10/16/2013,Restaurant - Chinese,-8.2,CA
16910,10/16/2013,Athletic Apparel,-12.24,CA
16910,10/17/2013,Dick's Sporting Goods,-13.53,CA
16910,10/17/2013,NBA Ticket - Lakers,-43.45,CA
16910,10/17/2013,Bike Rental,-34.11,CA
16910,10/17/2013,Vitamin Shoppe,-25.81,CA
16910,10/17/2013,Restaurant - Pizza,-26.61,CA
16910,10/18/2013,Bike Rental,-57.87,CA
16910,10/18/2013,Restaurant - Chinese,-29.04,CA
16910,10/18/2013,Athletic Apparel,-27.93,CA
16910,10/18/2013,Total Gym Fees,-30.34,CA
16910,10/19/2013,GNC,-32.17,CA
16910,10/20/2013,Dick's Sporting Goods,-15.81,CA
16910,10/20/2013,Sam's Sporting Apparel,-21.46,CA
16910,10/20/2013,GNC,-36.49,CA
16910,10/20/2013,Restaurant - Burgers,-3.34,CA
16910,10/20/2013,Sam's Sporting Apparel,-22.53,CA
16910,10/20/2013,Uber,-102.04,CA
16910,10/20/2013,Taxi,-46.27,CA
16910,10/20/2013,Amazon Order - Athletic Equipment,-23.35,CA
16910,10/21/2013,GNC,-4.88,CA
16910,10/21/2013,Athletic Apparel,-3.93,CA
16910,10/21/2013,NFL Ticket - Chargers,-39.06,CA
16910,10/21/2013,Sam's Sporting Apparel,-29.21,CA
16910,10/21/2013,Restaurant - Steakhouse,-14.05,CA
16910,10/21/2013,Athletic Apparel,-67.51,CA
16910,10/22/2013,Restaurant - Burgers,-30.57,CA
16910,10/22/2013,Total Gym Fees,-33.59,CA
16910,10/22/2013,NBA Ticket - Lakers,-28.24,CA
16910,10/22/2013,Amazon Order - Athletic Equipment,-4.58,CA
16910,10/22/2013,Bike Rental,-10.92,CA
16910,10/22/2013,NFL Ticket - Chargers,-105.9,CA
16910,10/22/2013,Bike Rental,-31.69,CA
16910,10/22/2013,Sprouts Market,-21.37,CA
16910,10/22/2013,Restaurant - Steakhouse,-54.51,CA
16910,10/22/2013,Total Gym Fees,-24.93,CA
16910,10/22/2013,Lyft,-31.7,CA
16910,10/22/2013,Sprouts Market,-0.3,CA
16910,10/22/2013,Taxi,-26.22,CA
16910,10/23/2013,Total Gym Fees,-20.75,CA
16910,10/23/2013,Taxi,-49.43,CA
16910,10/23/2013,NFL Ticket - Chargers,-5.43,CA
16910,10/23/2013,Sam's Sporting Apparel,-18.17,CA
16910,10/23/2013,NBA Ticket - Lakers,-32.85,CA
16910,10/23/2013,Whole Foods,-6.73,CA
16910,10/23/2013,Uber,-3.64,CA
16910,10/24/2013,NBA Ticket - Lakers,-110.19,CA
16910,10/24/2013,Vitamin Shoppe,-11.7,CA
16910,10/24/2013,Bike Rental,-12.21,CA
16910,10/25/2013,Restaurant - Burgers,-79.8,CA
16910,10/25/2013,Public Transportation - Bus Pass,-88.76,CA
16910,10/26/2013,Sprouts Market,-8.03,CA
16910,10/26/2013,Total Gym Fees,-26.04,CA
16910,10/26/2013,Athletic Apparel,-28.9,CA
16910,10/27/2013,Vitamin Shoppe,-24.5,CA
16910,10/27/2013,Vitamin Shoppe,-2.28,CA
16910,10/27/2013,Taxi,-8.94,CA
16910,10/28/2013,Taxi,-107.22,CA
16910,10/28/2013,Restaurant - Steakhouse,-13.85,CA
16910,10/28/2013,Uber,-57.59,CA
16910,10/29/2013,NFL Ticket - Chargers,-21.44,CA
16910,10/29/2013,Public Transportation - Train Pass,-20.38,CA
16910,10/29/2013,Uber,-2.69,CA
16910,10/29/2013,Von's Groceries,-10.9,CA
16910,10/29/2013,NBA Ticket - Lakers,-17.3,CA
16910,10/30/2013,NFL Ticket - Chargers,-1.56,CA
16910,10/30/2013,Food Delivery - GrubHub,-16.17,CA
16910,11/2/2013,Paycheck,4219,CA
16910,11/2/2013,Housing Rent,-713,CA
16910,11/2/2013,Credit Card Payment,-154,CA
16910,11/2/2013,NFL Ticket - Chargers,-14.57,CA
16910,11/3/2013,Sam's Sporting Apparel,-2,CA
16910,11/4/2013,Sam's Sporting Apparel,-21.72,CA
16910,11/4/2013,Dick's Sporting Goods,-104.01,CA
16910,11/4/2013,Taxi,-2.62,CA
16910,11/4/2013,Restaurant - Burgers,-45.44,CA
16910,11/5/2013,NFL Ticket - Chargers,-24.61,CA
16910,11/5/2013,Public Transportation - Bus Pass,-12.77,CA
16910,11/6/2013,GNC,-36.24,CA
16910,11/7/2013,Lyft,-19.65,CA
16910,11/7/2013,Ralph's Grocery Store,-2.32,CA
16910,11/7/2013,Total Gym Fees,-21.57,CA
16910,11/7/2013,Sam's Sporting Apparel,-0.97,CA
16910,11/7/2013,Total Gym Fees,-63.13,CA
16910,11/7/2013,Taxi,-31.37,CA
16910,11/7/2013,GNC,-0.34,CA
16910,11/7/2013,Vitamin Shoppe,-45.04,CA
16910,11/7/2013,Sprouts Market,-24.14,CA
16910,11/7/2013,Dick's Sporting Goods,-31.25,CA
16910,11/7/2013,NFL Ticket - Chargers,-6.96,CA
16910,11/8/2013,Athletic Apparel,-29.5,CA
16910,11/8/2013,NBA Ticket - Lakers,-12.04,CA
16910,11/8/2013,GNC,-16.91,CA
16910,11/8/2013,Dick's Sporting Goods,-35.5,CA
16910,11/8/2013,Athletic Apparel,-19.42,CA
16910,11/8/2013,NFL Ticket - Chargers,-10.01,CA
16910,11/8/2013,Starbucks Coffee,-100.61,CA
16910,11/8/2013,Public Transportation - Bus Pass,-22.38,CA
16910,11/8/2013,Total Gym Fees,-37.2,CA
16910,11/8/2013,Sprouts Market,-16.11,CA
16910,11/9/2013,Lyft,-13.78,CA
16910,11/9/2013,GNC,-8.44,CA
16910,11/9/2013,Sam's Sporting Apparel,-10.28,CA
16910,11/10/2013,Whole Foods,-33.03,CA
16910,11/11/2013,Athletic Apparel,-28.56,CA
16910,11/11/2013,Lyft,-24.16,CA
16910,11/11/2013,GNC,-77.63,CA
16910,11/11/2013,NBA Ticket - Lakers,-9.23,CA
16910,11/11/2013,GNC,-12.33,CA
16910,11/11/2013,Sam's Sporting Apparel,-10.35,CA
16910,11/11/2013,GNC,-5.87,CA
16910,11/11/2013,Ralph's Grocery Store,-106.18,CA
16910,11/11/2013,Taxi,-17.66,CA
16910,11/11/2013,Amazon Order - Athletic Equipment,-33.88,CA
16910,11/12/2013,GNC,-42.3,CA
16910,11/12/2013,Ralph's Grocery Store,-91.9,CA
16910,11/12/2013,NFL Ticket - Chargers,-0.1,CA
16910,11/13/2013,Vitamin Shoppe,-37.09,CA
16910,11/13/2013,Total Gym Fees,-0.79,CA
16910,11/13/2013,Lyft,-35.73,CA
16910,11/14/2013,Restaurant - Steakhouse,-31.58,CA
16910,11/15/2013,Public Transportation - Bus Pass,-6.39,CA
16910,11/15/2013,Restaurant - Steakhouse,-37.04,CA
16910,11/15/2013,Lyft,-28.99,CA
16910,11/15/2013,Lyft,-22.79,CA
16910,11/15/2013,Sam's Sporting Apparel,-4.41,CA
16910,11/15/2013,Dick's Sporting Goods,-8.64,CA
16910,11/16/2013,Food Delivery - GrubHub,-21.89,CA
16910,11/17/2013,Vitamin Shoppe,-33.38,CA
16910,11/18/2013,Total Gym Fees,-6.74,CA
16910,11/19/2013,Bike Rental,-14.24,CA
16910,11/20/2013,Uber,-94.84,CA
16910,11/20/2013,NBA Ticket - Lakers,-88.64,CA
16910,11/20/2013,Restaurant - Chinese,-94.46,CA
16910,11/20/2013,Sam's Sporting Apparel,-18.76,CA
16910,11/20/2013,Taxi,-7.11,CA
16910,11/21/2013,Vitamin Shoppe,-21.41,CA
16910,11/22/2013,Public Transportation - Bus Pass,-112.04,CA
16910,11/23/2013,Dick's Sporting Goods,-14.08,CA
16910,11/24/2013,Athletic Apparel,-23.24,CA
16910,11/24/2013,Public Transportation - Bus Pass,-86.13,CA
16910,11/24/2013,Bike Rental,-62.88,CA
16910,11/25/2013,Sam's Sporting Apparel,-11.4,CA
16910,11/25/2013,Vitamin Shoppe,-20.36,CA
16910,11/25/2013,Public Transportation - Bus Pass,-54.86,CA
16910,11/26/2013,NFL Ticket - Chargers,-78.12,CA
16910,11/26/2013,Public Transportation - Train Pass,-17.64,CA
16910,11/26/2013,Vitamin Shoppe,-15.24,CA
16910,11/27/2013,Public Transportation - Bus Pass,-12,CA
16910,11/28/2013,Restaurant - Chinese,-13.5,CA
16910,11/28/2013,Amazon Order - Athletic Equipment,-8.49,CA
16910,11/29/2013,Sam's Sporting Apparel,-2.23,CA
16910,11/29/2013,Bike Rental,-25.88,CA
16910,11/29/2013,Total Gym Fees,-1.54,CA
16910,11/29/2013,Bike Rental,-29.68,CA
16910,11/29/2013,Von's Groceries,-119.23,CA
16910,11/29/2013,Sam's Sporting Apparel,-7.94,CA
16910,11/29/2013,Athletic Apparel,-13.35,CA
16910,11/29/2013,Restaurant - Pizza,-54.72,CA
16910,11/29/2013,Lyft,-19.04,CA
16910,11/29/2013,Food Delivery - GrubHub,-22.75,CA
16910,11/29/2013,Vitamin Shoppe,-58.69,CA
16910,11/29/2013,NFL Ticket - Chargers,-34.49,CA
16910,11/29/2013,Public Transportation - Bus Pass,-0.22,CA
16910,11/29/2013,Amazon Order - Athletic Equipment,-14.01,CA
16910,11/29/2013,Vitamin Shoppe,-62.2,CA
16910,11/29/2013,Dick's Sporting Goods,-24.4,CA
16910,11/30/2013,Dick's Sporting Goods,-29.8,CA
16910,11/30/2013,Taxi,-32.78,CA
16910,12/2/2013,Paycheck,4219,CA
16910,12/2/2013,Housing Rent,-984,CA
16910,12/2/2013,Credit Card Payment,-154,CA
16910,12/2/2013,Public Transportation - Bus Pass,-39.11,CA
16910,12/2/2013,Ralph's Grocery Store,-24.37,CA
16910,12/2/2013,NBA Ticket - Lakers,-26.97,CA
16910,12/2/2013,Restaurant - Chinese,-14.21,CA
16910,12/2/2013,Restaurant - Burgers,-27.41,CA
16910,12/2/2013,Total Gym Fees,-29.89,CA
16910,12/2/2013,Sam's Sporting Apparel,-7.55,CA
16910,12/3/2013,Athletic Apparel,-28.49,CA
16910,12/3/2013,Dick's Sporting Goods,-42.41,CA
16910,12/3/2013,Dick's Sporting Goods,-8.34,CA
16910,12/3/2013,NBA Ticket - Lakers,-18.27,CA
16910,12/3/2013,NBA Ticket - Lakers,-27.34,CA
16910,12/3/2013,Dick's Sporting Goods,-38.97,CA
16910,12/3/2013,Uber,-0.2,CA
16910,12/4/2013,Uber,-3.04,CA
16910,12/4/2013,Public Transportation - Train Pass,-36.6,CA
16910,12/5/2013,Uber,-9.05,CA
16910,12/5/2013,NFL Ticket - Chargers,-14.83,CA
16910,12/5/2013,Bike Rental,-2.72,CA
16910,12/6/2013,NFL Ticket - Chargers,-13.81,CA
16910,12/6/2013,NFL Ticket - Chargers,-105.24,CA
16910,12/6/2013,Amazon Order - Athletic Equipment,-24.08,CA
16910,12/7/2013,Dick's Sporting Goods,-117.32,CA
16910,12/7/2013,Public Transportation - Train Pass,-10.86,CA
16910,12/8/2013,Food Delivery - GrubHub,-8.33,CA
16910,12/8/2013,Von's Groceries,-34.73,CA
16910,12/9/2013,Sam's Sporting Apparel,-12.27,CA
16910,12/9/2013,Vitamin Shoppe,-15.74,CA
16910,12/9/2013,Sam's Sporting Apparel,-5.44,CA
16910,12/9/2013,Sam's Sporting Apparel,-5.34,CA
16910,12/9/2013,Whole Foods,-6.58,CA
16910,12/9/2013,Von's Groceries,-4.08,CA
16910,12/9/2013,Sam's Sporting Apparel,-2.94,CA
16910,12/10/2013,Bike Rental,-102.46,CA
16910,12/10/2013,Vitamin Shoppe,-40.62,CA
16910,12/11/2013,Starbucks Coffee,-18.29,CA
16910,12/11/2013,Bike Rental,-39.06,CA
16910,12/11/2013,Sam's Sporting Apparel,-32.71,CA
16910,12/11/2013,Total Gym Fees,-70.43,CA
16910,12/11/2013,Sam's Sporting Apparel,-22.39,CA
16910,12/11/2013,Lyft,-38.58,CA
16910,12/11/2013,Whole Foods,-67.33,CA
16910,12/11/2013,Restaurant - Chinese,-12.59,CA
16910,12/11/2013,Amazon Order - Athletic Equipment,-84.63,CA
16910,12/11/2013,Sam's Sporting Apparel,-116.64,CA
16910,12/11/2013,Bike Rental,-2.53,CA
16910,12/11/2013,Vitamin Shoppe,-0.7,CA
16910,12/11/2013,Sam's Sporting Apparel,-90.4,CA
16910,12/11/2013,Lyft,-11.22,CA
16910,12/11/2013,Athletic Apparel,-30.93,CA
16910,12/12/2013,Total Gym Fees,-27.31,CA
16910,12/12/2013,NFL Ticket - Chargers,-100.91,CA
16910,12/12/2013,Sam's Sporting Apparel,-24.62,CA
16910,12/13/2013,Sam's Sporting Apparel,-9.9,CA
16910,12/14/2013,NBA Ticket - Lakers,-52.38,CA
16910,12/14/2013,NFL Ticket - Chargers,-14.35,CA
16910,12/15/2013,NFL Ticket - Chargers,-1.7,CA
16910,12/15/2013,Restaurant - Steakhouse,-89.86,CA
16910,12/15/2013,NFL Ticket - Chargers,-10.66,CA
16910,12/16/2013,Vitamin Shoppe,-2.64,CA
16910,12/16/2013,NBA Ticket - Lakers,-12,CA
16910,12/16/2013,Athletic Apparel,-32.98,CA
16910,12/16/2013,GNC,-17.94,CA
16910,12/16/2013,Lyft,-0.13,CA
16910,12/16/2013,Restaurant - Burgers,-13.05,CA
16910,12/16/2013,NFL Ticket - Chargers,-79.08,CA
16910,12/16/2013,Food Delivery - GrubHub,-117.79,CA
16910,12/17/2013,Lyft,-87.03,CA
16910,12/17/2013,NBA Ticket - Lakers,-107.1,CA
16910,12/17/2013,NFL Ticket - Chargers,-100.16,CA
16910,12/18/2013,NFL Ticket - Chargers,-7.09,CA
16910,12/18/2013,GNC,-6.51,CA
16910,12/18/2013,Lyft,-21.8,CA
16910,12/18/2013,NBA Ticket - Lakers,-81.83,CA
16910,12/18/2013,Total Gym Fees,-28.8,CA
16910,12/18/2013,Amazon Order - Athletic Equipment,-18.12,CA
16910,12/19/2013,GNC,-32.27,CA
16910,12/19/2013,Dick's Sporting Goods,-6.77,CA
16910,12/19/2013,Uber,-91.76,CA
16910,12/19/2013,Dick's Sporting Goods,-77.02,CA
16910,12/19/2013,Public Transportation - Bus Pass,-41.28,CA
16910,12/19/2013,Dick's Sporting Goods,-10.11,CA
16910,12/19/2013,Vitamin Shoppe,-19.8,CA
16910,12/19/2013,Bike Rental,-32.13,CA
16910,12/19/2013,GNC,-67.88,CA
16910,12/20/2013,GNC,-37.99,CA
16910,12/21/2013,Total Gym Fees,-36.44,CA
16910,12/21/2013,Dick's Sporting Goods,-25.83,CA
16910,12/21/2013,Total Gym Fees,-105.43,CA
16910,12/21/2013,Total Gym Fees,-4.87,CA
16910,12/22/2013,Food Delivery - GrubHub,-4.19,CA
16910,12/23/2013,NFL Ticket - Chargers,-16.89,CA
16910,12/24/2013,Dick's Sporting Goods,-96.76,CA
16910,12/24/2013,Amazon Order - Athletic Equipment,-8.54,CA
16910,12/25/2013,Dick's Sporting Goods,-7.28,CA
16910,12/25/2013,Taxi,-8.92,CA
16910,12/26/2013,Sam's Sporting Apparel,-4.72,CA
16910,12/26/2013,Starbucks Coffee,-32.8,CA
16910,12/26/2013,Public Transportation - Bus Pass,-32.67,CA
16910,12/26/2013,Athletic Apparel,-12.27,CA
16910,12/26/2013,Taxi,-36.9,CA
16910,12/27/2013,GNC,-9.6,CA
16910,12/27/2013,Total Gym Fees,-10.85,CA
16910,12/27/2013,Vitamin Shoppe,-21.79,CA
16910,12/28/2013,NBA Ticket - Lakers,-30.29,CA
16910,12/28/2013,Bike Rental,-13.27,CA
16910,12/28/2013,NFL Ticket - Chargers,-25.84,CA
16910,12/28/2013,Restaurant - Burgers,-12.17,CA
16910,12/28/2013,Restaurant - Burgers,-27.81,CA
16910,12/28/2013,Athletic Apparel,-32.23,CA
16910,12/29/2013,Total Gym Fees,-6.25,CA
16910,12/29/2013,Vitamin Shoppe,-31.16,CA
16910,12/29/2013,Von's Groceries,-32.85,CA
16910,12/29/2013,Bike Rental,-39.97,CA
16910,12/29/2013,Vitamin Shoppe,-33.2,CA
16910,12/29/2013,Total Gym Fees,-103.91,CA
16910,12/29/2013,NBA Ticket - Lakers,-12.6,CA
16910,12/29/2013,Restaurant - Steakhouse,-23.96,CA
16910,12/30/2013,Food Delivery - GrubHub,-7.4,CA
16910,12/32/2013,Restaurant - Chinese,-32.49,CA
16910,12/32/2013,Amazon Order - Athletic Equipment,-15.77,CA
16910,1/2/2014,Sam's Sporting Apparel,-28.52,CA
16910,1/2/2014,Lyft,-43.63,CA
16910,1/2/2014,NFL Ticket - Chargers,-8.65,CA
16910,1/2/2014,Amazon Order - Athletic Equipment,-36.81,CA
16910,1/2/2014,NBA Ticket - Lakers,-89.38,CA
16910,1/3/2014,Public Transportation - Bus Pass,-15.28,CA
16910,1/3/2014,Restaurant - Steakhouse,-24.63,CA
16910,1/4/2014,Restaurant - Chinese,-16.32,CA
16910,1/4/2014,Dick's Sporting Goods,-11.96,CA
16910,1/4/2014,Bike Rental,-5.23,CA
16910,1/4/2014,Ralph's Grocery Store,-114.57,CA
16910,1/4/2014,Public Transportation - Bus Pass,-24.85,CA
16910,1/4/2014,Vitamin Shoppe,-16.26,CA
16910,1/4/2014,Ralph's Grocery Store,-23.24,CA
16910,1/4/2014,NBA Ticket - Lakers,-13.95,CA
16910,1/4/2014,Uber,-34.65,CA
16910,1/4/2014,Bike Rental,-30.47,CA
16910,1/4/2014,Dick's Sporting Goods,-31.92,CA
16910,1/4/2014,NFL Ticket - Chargers,-11.31,CA
16910,1/4/2014,NFL Ticket - Chargers,-10.43,CA
16910,1/4/2014,NBA Ticket - Lakers,-34.48,CA
16910,1/4/2014,Dick's Sporting Goods,-2.86,CA
16910,1/5/2014,Amazon Order - Athletic Equipment,-13.13,CA
16910,1/5/2014,Uber,-4.86,CA
16910,1/6/2014,Restaurant - Chinese,-25.83,CA
16910,1/6/2014,Sam's Sporting Apparel,-0.96,CA
16910,1/6/2014,Amazon Order - Athletic Equipment,-17.05,CA
16910,1/6/2014,Bike Rental,-15.83,CA
16910,1/6/2014,Bike Rental,-25.41,CA
16910,1/6/2014,Athletic Apparel,-60.6,CA
16910,1/6/2014,Public Transportation - Train Pass,-4.38,CA
16910,1/7/2014,Public Transportation - Train Pass,-94.88,CA
16910,1/8/2014,Bike Rental,-4.75,CA
16910,1/8/2014,Public Transportation - Train Pass,-11.56,CA
16910,1/8/2014,Restaurant - Burgers,-35.85,CA
16910,1/8/2014,Amazon Order - Athletic Equipment,-6.9,CA
16910,1/8/2014,Taxi,-105.23,CA
16910,1/8/2014,Uber,-21.84,CA
16910,1/9/2014,Sam's Sporting Apparel,-38.49,CA
16910,1/10/2014,Amazon Order - Athletic Equipment,-22.27,CA
16910,1/11/2014,Vitamin Shoppe,-12.94,CA
16910,1/12/2014,Mark's Movers,-20.57,CA
16910,1/12/2014,FedEx Shipping,-39.81,CA
16910,1/12/2014,Jerome's Furniture,-18.01,CA
16910,1/12/2014,Home Depot,-36.6,CA
16910,1/12/2014,Refrigerator Depot,-31.99,CA
16910,1/12/2014,Hamilton Move & Storage,-16.57,CA
16910,1/13/2014,Public Transportation - Bus Pass,-35.64,CA
16910,1/13/2014,Bike Rental,-36.42,CA
16910,1/13/2014,Sam's Sporting Apparel,-34.9,CA
16910,1/13/2014,Dick's Sporting Goods,-21.73,CA
16910,1/13/2014,Total Gym Fees,-11.3,CA
16910,1/13/2014,Dick's Sporting Goods,-1.54,CA
16910,1/13/2014,Public Transportation - Bus Pass,-12.47,CA
16910,1/13/2014,GNC,-30.9,CA
16910,1/14/2014,Von's Groceries,-5.07,CA
16910,1/15/2014,Restaurant - Steakhouse,-84.41,CA
16910,1/15/2014,NBA Ticket - Lakers,-37.44,CA
16910,1/15/2014,Restaurant - Pizza,-26.45,CA
16910,1/15/2014,Sam's Sporting Apparel,-33.3,CA
16910,1/16/2014,Sprouts Market,-10.82,CA
16910,1/16/2014,NFL Ticket - Chargers,-32.41,CA
16910,1/16/2014,Vitamin Shoppe,-34.8,CA
16910,1/16/2014,NBA Ticket - Lakers,-35.25,CA
16910,1/16/2014,Restaurant - Pizza,-20.39,CA
16910,1/16/2014,Bike Rental,-26.1,CA
16910,1/17/2014,Total Gym Fees,-27.23,CA
16910,1/17/2014,Sprouts Market,-31.94,CA
16910,1/17/2014,Public Transportation - Train Pass,-47.48,CA
16910,1/17/2014,Total Gym Fees,-37.16,CA
16910,1/17/2014,Public Transportation - Train Pass,-26.04,CA
16910,1/17/2014,NBA Ticket - Lakers,-66.43,CA
16910,1/17/2014,NBA Ticket - Lakers,-1.55,CA
16910,1/18/2014,GNC,-17.21,CA
16910,1/18/2014,Public Transportation - Bus Pass,-39.89,CA
16910,1/18/2014,Uber,-23.11,CA
16910,1/19/2014,Sam's Sporting Apparel,-15.54,CA
16910,1/20/2014,Sam's Sporting Apparel,-113.12,CA
16910,1/21/2014,Public Transportation - Train Pass,-82.99,CA
16910,1/22/2014,NBA Ticket - Lakers,-24.41,CA
16910,1/23/2014,Uber,-11.33,CA
16910,1/23/2014,Athletic Apparel,-22.41,CA
16910,1/23/2014,Sam's Sporting Apparel,-1.64,CA
16910,1/23/2014,GNC,-22.34,CA
16910,1/24/2014,Dick's Sporting Goods,-14.66,CA
16910,1/24/2014,Restaurant - Chinese,-84.58,CA
16910,1/25/2014,Ralph's Grocery Store,-32.38,CA
16910,1/25/2014,NFL Ticket - Chargers,-5.08,CA
16910,1/25/2014,Bike Rental,-33.32,CA
16910,1/25/2014,NBA Ticket - Lakers,-96.76,CA
16910,1/26/2014,Bike Rental,-10.52,CA
16910,1/26/2014,Dick's Sporting Goods,-36.52,CA
16910,1/26/2014,Total Gym Fees,-39.17,CA
16910,1/26/2014,Uber,-19.87,CA
16910,1/26/2014,GNC,-5.83,CA
16910,1/26/2014,NFL Ticket - Chargers,-8.64,CA
16910,1/27/2014,GNC,-17.25,CA
16910,1/28/2014,Uber,-34.94,CA
16910,1/28/2014,Lyft,-83.87,CA
16910,1/28/2014,Athletic Apparel,-18.81,CA
16910,1/29/2014,Athletic Apparel,-7.57,CA
16910,1/29/2014,Starbucks Coffee,-13.13,CA
16910,1/29/2014,Amazon Order - Athletic Equipment,-47.71,CA
16910,1/29/2014,Restaurant - Burgers,-32.68,CA
16910,1/29/2014,NFL Ticket - Chargers,-4.29,CA
16910,1/29/2014,Bike Rental,-29.58,CA
16910,1/29/2014,NFL Ticket - Chargers,-26.14,CA
16910,1/29/2014,Taxi,-30.9,CA
16910,1/29/2014,Food Delivery - GrubHub,-8.01,CA
16910,1/29/2014,Sam's Sporting Apparel,-48.33,CA
16910,1/29/2014,Public Transportation - Bus Pass,-18.5,CA
16910,1/30/2014,Lyft,-11.3,CA
16910,1/30/2014,Sam's Sporting Apparel,-16.2,CA
16910,3/2/2014,Paycheck,4219,CA
16910,3/2/2014,Housing Rent,-951,CA
16910,3/2/2014,Credit Card Payment,-154,CA
16910,3/2/2014,NBA Ticket - Lakers,-31.45,CA
16910,3/2/2014,NBA Ticket - Lakers,-38.29,CA
16910,3/3/2014,Restaurant - Burgers,-19.68,CA
16910,3/3/2014,Public Transportation - Bus Pass,-7.37,CA
16910,3/3/2014,Vitamin Shoppe,-0.7,CA
16910,3/4/2014,Bike Rental,-32.66,CA
16910,3/5/2014,Taxi,-1.66,CA
16910,3/6/2014,Bike Rental,-76.38,CA
16910,3/6/2014,NFL Ticket - Chargers,-21.75,CA
16910,3/6/2014,Total Gym Fees,-100.77,CA
16910,3/7/2014,Dick's Sporting Goods,-34.57,CA
16910,3/8/2014,Lyft,-102.61,CA
16910,3/9/2014,Bike Rental,-24.52,CA
16910,3/9/2014,Von's Groceries,-95.29,CA
16910,3/9/2014,Public Transportation - Bus Pass,-31.07,CA
16910,3/9/2014,Total Gym Fees,-20.65,CA
16910,3/10/2014,Bike Rental,-19.99,CA
16910,3/10/2014,NBA Ticket - Lakers,-34.62,CA
16910,3/11/2014,NFL Ticket - Chargers,-8.21,CA
16910,3/11/2014,Lyft,-27.21,CA
16910,3/12/2014,NFL Ticket - Chargers,-7.95,CA
16910,3/12/2014,Total Gym Fees,-78.23,CA
16910,3/13/2014,Bike Rental,-96.88,CA
16910,3/13/2014,Whole Foods,-16.38,CA
16910,3/13/2014,NFL Ticket - Chargers,-9.11,CA
16910,3/13/2014,Restaurant - Pizza,-60.84,CA
16910,3/13/2014,Bike Rental,-3.01,CA
16910,3/13/2014,Amazon Order - Athletic Equipment,-36.19,CA
16910,3/14/2014,Amazon Order - Baby Crib,-38.62,CA
16910,3/14/2014,Hospital - Prenatal Care,-30.99,CA
16910,3/14/2014,Babies "R" Us,-22.36,CA
16910,3/14/2014,BuyBuyBaby.com,-27.39,CA
16910,3/15/2014,Sam's Sporting Apparel,-6.04,CA
16910,3/15/2014,Athletic Apparel,-13.8,CA
16910,3/15/2014,GNC,-5.92,CA
16910,3/16/2014,Vitamin Shoppe,-5.67,CA
16910,3/16/2014,NBA Ticket - Lakers,-24.6,CA
16910,3/16/2014,Dick's Sporting Goods,-2.48,CA
16910,3/17/2014,Amazon Order - Athletic Equipment,-14.15,CA
16910,3/17/2014,Total Gym Fees,-19.32,CA
16910,3/18/2014,Uber,-38.36,CA
16910,3/19/2014,GNC,-7.03,CA
16910,3/19/2014,Sam's Sporting Apparel,-19.67,CA
16910,3/19/2014,Bike Rental,-65.35,CA
16910,3/19/2014,Lyft,-7.76,CA
16910,3/19/2014,Restaurant - Pizza,-29.3,CA
16910,3/20/2014,Vitamin Shoppe,-4.15,CA
16910,3/20/2014,Uber,-103.33,CA
16910,3/21/2014,Sam's Sporting Apparel,-34.44,CA
16910,3/21/2014,GNC,-29.83,CA
16910,3/22/2014,Uber,-27.38,CA
16910,3/22/2014,NBA Ticket - Lakers,-40.23,CA
16910,3/23/2014,Vitamin Shoppe,-17.08,CA
16910,3/24/2014,GNC,-13.93,CA
16910,3/24/2014,Von's Groceries,-10.83,CA
16910,3/24/2014,Amazon Order - Athletic Equipment,-30.31,CA
16910,3/24/2014,Sam's Sporting Apparel,-82.01,CA
16910,3/24/2014,NBA Ticket - Lakers,-30.43,CA
16910,3/25/2014,Public Transportation - Train Pass,-27.23,CA
16910,3/25/2014,Dick's Sporting Goods,-23.6,CA
16910,3/26/2014,Athletic Apparel,-77.02,CA
16910,3/27/2014,NFL Ticket - Chargers,-28.56,CA
16910,3/28/2014,Uber,-20.58,CA
16910,3/28/2014,Vitamin Shoppe,-31.59,CA
16910,3/28/2014,Amazon Order - Athletic Equipment,-90.8,CA
16910,3/28/2014,Amazon Order - Athletic Equipment,-29.99,CA
16910,3/28/2014,Vitamin Shoppe,-100.9,CA
16910,3/28/2014,Lyft,-18.78,CA
16910,3/29/2014,Public Transportation - Train Pass,-23.66,CA
16910,3/30/2014,Vitamin Shoppe,-13.71,CA
16910,3/30/2014,NFL Ticket - Chargers,-3.83,CA
16910,3/30/2014,Uber,-5.58,CA
16910,4/2/2014,Paycheck,4219,CA
16910,4/2/2014,Housing Rent,-1121,CA
16910,4/2/2014,Credit Card Payment,-154,CA
16910,4/2/2014,NFL Ticket - Chargers,-4.37,CA
16910,4/3/2014,Restaurant - Chinese,-2.82,CA
16910,4/4/2014,Sprouts Market,-16.92,CA
16910,4/4/2014,Vitamin Shoppe,-39.82,CA
16910,4/4/2014,Athletic Apparel,-117.08,CA
16910,4/4/2014,NFL Ticket - Chargers,-32.72,CA
16910,4/4/2014,Taxi,-43.46,CA
16910,4/5/2014,GNC,-2.15,CA
16910,4/5/2014,Public Transportation - Bus Pass,-4.01,CA
16910,4/5/2014,Amazon Order - Athletic Equipment,-24.51,CA
16910,4/5/2014,Whole Foods,-101.7,CA
16910,4/5/2014,Dick's Sporting Goods,-7.03,CA
16910,4/6/2014,Sprouts Market,-36.56,CA
16910,4/6/2014,Uber,-15.86,CA
16910,4/7/2014,Amazon Order - Athletic Equipment,-16.24,CA
16910,4/8/2014,Bike Rental,-18.3,CA
16910,4/8/2014,Uber,-21.91,CA
16910,4/8/2014,Sam's Sporting Apparel,-36.43,CA
16910,4/8/2014,Uber,-1.68,CA
16910,4/9/2014,Total Gym Fees,-41.17,CA
16910,4/10/2014,Public Transportation - Bus Pass,-13.32,CA
16910,4/11/2014,Taxi,-30.16,CA
16910,4/11/2014,GNC,-12.72,CA
16910,4/11/2014,Public Transportation - Bus Pass,-32.92,CA
16910,4/11/2014,NBA Ticket - Lakers,-11.27,CA
16910,4/11/2014,Amazon Order - Athletic Equipment,-53.78,CA
16910,4/12/2014,Whole Foods,-3.38,CA
16910,4/13/2014,Sam's Sporting Apparel,-16.08,CA
16910,4/14/2014,Restaurant - Burgers,-9.36,CA
16910,4/15/2014,GNC,-17.14,CA
16910,4/15/2014,Sam's Sporting Apparel,-25.51,CA
16910,4/15/2014,Starbucks Coffee,-32.35,CA
16910,4/16/2014,Lyft,-109.35,CA
16910,4/16/2014,Total Gym Fees,-70.61,CA
16910,4/17/2014,Bike Rental,-102.47,CA
16910,4/18/2014,Uber,-11.25,CA
16910,4/19/2014,NBA Ticket - Lakers,-8.95,CA
16910,4/19/2014,Amazon Order - Athletic Equipment,-39.86,CA
16910,4/19/2014,NFL Ticket - Chargers,-14.99,CA
16910,4/20/2014,GNC,-8.46,CA
16910,4/21/2014,Bike Rental,-30.69,CA
16910,4/21/2014,Dick's Sporting Goods,-30.26,CA
16910,4/21/2014,NFL Ticket - Chargers,-32.22,CA
16910,4/21/2014,Sam's Sporting Apparel,-37.92,CA
16910,4/22/2014,Amazon Order - Athletic Equipment,-19.62,CA
16910,4/22/2014,Starbucks Coffee,-24.81,CA
16910,4/22/2014,Lyft,-33.17,CA
16910,4/22/2014,Dick's Sporting Goods,-2.26,CA
16910,4/22/2014,Restaurant - Burgers,-4.61,CA
16910,4/22/2014,Vitamin Shoppe,-27.18,CA
16910,4/22/2014,Total Gym Fees,-14.54,CA
16910,4/22/2014,Whole Foods,-13.53,CA
16910,4/23/2014,GNC,-18.73,CA
16910,4/23/2014,Public Transportation - Train Pass,-29.36,CA
16910,4/23/2014,GNC,-2.15,CA
16910,4/24/2014,Vitamin Shoppe,-24.09,CA
16910,4/24/2014,Public Transportation - Train Pass,-76.59,CA
16910,4/24/2014,NFL Ticket - Chargers,-33.42,CA
16910,4/24/2014,Sam's Sporting Apparel,-0.36,CA
16910,4/24/2014,Vitamin Shoppe,-28.8,CA
16910,4/24/2014,Taxi,-22.85,CA
16910,4/25/2014,GNC,-27.12,CA
16910,4/25/2014,Public Transportation - Train Pass,-32.87,CA
16910,4/25/2014,Sam's Sporting Apparel,-13.28,CA
16910,4/26/2014,Dick's Sporting Goods,-19.5,CA
16910,4/26/2014,Dick's Sporting Goods,-35.36,CA
16910,4/26/2014,Bike Rental,-8.15,CA
16910,4/26/2014,Ralph's Grocery Store,-13.94,CA
16910,4/26/2014,Whole Foods,-10.89,CA
16910,4/26/2014,Public Transportation - Bus Pass,-39.1,CA
16910,4/27/2014,Dick's Sporting Goods,-20.66,CA
16910,4/28/2014,Sprouts Market,-24.75,CA
16910,4/28/2014,GNC,-57.64,CA
16910,4/29/2014,Amazon Order - Athletic Equipment,-38.32,CA
16910,4/29/2014,Dick's Sporting Goods,-35.19,CA
16910,4/29/2014,Amazon Order - Athletic Equipment,-25.54,CA
16910,4/29/2014,Dick's Sporting Goods,-33.68,CA
16910,4/30/2014,Vitamin Shoppe,-38.17,CA
16910,5/2/2014,Paycheck,4219,CA
16910,5/2/2014,Housing Rent,-1073,CA
16910,5/2/2014,Credit Card Payment,-154,CA
16910,5/2/2014,Dick's Sporting Goods,-22.47,CA
16910,5/2/2014,Public Transportation - Train Pass,-17,CA
16910,5/3/2014,GNC,-13.54,CA
16910,5/3/2014,Restaurant - Steakhouse,-32.15,CA
16910,5/3/2014,Amazon Order - Athletic Equipment,-32.62,CA
16910,5/4/2014,NBA Ticket - Lakers,-20.7,CA
16910,5/4/2014,Total Gym Fees,-17.4,CA
16910,5/4/2014,Bike Rental,-21.42,CA
16910,5/4/2014,Dick's Sporting Goods,-15.27,CA
16910,5/4/2014,NBA Ticket - Lakers,-103.48,CA
16910,5/4/2014,Sam's Sporting Apparel,-3.54,CA
16910,5/4/2014,Bike Rental,-1.69,CA
16910,5/5/2014,Public Transportation - Train Pass,-33.14,CA
16910,5/5/2014,Amazon Order - Athletic Equipment,-27,CA
16910,5/6/2014,Bike Rental,-119.18,CA
16910,5/7/2014,GNC,-32.92,CA
16910,5/7/2014,Lyft,-10.29,CA
16910,5/7/2014,Uber,-2.68,CA
16910,5/7/2014,Restaurant - Steakhouse,-1.25,CA
16910,5/7/2014,Total Gym Fees,-28.88,CA
16910,5/8/2014,Sprouts Market,-0.48,CA
16910,5/8/2014,Sam's Sporting Apparel,-21.77,CA
16910,5/8/2014,Restaurant - Pizza,-18.54,CA
16910,5/8/2014,Public Transportation - Train Pass,-25.04,CA
16910,5/9/2014,Vitamin Shoppe,-1.19,CA
16910,5/9/2014,Bike Rental,-30.76,CA
16910,5/9/2014,Whole Foods,-31.43,CA
16910,5/9/2014,Public Transportation - Train Pass,-18.41,CA
16910,5/9/2014,Restaurant - Chinese,-3.4,CA
16910,5/9/2014,Vitamin Shoppe,-0.48,CA
16910,5/10/2014,Restaurant - Chinese,-1.17,CA
16910,5/11/2014,Taxi,-4.8,CA
16910,5/12/2014,GNC,-6.96,CA
16910,5/13/2014,Public Transportation - Train Pass,-19.04,CA
16910,5/14/2014,Von's Groceries,-28.59,CA
16910,5/15/2014,Restaurant - Chinese,-16.6,CA
16910,5/16/2014,Total Gym Fees,-62.05,CA
16910,5/17/2014,Athletic Apparel,-1.62,CA
16910,5/17/2014,Uber,-16.29,CA
16910,5/17/2014,Vitamin Shoppe,-16.68,CA
16910,5/17/2014,Public Transportation - Bus Pass,-31.75,CA
16910,5/17/2014,Sam's Sporting Apparel,-42.85,CA
16910,5/18/2014,Dick's Sporting Goods,-12.12,CA
16910,5/18/2014,Von's Groceries,-24.03,CA
16910,5/18/2014,Public Transportation - Train Pass,-0.34,CA
16910,5/18/2014,Bike Rental,-24.32,CA
16910,5/18/2014,GNC,-36.8,CA
16910,5/18/2014,Dick's Sporting Goods,-16.79,CA
16910,5/19/2014,Public Transportation - Train Pass,-29.51,CA
16910,5/19/2014,Athletic Apparel,-35.88,CA
16910,5/19/2014,Vitamin Shoppe,-35.9,CA
16910,5/19/2014,Total Gym Fees,-6.45,CA
16910,5/19/2014,Public Transportation - Bus Pass,-36.15,CA
16910,5/20/2014,Total Gym Fees,-16.62,CA
16910,5/20/2014,Public Transportation - Train Pass,-29.26,CA
16910,5/21/2014,Sam's Sporting Apparel,-29.42,CA
16910,5/21/2014,Total Gym Fees,-88.61,CA
16910,5/21/2014,Total Gym Fees,-23.65,CA
16910,5/22/2014,Taxi,-34.57,CA
16910,5/23/2014,Public Transportation - Train Pass,-35.61,CA
16910,5/23/2014,Restaurant - Chinese,-22.77,CA
16910,5/23/2014,Whole Foods,-16.6,CA
16910,5/23/2014,Vitamin Shoppe,-5.8,CA
16910,5/23/2014,NFL Ticket - Chargers,-42.32,CA
16910,5/23/2014,Restaurant - Burgers,-39.68,CA
16910,5/23/2014,Athletic Apparel,-0.32,CA
16910,5/23/2014,Sam's Sporting Apparel,-39.36,CA
16910,5/23/2014,Amazon Order - Athletic Equipment,-34.67,CA
16910,5/23/2014,Total Gym Fees,-20.14,CA
16910,5/24/2014,Taxi,-111.14,CA
16910,5/25/2014,Bike Rental,-6.78,CA
16910,5/25/2014,Whole Foods,-28.03,CA
16910,5/25/2014,GNC,-63.49,CA
16910,5/25/2014,NFL Ticket - Chargers,-28.27,CA
16910,5/25/2014,Athletic Apparel,-30.26,CA
16910,5/26/2014,Athletic Apparel,-26.63,CA
16910,5/27/2014,Restaurant - Chinese,-34.01,CA
16910,5/27/2014,Restaurant - Steakhouse,-24.78,CA
16910,5/27/2014,Ralph's Grocery Store,-34.89,CA
16910,5/27/2014,NBA Ticket - Lakers,-1.38,CA
16910,5/27/2014,Public Transportation - Bus Pass,-17.43,CA
16910,5/28/2014,NBA Ticket - Lakers,-31.44,CA
16910,5/29/2014,Whole Foods,-26.51,CA
16910,5/29/2014,Whole Foods,-21.62,CA
16910,5/29/2014,Bike Rental,-9.89,CA
16910,5/29/2014,Sam's Sporting Apparel,-3.09,CA
16910,5/29/2014,Food Delivery - GrubHub,-22.69,CA
16910,5/29/2014,Lyft,-31.32,CA
16910,5/29/2014,Uber,-53.31,CA
16910,5/29/2014,NBA Ticket - Lakers,-4.93,CA
16910,5/29/2014,Athletic Apparel,-34.63,CA
16910,5/29/2014,Lyft,-22.84,CA
16910,5/30/2014,Vitamin Shoppe,-22.85,CA
16910,6/2/2014,Paycheck,4219,CA
16910,6/2/2014,Housing Rent,-1225,CA
16910,6/2/2014,Credit Card Payment,-154,CA
16910,6/2/2014,Bike Rental,-54.86,CA
16910,6/3/2014,Ralph's Grocery Store,-11.78,CA
16910,6/3/2014,Vitamin Shoppe,-31.28,CA
16910,6/3/2014,Starbucks Coffee,-14.29,CA
16910,6/3/2014,Dick's Sporting Goods,-8.11,CA
16910,6/4/2014,Athletic Apparel,-116.06,CA
16910,6/5/2014,Bike Rental,-13.35,CA
16910,6/6/2014,Total Gym Fees,-9.07,CA
16910,6/6/2014,Lyft,-39.24,CA
16910,6/6/2014,Bike Rental,-73.54,CA
16910,6/6/2014,Total Gym Fees,-3.64,CA
16910,6/6/2014,Total Gym Fees,-18.72,CA
16910,6/7/2014,Athletic Apparel,-16.64,CA
16910,6/8/2014,Bike Rental,-16.85,CA
16910,6/8/2014,Sam's Sporting Apparel,-18.07,CA
16910,6/8/2014,Bike Rental,-18.41,CA
16910,6/8/2014,GNC,-16.77,CA
16910,6/9/2014,Amazon Order - Athletic Equipment,-32.39,CA
16910,6/9/2014,GNC,-20.82,CA
16910,6/9/2014,Sam's Sporting Apparel,-38.67,CA
16910,6/10/2014,Vitamin Shoppe,-5.13,CA
16910,6/10/2014,GNC,-16.6,CA
16910,6/10/2014,Sam's Sporting Apparel,-32.89,CA
16910,6/11/2014,Dick's Sporting Goods,-67.55,CA
16910,6/11/2014,Sam's Sporting Apparel,-35.74,CA
16910,6/11/2014,NFL Ticket - Chargers,-27.98,CA
16910,6/11/2014,NFL Ticket - Chargers,-32.36,CA
16910,6/12/2014,Dick's Sporting Goods,-76.5,CA
16910,6/12/2014,Dick's Sporting Goods,-39.95,CA
16910,6/12/2014,Lyft,-35.71,CA
16910,6/12/2014,Restaurant - Pizza,-39.21,CA
16910,6/12/2014,Whole Foods,-19.97,CA
16910,6/12/2014,Whole Foods,-5.37,CA
16910,6/12/2014,Athletic Apparel,-33,CA
16910,6/12/2014,GNC,-0.58,CA
16910,6/12/2014,Athletic Apparel,-9.98,CA
16910,6/12/2014,Taxi,-8.54,CA
16910,6/12/2014,NFL Ticket - Chargers,-28.46,CA
16910,6/12/2014,NFL Ticket - Chargers,-21.73,CA
16910,6/12/2014,Dick's Sporting Goods,-16.43,CA
16910,6/12/2014,Public Transportation - Train Pass,-28.96,CA
16910,6/12/2014,Lyft,-7.98,CA
16910,6/12/2014,Amazon Order - Athletic Equipment,-4.98,CA
16910,6/12/2014,Food Delivery - GrubHub,-16.15,CA
16910,6/13/2014,Dick's Sporting Goods,-26.39,CA
16910,6/14/2014,Total Gym Fees,-101.71,CA
16910,6/14/2014,Vitamin Shoppe,-24.56,CA
16910,6/15/2014,Sam's Sporting Apparel,-3.56,CA
16910,6/16/2014,Von's Groceries,-35.42,CA
16910,6/17/2014,Athletic Apparel,-39.36,CA
16910,6/17/2014,Ralph's Grocery Store,-16.86,CA
16910,6/18/2014,Athletic Apparel,-4.56,CA
16910,6/18/2014,Von's Groceries,-5.4,CA
16910,6/19/2014,Amazon Order - Athletic Equipment,-7.64,CA
16910,6/19/2014,Total Gym Fees,-59.11,CA
16910,6/20/2014,Starbucks Coffee,-17.67,CA
16910,6/20/2014,NFL Ticket - Chargers,-97.43,CA
16910,6/20/2014,Vitamin Shoppe,-28.95,CA
16910,6/20/2014,Vitamin Shoppe,-12.31,CA
16910,6/20/2014,Restaurant - Chinese,-83.53,CA
16910,6/20/2014,Lyft,-86.67,CA
16910,6/20/2014,Dick's Sporting Goods,-15.63,CA
16910,6/21/2014,Athletic Apparel,-12.28,CA
16910,6/21/2014,Restaurant - Chinese,-14.72,CA
16910,6/21/2014,Lyft,-28.3,CA
16910,6/21/2014,Amazon Order - Athletic Equipment,-21.26,CA
16910,6/22/2014,Von's Groceries,-75.85,CA
16910,6/23/2014,Restaurant - Burgers,-39.24,CA
16910,6/23/2014,Von's Groceries,-11.23,CA
16910,6/24/2014,NFL Ticket - Chargers,-95.49,CA
16910,6/25/2014,Amazon Order - Athletic Equipment,-94.85,CA
16910,6/26/2014,Taxi,-97.67,CA
16910,6/26/2014,NFL Ticket - Chargers,-46.34,CA
16910,6/27/2014,Vitamin Shoppe,-24.62,CA
16910,6/27/2014,Bike Rental,-38.1,CA
16910,6/28/2014,NFL Ticket - Chargers,-6.05,CA
16910,6/29/2014,GNC,-11.79,CA
16910,6/30/2014,Total Gym Fees,-13.24,CA
16910,6/30/2014,Taxi,-11.66,CA
16910,6/30/2014,Amazon Order - Athletic Equipment,-23.53,CA
16910,6/30/2014,NFL Ticket - Chargers,-14.08,CA
16910,7/2/2014,Paycheck,4219,CA
16910,7/2/2014,Housing Rent,-1251,CA
16910,7/2/2014,Credit Card Payment,-154,CA
16910,7/2/2014,Lyft,-60.47,CA
16910,7/3/2014,Lyft,-113.42,CA
16910,7/3/2014,NFL Ticket - Chargers,-31.06,CA
16910,7/3/2014,Bike Rental,-48.88,CA
16910,7/3/2014,Restaurant - Pizza,-18.3,CA
16910,7/4/2014,Bike Rental,-6.3,CA
16910,7/5/2014,Restaurant - Burgers,-28.28,CA
16910,7/5/2014,Public Transportation - Train Pass,-12.73,CA
16910,7/5/2014,Public Transportation - Train Pass,-4.94,CA
16910,7/5/2014,Amazon Order - Athletic Equipment,-9.19,CA
16910,7/5/2014,Food Delivery - GrubHub,-24.47,CA
16910,7/6/2014,Dick's Sporting Goods,-63.03,CA
16910,7/7/2014,Total Gym Fees,-17.66,CA
16910,7/8/2014,Dick's Sporting Goods,-117.1,CA
16910,7/8/2014,Bike Rental,-27.41,CA
16910,7/8/2014,Bike Rental,-22.88,CA
16910,7/8/2014,Dick's Sporting Goods,-28.54,CA
16910,7/8/2014,Total Gym Fees,-26.28,CA
16910,7/8/2014,Vitamin Shoppe,-19.92,CA
16910,7/9/2014,Athletic Apparel,-0.72,CA
16910,7/9/2014,Total Gym Fees,-31.51,CA
16910,7/10/2014,Amazon Order - Athletic Equipment,-5.7,CA
16910,7/10/2014,Athletic Apparel,-29.59,CA
16910,7/11/2014,Bike Rental,-36.14,CA
16910,7/11/2014,Food Delivery - GrubHub,-38.21,CA
16910,7/12/2014,Vitamin Shoppe,-2.29,CA
16910,7/13/2014,Total Gym Fees,-28.47,CA
16910,7/13/2014,Athletic Apparel,-29.33,CA
16910,7/13/2014,Lyft,-8.69,CA
16910,7/13/2014,Restaurant - Burgers,-12.9,CA
16910,7/13/2014,Von's Groceries,-34.86,CA
16910,7/14/2014,Sam's Sporting Apparel,-7.17,CA
16910,7/15/2014,Total Gym Fees,-3.27,CA
16910,7/15/2014,Public Transportation - Bus Pass,-24.73,CA
16910,7/15/2014,Bike Rental,-19.77,CA
16910,7/15/2014,Public Transportation - Bus Pass,-29.72,CA
16910,7/16/2014,Lyft,-4.86,CA
16910,7/16/2014,Bike Rental,-115.77,CA
16910,7/16/2014,Dick's Sporting Goods,-29.91,CA
16910,7/17/2014,Public Transportation - Train Pass,-10.68,CA
16910,7/18/2014,Food Delivery - GrubHub,-37.43,CA
16910,7/18/2014,Taxi,-8.42,CA
16910,7/18/2014,Von's Groceries,-7.61,CA
16910,7/18/2014,Dick's Sporting Goods,-21.49,CA
16910,7/19/2014,Athletic Apparel,-23.57,CA
16910,7/19/2014,Sprouts Market,-13.98,CA
16910,7/19/2014,Amazon Order - Athletic Equipment,-24.48,CA
16910,7/19/2014,Lyft,-22.12,CA
16910,7/19/2014,Whole Foods,-35.05,CA
16910,7/20/2014,Public Transportation - Train Pass,-20.81,CA
16910,7/20/2014,Lyft,-11.33,CA
16910,7/21/2014,Amazon Order - Athletic Equipment,-11.44,CA
16910,7/21/2014,Ralph's Grocery Store,-15.41,CA
16910,7/21/2014,Dick's Sporting Goods,-9.05,CA
16910,7/21/2014,Restaurant - Steakhouse,-19.52,CA
16910,7/22/2014,Athletic Apparel,-11.45,CA
16910,7/22/2014,Von's Groceries,-12.65,CA
16910,7/22/2014,NFL Ticket - Chargers,-54.06,CA
16910,7/22/2014,Athletic Apparel,-23.56,CA
16910,7/22/2014,Uber,-3.1,CA
16910,7/23/2014,Lyft,-56.1,CA
16910,7/23/2014,GNC,-6.51,CA
16910,7/23/2014,Total Gym Fees,-23.93,CA
16910,7/23/2014,Lyft,-35.19,CA
16910,7/23/2014,Dick's Sporting Goods,-22.62,CA
16910,7/24/2014,Sam's Sporting Apparel,-2.62,CA
16910,7/24/2014,Restaurant - Chinese,-15.4,CA
16910,7/24/2014,Von's Groceries,-38.09,CA
16910,7/24/2014,Uber,-27.18,CA
16910,7/24/2014,NFL Ticket - Chargers,-4.97,CA
16910,7/25/2014,Uber,-33.2,CA
16910,7/25/2014,NBA Ticket - Lakers,-112.73,CA
16910,7/26/2014,Sam's Sporting Apparel,-15.47,CA
16910,7/27/2014,Total Gym Fees,-4.01,CA
16910,7/27/2014,NBA Ticket - Lakers,-32.59,CA
16910,7/27/2014,Restaurant - Burgers,-23.48,CA
16910,7/27/2014,Amazon Order - Athletic Equipment,-30.49,CA
16910,7/27/2014,Uber,-9.74,CA
16910,7/27/2014,Public Transportation - Bus Pass,-20.15,CA
16910,7/28/2014,Vitamin Shoppe,-16.27,CA
16910,7/29/2014,Von's Groceries,-3.93,CA
16910,7/30/2014,Ralph's Grocery Store,-23.11,CA
16910,7/30/2014,Lyft,-29.69,CA
16910,7/30/2014,Restaurant - Burgers,-21.19,CA
16910,7/30/2014,Bike Rental,-27.29,CA
16910,7/30/2014,Restaurant - Chinese,-2.14,CA
16910,7/30/2014,NFL Ticket - Chargers,-91.37,CA
16910,8/2/2014,Paycheck,4219,CA
16910,8/2/2014,Housing Rent,-894,CA
16910,8/2/2014,Credit Card Payment,-154,CA
16910,8/2/2014,NFL Ticket - Chargers,-17.9,CA
16910,8/2/2014,Amazon Order - Athletic Equipment,-84.1,CA
16910,8/3/2014,Amazon Order - Athletic Equipment,-15.9,CA
16910,8/3/2014,Sam's Sporting Apparel,-20.77,CA
16910,8/4/2014,Public Transportation - Train Pass,-35.48,CA
16910,8/4/2014,Bike Rental,-6.46,CA
16910,8/5/2014,Restaurant - Steakhouse,-23.63,CA
16910,8/5/2014,GNC,-0.94,CA
16910,8/6/2014,Vitamin Shoppe,-15.27,CA
16910,8/7/2014,NBA Ticket - Lakers,-2.71,CA
16910,8/7/2014,Bike Rental,-30.21,CA
16910,8/7/2014,Vitamin Shoppe,-31.71,CA
16910,8/7/2014,Athletic Apparel,-21.99,CA
16910,8/7/2014,Von's Groceries,-15.47,CA
16910,8/7/2014,Food Delivery - GrubHub,-38.34,CA
16910,8/7/2014,NFL Ticket - Chargers,-26.18,CA
16910,8/7/2014,Uber,-22.85,CA
16910,8/8/2014,Bike Rental,-28.62,CA
16910,8/8/2014,NFL Ticket - Chargers,-35.78,CA
16910,8/8/2014,Bike Rental,-23.36,CA
16910,8/8/2014,Ralph's Grocery Store,-36.21,CA
16910,8/8/2014,NBA Ticket - Lakers,-39.99,CA
16910,8/8/2014,Amazon Order - Athletic Equipment,-5.1,CA
16910,8/8/2014,Lyft,-2.33,CA
16910,8/8/2014,Taxi,-30.23,CA
16910,8/9/2014,Von's Groceries,-11.09,CA
16910,8/10/2014,Bike Rental,-26.2,CA
16910,8/10/2014,Dick's Sporting Goods,-12.03,CA
16910,8/10/2014,GNC,-31.93,CA
16910,8/10/2014,Uber,-34.31,CA
16910,8/10/2014,Vitamin Shoppe,-21.23,CA
16910,8/11/2014,Taxi,-88.57,CA
16910,8/11/2014,Dick's Sporting Goods,-31.76,CA
16910,8/12/2014,Restaurant - Steakhouse,-107.32,CA
16910,8/13/2014,Bike Rental,-25.12,CA
16910,8/14/2014,Public Transportation - Bus Pass,-27.73,CA
16910,8/14/2014,Sam's Sporting Apparel,-11.2,CA
16910,8/14/2014,Dick's Sporting Goods,-25.81,CA
16910,8/15/2014,Taxi,-19.84,CA
16910,8/15/2014,Public Transportation - Bus Pass,-74.74,CA
16910,8/15/2014,Dick's Sporting Goods,-21.9,CA
16910,8/16/2014,Von's Groceries,-5.25,CA
16910,8/16/2014,Uber,-27.78,CA
16910,8/17/2014,Taxi,-34.97,CA
16910,8/18/2014,Athletic Apparel,-72.95,CA
16910,8/18/2014,Starbucks Coffee,-4.08,CA
16910,8/18/2014,Whole Foods,-90.67,CA
16910,8/19/2014,Amazon Order - Athletic Equipment,-11.84,CA
16910,8/19/2014,Taxi,-28.93,CA
16910,8/19/2014,NFL Ticket - Chargers,-29.77,CA
16910,8/19/2014,Amazon Order - Athletic Equipment,-7.02,CA
16910,8/19/2014,Restaurant - Steakhouse,-11.28,CA
16910,8/20/2014,Restaurant - Pizza,-28.35,CA
16910,8/21/2014,Starbucks Coffee,-34.07,CA
16910,8/21/2014,Public Transportation - Train Pass,-12.81,CA
16910,8/22/2014,Dick's Sporting Goods,-114.21,CA
16910,8/22/2014,Athletic Apparel,-33.43,CA
16910,8/23/2014,Sam's Sporting Apparel,-35.05,CA
16910,8/23/2014,Lyft,-5.81,CA
16910,8/23/2014,Public Transportation - Train Pass,-6.4,CA
16910,8/24/2014,Public Transportation - Bus Pass,-36.37,CA
16910,8/24/2014,Restaurant - Burgers,-33.41,CA
16910,8/24/2014,NFL Ticket - Chargers,-17.85,CA
16910,8/24/2014,GNC,-11.19,CA
16910,8/24/2014,Food Delivery - GrubHub,-106.46,CA
16910,8/24/2014,Restaurant - Chinese,-27.58,CA
16910,8/25/2014,NFL Ticket - Chargers,-20.73,CA
16910,8/25/2014,Vitamin Shoppe,-18.63,CA
16910,8/26/2014,Restaurant - Burgers,-2.88,CA
16910,8/26/2014,GNC,-21.81,CA
16910,8/26/2014,Von's Groceries,-31.27,CA
16910,8/26/2014,Bike Rental,-86.12,CA
16910,8/27/2014,GNC,-23.34,CA
16910,8/27/2014,Public Transportation - Train Pass,-20.75,CA
16910,8/28/2014,Dick's Sporting Goods,-38.52,CA
16910,8/28/2014,Public Transportation - Train Pass,-39.82,CA
16910,8/28/2014,Bike Rental,-37.39,CA
16910,8/28/2014,Sam's Sporting Apparel,-1.09,CA
16910,8/28/2014,NFL Ticket - Chargers,-94.08,CA
16910,8/28/2014,Lyft,-53.59,CA
16910,8/28/2014,Total Gym Fees,-39.93,CA
16910,8/28/2014,GNC,-4.98,CA
16910,8/28/2014,Whole Foods,-16.76,CA
16910,8/28/2014,Uber,-5.32,CA
16910,8/28/2014,Bike Rental,-105.31,CA
16910,8/28/2014,Bike Rental,-75.71,CA
16910,8/28/2014,Sam's Sporting Apparel,-37.48,CA
16910,8/28/2014,Amazon Order - Athletic Equipment,-20.62,CA
16910,8/28/2014,Public Transportation - Bus Pass,-0.28,CA
16910,8/29/2014,Taxi,-20.2,CA
16910,8/29/2014,GNC,-34.32,CA
16910,8/30/2014,NFL Ticket - Chargers,-33.64,CA
16910,8/30/2014,Athletic Apparel,-9.77,CA
16910,8/30/2014,Total Gym Fees,-34.27,CA
16910,8/30/2014,NBA Ticket - Lakers,-32.26,CA
16910,9/2/2014,Paycheck,4219,CA
16910,9/2/2014,Housing Rent,-760,CA
16910,9/2/2014,Credit Card Payment,-154,CA
16910,9/2/2014,Restaurant - Pizza,-3.29,CA
16910,9/2/2014,Dick's Sporting Goods,-32.88,CA
16910,9/2/2014,Total Gym Fees,-36.21,CA
16910,9/2/2014,Vitamin Shoppe,-16.59,CA
16910,9/3/2014,Sam's Sporting Apparel,-3.55,CA
16910,9/3/2014,Uber,-23.72,CA
16910,9/3/2014,Public Transportation - Train Pass,-95,CA
16910,9/4/2014,Taxi,-7.81,CA
16910,9/4/2014,Amazon Order - Athletic Equipment,-10.1,CA
16910,9/4/2014,NBA Ticket - Lakers,-37.24,CA
16910,9/4/2014,Lyft,-29.07,CA
16910,9/5/2014,Athletic Apparel,-36.5,CA
16910,9/5/2014,Bike Rental,-25.37,CA
16910,9/6/2014,Sam's Sporting Apparel,-38.74,CA
16910,9/7/2014,Bike Rental,-73.86,CA
16910,9/7/2014,Athletic Apparel,-39.41,CA
16910,9/7/2014,Amazon Order - Athletic Equipment,-7.46,CA
16910,9/8/2014,GNC,-22.17,CA
16910,9/9/2014,Ralph's Grocery Store,-24.13,CA
16910,9/10/2014,Athletic Apparel,-25.72,CA
16910,9/10/2014,Sam's Sporting Apparel,-36.93,CA
16910,9/10/2014,NBA Ticket - Lakers,-30.31,CA
16910,9/10/2014,Total Gym Fees,-22.46,CA
16910,9/10/2014,GNC,-107.38,CA
16910,9/10/2014,Sam's Sporting Apparel,-14.92,CA
16910,9/10/2014,Sam's Sporting Apparel,-9.07,CA
16910,9/10/2014,Public Transportation - Bus Pass,-30.81,CA
16910,9/10/2014,Sprouts Market,-72.95,CA
16910,9/10/2014,Starbucks Coffee,-27.78,CA
16910,9/11/2014,Restaurant - Pizza,-18.82,CA
16910,9/11/2014,NFL Ticket - Chargers,-22.15,CA
16910,9/11/2014,Ralph's Grocery Store,-26.24,CA
16910,9/11/2014,Total Gym Fees,-27.56,CA
16910,9/12/2014,GNC,-101.75,CA
16910,9/13/2014,NFL Ticket - Chargers,-42.26,CA
16910,9/14/2014,Athletic Apparel,-38.55,CA
16910,9/14/2014,NFL Ticket - Chargers,-27.78,CA
16910,9/14/2014,Uber,-8.86,CA
16910,9/14/2014,NFL Ticket - Chargers,-4.64,CA
16910,9/14/2014,NFL Ticket - Chargers,-58.15,CA
16910,9/14/2014,Bike Rental,-11.7,CA
16910,9/14/2014,NBA Ticket - Lakers,-17.14,CA
16910,9/14/2014,Ralph's Grocery Store,-7,CA
16910,9/15/2014,Bike Rental,-13.8,CA
16910,9/15/2014,Food Delivery - GrubHub,-16.15,CA
16910,9/15/2014,Sam's Sporting Apparel,-36.99,CA
16910,9/16/2014,Sam's Sporting Apparel,-25.18,CA
16910,9/17/2014,Restaurant - Burgers,-10.89,CA
16910,9/17/2014,Vitamin Shoppe,-2.77,CA
16910,9/17/2014,Starbucks Coffee,-37.9,CA
16910,9/17/2014,Whole Foods,-32.04,CA
16910,9/17/2014,Bike Rental,-17.3,CA
16910,9/17/2014,Dick's Sporting Goods,-28.73,CA
16910,9/17/2014,NBA Ticket - Lakers,-0.48,CA
16910,9/17/2014,Restaurant - Chinese,-37.49,CA
16910,9/18/2014,Bike Rental,-25.54,CA
16910,9/19/2014,NBA Ticket - Lakers,-10.92,CA
16910,9/19/2014,Uber,-14.48,CA
16910,9/19/2014,NFL Ticket - Chargers,-37.92,CA
16910,9/19/2014,Dick's Sporting Goods,-12.19,CA
16910,9/20/2014,GNC,-16.36,CA
16910,9/20/2014,NFL Ticket - Chargers,-94.72,CA
16910,9/20/2014,NFL Ticket - Chargers,-18.8,CA
16910,9/21/2014,Uber,-117.14,CA
16910,9/22/2014,Restaurant - Burgers,-13.51,CA
16910,9/23/2014,Sprouts Market,-6.53,CA
16910,9/23/2014,NBA Ticket - Lakers,-54.23,CA
16910,9/23/2014,Restaurant - Steakhouse,-79.49,CA
16910,9/23/2014,Uber,-21.4,CA
16910,9/23/2014,Sam's Sporting Apparel,-33.11,CA
16910,9/23/2014,Restaurant - Chinese,-12.59,CA
16910,9/24/2014,NFL Ticket - Chargers,-17.29,CA
16910,9/24/2014,GNC,-12.91,CA
16910,9/24/2014,Restaurant - Burgers,-9.78,CA
16910,9/24/2014,Restaurant - Pizza,-30.74,CA
16910,9/24/2014,Amazon Order - Athletic Equipment,-2.1,CA
16910,9/24/2014,Ralph's Grocery Store,-24.23,CA
16910,9/25/2014,GNC,-4.89,CA
16910,9/25/2014,Athletic Apparel,-24.35,CA
16910,9/25/2014,NFL Ticket - Chargers,-25.72,CA
16910,9/25/2014,Total Gym Fees,-26.75,CA
16910,9/26/2014,Vitamin Shoppe,-26.77,CA
16910,9/27/2014,Ralph's Grocery Store,-13.18,CA
16910,9/27/2014,Public Transportation - Bus Pass,-70.61,CA
16910,9/27/2014,Amazon Order - Athletic Equipment,-31.65,CA
16910,9/28/2014,Lyft,-23.37,CA
16910,9/29/2014,GNC,-31.88,CA
16910,9/29/2014,Sam's Sporting Apparel,-23.4,CA
16910,9/29/2014,Public Transportation - Bus Pass,-27.51,CA
16910,9/29/2014,NBA Ticket - Lakers,-27.07,CA
16910,9/29/2014,Dick's Sporting Goods,-3.94,CA
16910,9/29/2014,Vitamin Shoppe,-0.98,CA
16910,9/30/2014,Von's Groceries,-26.37,CA
16910,10/2/2014,Paycheck,4219,CA
16910,10/2/2014,Housing Rent,-1282,CA
16910,10/2/2014,Credit Card Payment,-154,CA
16910,10/2/2014,Public Transportation - Bus Pass,-28.39,CA
16910,10/3/2014,Dick's Sporting Goods,-21.42,CA
16910,10/3/2014,Dick's Sporting Goods,-11.57,CA
16910,10/3/2014,Amazon Order - Athletic Equipment,-22.38,CA
16910,10/3/2014,Starbucks Coffee,-117.53,CA
16910,10/4/2014,NFL Ticket - Chargers,-76.25,CA
16910,10/5/2014,GNC,-17.71,CA
16910,10/6/2014,Athletic Apparel,-16.5,CA
16910,10/6/2014,GNC,-29.86,CA
16910,10/6/2014,NBA Ticket - Lakers,-0.69,CA
16910,10/6/2014,Athletic Apparel,-5.17,CA
16910,10/6/2014,Athletic Apparel,-30.02,CA
16910,10/7/2014,Total Gym Fees,-31.36,CA
16910,10/7/2014,Public Transportation - Bus Pass,-32.18,CA
16910,10/7/2014,Vitamin Shoppe,-112.49,CA
16910,10/8/2014,NFL Ticket - Chargers,-16.85,CA
16910,10/9/2014,GNC,-30.16,CA
16910,10/9/2014,NFL Ticket - Chargers,-15.26,CA
16910,10/10/2014,Athletic Apparel,-26.7,CA
16910,10/10/2014,Sam's Sporting Apparel,-29.86,CA
16910,10/11/2014,Lyft,-22.88,CA
16910,10/11/2014,GNC,-7.73,CA
16910,10/11/2014,Sprouts Market,-21.59,CA
16910,10/12/2014,Restaurant - Burgers,-68.54,CA
16910,10/12/2014,NBA Ticket - Lakers,-66.5,CA
16910,10/13/2014,Taxi,-35.1,CA
16910,10/13/2014,NBA Ticket - Lakers,-20.09,CA
16910,10/13/2014,Amazon Order - Athletic Equipment,-16.34,CA
16910,10/13/2014,Restaurant - Burgers,-21.9,CA
16910,10/13/2014,Athletic Apparel,-35.32,CA
16910,10/13/2014,Public Transportation - Train Pass,-50.96,CA
16910,10/13/2014,Restaurant - Burgers,-7.61,CA
16910,10/13/2014,Restaurant - Chinese,-22.54,CA
16910,10/13/2014,Sam's Sporting Apparel,-26.09,CA
16910,10/13/2014,Amazon Order - Athletic Equipment,-30.11,CA
16910,10/13/2014,Food Delivery - GrubHub,-23.31,CA
16910,10/13/2014,Athletic Apparel,-15.66,CA
16910,10/13/2014,Athletic Apparel,-0.39,CA
16910,10/13/2014,Total Gym Fees,-34.14,CA
16910,10/13/2014,Restaurant - Chinese,-3.15,CA
16910,10/13/2014,Amazon Order - Athletic Equipment,-14.74,CA
16910,10/13/2014,Dick's Sporting Goods,-35.08,CA
16910,10/14/2014,Restaurant - Burgers,-39.76,CA
16910,10/14/2014,Sam's Sporting Apparel,-11.28,CA
16910,10/14/2014,Public Transportation - Train Pass,-18.25,CA
16910,10/14/2014,Dick's Sporting Goods,-3.39,CA
16910,10/14/2014,Athletic Apparel,-19.8,CA
16910,10/14/2014,Bike Rental,-22.29,CA
16910,10/15/2014,Ralph's Grocery Store,-8.33,CA
16910,10/16/2014,Total Gym Fees,-30.37,CA
16910,10/17/2014,Taxi,-7.42,CA
16910,10/17/2014,Uber,-39.97,CA
16910,10/17/2014,Taxi,-2.38,CA
16910,10/17/2014,Athletic Apparel,-0.14,CA
16910,10/17/2014,Total Gym Fees,-4.93,CA
16910,10/17/2014,Lyft,-9.04,CA
16910,10/17/2014,Sam's Sporting Apparel,-4.83,CA
16910,10/18/2014,Lyft,-21.45,CA
16910,10/18/2014,Lyft,-37.42,CA
16910,10/18/2014,Athletic Apparel,-24.94,CA
16910,10/19/2014,Bike Rental,-10.57,CA
16910,10/20/2014,Public Transportation - Train Pass,-13.81,CA
16910,10/20/2014,Sam's Sporting Apparel,-22.49,CA
16910,10/20/2014,Restaurant - Burgers,-37.56,CA
16910,10/20/2014,Von's Groceries,-0.04,CA
16910,10/21/2014,Uber,-39.06,CA
16910,10/21/2014,Sam's Sporting Apparel,-15.84,CA
16910,10/21/2014,NFL Ticket - Chargers,-35.07,CA
16910,10/21/2014,Restaurant - Steakhouse,-18.05,CA
16910,10/22/2014,Uber,-63.35,CA
16910,10/22/2014,Starbucks Coffee,-24.77,CA
16910,10/23/2014,Sam's Sporting Apparel,-26.2,CA
16910,10/23/2014,Vitamin Shoppe,-39.65,CA
16910,10/24/2014,Sam's Sporting Apparel,-24.23,CA
16910,10/24/2014,Total Gym Fees,-14.89,CA
16910,10/24/2014,Public Transportation - Train Pass,-115.33,CA
16910,10/24/2014,Restaurant - Burgers,-6.35,CA
16910,10/25/2014,Food Delivery - GrubHub,-33.5,CA
16910,10/25/2014,Total Gym Fees,-7.38,CA
16910,10/26/2014,NFL Ticket - Chargers,-37.54,CA
16910,10/26/2014,Amazon Order - Athletic Equipment,-22.94,CA
16910,10/26/2014,Uber,-20.55,CA
16910,10/26/2014,Athletic Apparel,-33.65,CA
16910,10/26/2014,Restaurant - Chinese,-23.75,CA
16910,10/27/2014,Total Gym Fees,-49.46,CA
16910,10/27/2014,NFL Ticket - Chargers,-23.38,CA
16910,10/27/2014,Athletic Apparel,-56.23,CA
16910,10/28/2014,Bike Rental,-11.49,CA
16910,10/29/2014,Starbucks Coffee,-18.61,CA
16910,10/29/2014,Starbucks Coffee,-14.45,CA
16910,10/30/2014,Restaurant - Burgers,-26.64,CA
16910,11/2/2014,Paycheck,4219,CA
16910,11/2/2014,Housing Rent,-1360,CA
16910,11/2/2014,Credit Card Payment,-154,CA
16910,11/2/2014,Amazon Order - Athletic Equipment,-33.51,CA
16910,11/3/2014,Restaurant - Chinese,-30.44,CA
16910,11/4/2014,Sam's Sporting Apparel,-16.7,CA
16910,11/4/2014,Lyft,-7.72,CA
16910,11/5/2014,GNC,-12.18,CA
16910,11/6/2014,NFL Ticket - Chargers,-11.44,CA
16910,11/7/2014,Vitamin Shoppe,-11.11,CA
16910,11/8/2014,NBA Ticket - Lakers,-29.42,CA
16910,11/9/2014,Ralph's Grocery Store,-27.58,CA
16910,11/9/2014,Ralph's Grocery Store,-31.67,CA
16910,11/9/2014,GNC,-0.42,CA
16910,11/10/2014,Public Transportation - Bus Pass,-21.45,CA
16910,11/10/2014,Total Gym Fees,-117.26,CA
16910,11/10/2014,Food Delivery - GrubHub,-6.05,CA
16910,11/10/2014,Uber,-34.24,CA
16910,11/11/2014,Von's Groceries,-4,CA
16910,11/12/2014,Public Transportation - Bus Pass,-9.79,CA
16910,11/13/2014,NFL Ticket - Chargers,-80.15,CA
16910,11/13/2014,Vitamin Shoppe,-19.65,CA
16910,11/14/2014,Uber,-35.78,CA
16910,11/14/2014,Bike Rental,-2.76,CA
16910,11/15/2014,GNC,-22.79,CA
16910,11/15/2014,Taxi,-31.13,CA
16910,11/16/2014,NFL Ticket - Chargers,-25.42,CA
16910,11/16/2014,Lyft,-30.22,CA
16910,11/17/2014,Vitamin Shoppe,-34.43,CA
16910,11/18/2014,Lyft,-13.12,CA
16910,11/18/2014,Sam's Sporting Apparel,-38.76,CA
16910,11/18/2014,Food Delivery - GrubHub,-104.44,CA
16910,11/18/2014,NFL Ticket - Chargers,-109.39,CA
16910,11/19/2014,Starbucks Coffee,-53.5,CA
16910,11/19/2014,Sam's Sporting Apparel,-24.74,CA
16910,11/19/2014,Sam's Sporting Apparel,-20.05,CA
16910,11/19/2014,Public Transportation - Train Pass,-31.69,CA
16910,11/19/2014,Starbucks Coffee,-34.97,CA
16910,11/19/2014,Uber,-20,CA
16910,11/19/2014,NFL Ticket - Chargers,-28.99,CA
16910,11/19/2014,Total Gym Fees,-111.49,CA
16910,11/19/2014,NFL Ticket - Chargers,-112.59,CA
16910,11/19/2014,Restaurant - Steakhouse,-1.03,CA
16910,11/19/2014,Total Gym Fees,-7.11,CA
16910,11/19/2014,NBA Ticket - Lakers,-81.13,CA
16910,11/20/2014,Bike Rental,-21.86,CA
16910,11/20/2014,NFL Ticket - Chargers,-33.73,CA
16910,11/21/2014,Uber,-21.38,CA
16910,11/22/2014,Lyft,-119.6,CA
16910,11/22/2014,GNC,-2.96,CA
16910,11/23/2014,NBA Ticket - Lakers,-35.2,CA
16910,11/23/2014,Amazon Order - Athletic Equipment,-21.25,CA
16910,11/24/2014,Dick's Sporting Goods,-2.03,CA
16910,11/24/2014,Food Delivery - GrubHub,-87.13,CA
16910,11/24/2014,Amazon Order - Athletic Equipment,-7.74,CA
16910,11/24/2014,Uber,-86.8,CA
16910,11/24/2014,Ralph's Grocery Store,-25.26,CA
16910,11/24/2014,Restaurant - Pizza,-0.48,CA
16910,11/24/2014,Bike Rental,-21,CA
16910,11/24/2014,NBA Ticket - Lakers,-8.77,CA
16910,11/25/2014,Sam's Sporting Apparel,-100.6,CA
16910,11/25/2014,Athletic Apparel,-12.59,CA
16910,11/25/2014,NFL Ticket - Chargers,-68.6,CA
16910,11/26/2014,Restaurant - Burgers,-14.59,CA
16910,11/26/2014,Bike Rental,-88.74,CA
16910,11/27/2014,Sam's Sporting Apparel,-3.28,CA
16910,11/27/2014,Vitamin Shoppe,-113.26,CA
16910,11/28/2014,Sam's Sporting Apparel,-31.87,CA
16910,11/29/2014,Restaurant - Steakhouse,-35.31,CA
16910,11/30/2014,Whole Foods,-14.28,CA
16910,11/30/2014,Dick's Sporting Goods,-29.05,CA
16910,12/2/2014,Paycheck,4219,CA
16910,12/2/2014,Housing Rent,-1169,CA
16910,12/2/2014,Credit Card Payment,-154,CA
16910,12/2/2014,Uber,-13.17,CA
16910,12/2/2014,Athletic Apparel,-59.97,CA
16910,12/2/2014,NFL Ticket - Chargers,-72.2,CA
16910,12/3/2014,Athletic Apparel,-12.77,CA
16910,12/4/2014,Amazon Order - Athletic Equipment,-22,CA
16910,12/5/2014,GNC,-32.83,CA
16910,12/5/2014,Dick's Sporting Goods,-28.59,CA
16910,12/6/2014,Bike Rental,-16.04,CA
16910,12/7/2014,Dick's Sporting Goods,-39.36,CA
16910,12/7/2014,Dick's Sporting Goods,-114.41,CA
16910,12/7/2014,Sprouts Market,-21.15,CA
16910,12/8/2014,Taxi,-1.63,CA
16910,12/8/2014,Dick's Sporting Goods,-75.77,CA
16910,12/8/2014,Vitamin Shoppe,-0.67,CA
16910,12/8/2014,Dick's Sporting Goods,-104.89,CA
16910,12/9/2014,Starbucks Coffee,-28.95,CA
16910,12/9/2014,Vitamin Shoppe,-2.03,CA
16910,12/10/2014,Lyft,-14.11,CA
16910,12/11/2014,Uber,-11.41,CA
16910,12/11/2014,NBA Ticket - Lakers,-26.03,CA
16910,12/11/2014,Sam's Sporting Apparel,-14.92,CA
16910,12/11/2014,Sam's Sporting Apparel,-4.89,CA
16910,12/12/2014,Ralph's Grocery Store,-38.3,CA
16910,12/13/2014,Dick's Sporting Goods,-17.25,CA
16910,12/14/2014,Whole Foods,-44.9,CA
16910,12/14/2014,Von's Groceries,-10.91,CA
16910,12/14/2014,Vitamin Shoppe,-47.4,CA
16910,12/15/2014,Vitamin Shoppe,-11.51,CA
16910,12/15/2014,Amazon Order - Athletic Equipment,-34.37,CA
16910,12/15/2014,Uber,-56.69,CA
16910,12/15/2014,Taxi,-31.24,CA
16910,12/15/2014,Ralph's Grocery Store,-29.86,CA
16910,12/15/2014,Restaurant - Pizza,-37.72,CA
16910,12/15/2014,Athletic Apparel,-74.77,CA
16910,12/15/2014,NBA Ticket - Lakers,-30.49,CA
16910,12/16/2014,Kay Jewelry,-15.65,CA
16910,12/16/2014,Wedding Planner,-28.16,CA
16910,12/16/2014,Southwest Flights - Cancun,-29.86,CA
16910,12/16/2014,Cancun Beach Resort,-21.38,CA
16910,12/16/2014,Public Transportation - Train Pass,-9.6,CA
16910,12/16/2014,Sam's Sporting Apparel,-26.5,CA
16910,12/16/2014,Athletic Apparel,-62.79,CA
16910,12/16/2014,Uber,-13.91,CA
16910,12/16/2014,Athletic Apparel,-25.44,CA
16910,12/16/2014,Whole Foods,-5,CA
16910,12/16/2014,NBA Ticket - Lakers,-58.39,CA
16910,12/16/2014,Lyft,-13.13,CA
16910,12/16/2014,NFL Ticket - Chargers,-14.51,CA
16910,12/17/2014,NBA Ticket - Lakers,-0.26,CA
16910,12/18/2014,Uber,-16.22,CA
16910,12/19/2014,Dick's Sporting Goods,-16.64,CA
16910,12/19/2014,Restaurant - Pizza,-32.29,CA
16910,12/20/2014,GNC,-30.43,CA
16910,12/20/2014,Dick's Sporting Goods,-2.1,CA
16910,12/20/2014,Sam's Sporting Apparel,-38.29,CA
16910,12/20/2014,Public Transportation - Bus Pass,-14.06,CA
16910,12/20/2014,Restaurant - Chinese,-25.46,CA
16910,12/20/2014,Starbucks Coffee,-39.2,CA
16910,12/21/2014,Bike Rental,-24.21,CA
16910,12/21/2014,Bike Rental,-5.5,CA
16910,12/21/2014,Dick's Sporting Goods,-12.51,CA
16910,12/21/2014,Public Transportation - Bus Pass,-36.77,CA
16910,12/21/2014,Starbucks Coffee,-22.36,CA
16910,12/21/2014,Total Gym Fees,-9.9,CA
16910,12/21/2014,NFL Ticket - Chargers,-23.52,CA
16910,12/21/2014,Restaurant - Chinese,-118,CA
16910,12/21/2014,Athletic Apparel,-18.43,CA
16910,12/21/2014,Public Transportation - Train Pass,-34.66,CA
16910,12/21/2014,Taxi,-0.26,CA
16910,12/21/2014,Athletic Apparel,-33.65,CA
16910,12/22/2014,Taxi,-63.48,CA
16910,12/22/2014,Food Delivery - GrubHub,-39.22,CA
16910,12/22/2014,Food Delivery - GrubHub,-42.4,CA
16910,12/22/2014,NBA Ticket - Lakers,-35.35,CA
16910,12/23/2014,Whole Foods,-17.22,CA
16910,12/23/2014,Total Gym Fees,-42.31,CA
16910,12/24/2014,Starbucks Coffee,-35.72,CA
16910,12/24/2014,NFL Ticket - Chargers,-67.3,CA
16910,12/24/2014,NBA Ticket - Lakers,-19.93,CA
16910,12/24/2014,Public Transportation - Bus Pass,-30.14,CA
16910,12/24/2014,GNC,-13.99,CA
16910,12/24/2014,Amazon Order - Athletic Equipment,-20.33,CA
16910,12/25/2014,GNC,-26.25,CA
16910,12/25/2014,Lyft,-34.54,CA
16910,12/25/2014,Athletic Apparel,-30.86,CA
16910,12/25/2014,Public Transportation - Train Pass,-3.8,CA
16910,12/25/2014,Taxi,-25.6,CA
16910,12/25/2014,Bike Rental,-18.23,CA
16910,12/26/2014,Athletic Apparel,-111.7,CA
16910,12/26/2014,Total Gym Fees,-15.12,CA
16910,12/27/2014,Sam's Sporting Apparel,-85.23,CA
16910,12/28/2014,GNC,-33.36,CA
16910,12/29/2014,Sam's Sporting Apparel,-3.42,CA
16910,12/29/2014,Bike Rental,-9.53,CA
16910,12/30/2014,Dick's Sporting Goods,-19.48,CA
16910,12/30/2014,NFL Ticket - Chargers,-6.65,CA
16910,12/30/2014,Vitamin Shoppe,-38.32,CA
16910,12/30/2014,GNC,-26.83,CA
16910,12/30/2014,Sam's Sporting Apparel,-25.02,CA
16910,12/30/2014,Restaurant - Steakhouse,-9.04,CA
16910,12/32/2014,Taxi,-5.15,CA
